Name,Region,Security,SovHolder,Stats,Gates
Ahtila,Pochven,-1.00,,M 13B 0,Kuharah;Senda
Ala,Pochven,-1.00,,M 13B 0,Vale;Wirashoda
Angymonne,Pochven,-1.00,,M 41B 0,Archee;Ichoriya;Vale
Archee,Pochven,-1.00,,M 38B 0,Angymonne;Vale
Arvasaras,Pochven,-1.00,,M 49B 0,Kaunokka;Sakenta
Harva,Pochven,-1.00,,M 59B 0,Niarja;Raravoss;Tunudan
Ichoriya,Pochven,-1.00,,M 50B 0,Angymonne;Kaunokka
Ignebaener,Pochven,-1.00,,M 9B 0,Komo;Otela
Kaunokka,Pochven,-1.00,,M 5B 0,Arvasaras;Ichoriya
Kino,Pochven,-1.00,,M 73B 0,Nalvula;Otela
Komo,Pochven,-1.00,,M 6B 0,Ignebaener;Sakenta
Konola,Pochven,-1.00,,M 48B 0,Krirald;Nalvula
Krirald,Pochven,-1.00,,M 49B 0,Konola;Otanuomi
Kuharah,Pochven,-1.00,,M 65B 0,Ahtila;Tunudan
Nalvula,Pochven,-1.00,,M 81B 0,Kino;Konola;Otela
Nani,Pochven,-1.00,,M 52B 0,Skarkon;Urhinichi
Niarja,Pochven,-1.00,,M 58B 0,Harva;Raravoss
Otanuomi,Pochven,-1.00,,M 65B 0,Krirald;Urhinichi
Otela,Pochven,-1.00,,M 84B 0,Ignebaener;Kino;Nalvula
Raravoss,Pochven,-1.00,,M 61B 0,Harva;Niarja;Skarkon
Sakenta,Pochven,-1.00,,M 13B 0,Arvasaras;Komo
Senda,Pochven,-1.00,,M 13B 0,Ahtila;Wirashoda
Skarkon,Pochven,-1.00,,M 42B 0,Nani;Raravoss
Tunudan,Pochven,-1.00,,M 56B 0,Harva;Kuharah
Urhinichi,Pochven,-1.00,,M 13B 0,Nani;Otanuomi
Vale,Pochven,-1.00,,M 8B 0,Ala;Angymonne;Archee
Wirashoda,Pochven,-1.00,,M 31B 0,Ala;Senda
0IRK-R,A821-A,-0.01,Jove Empire,M 31B 0,
0Z-VHC,A821-A,-0.02,Jove Empire,M 39B 0,
2-NF2Z,A821-A,-0.03,Jove Empire,M 57B 0,
2RV-06,A821-A,-0.08,Jove Empire,M 29B 0,
3-CE1R,A821-A,-0.02,Jove Empire,M 41B 0,
50-TJY,A821-A,-0.03,Jove Empire,M 46B 0,
5V-YL6,A821-A,-0.03,Jove Empire,M 42B 0,
69A-54,A821-A,-0.03,Jove Empire,M 38B 0,
6-HFD6,A821-A,-0.02,Jove Empire,M 37B 0,
7-8XK0,A821-A,-0.03,Jove Empire,M 32B 0,
7BA-TK,A821-A,-0.01,Jove Empire,M 40B 0,
8U-RZH,A821-A,-0.02,Jove Empire,M 47B 0,
8-UWFS,A821-A,-0.01,Jove Empire,M 75B 0,
90G-OA,A821-A,-0.03,Jove Empire,M 66B 0,
9-BUSQ,A821-A,-0.02,Jove Empire,M 19B 0,
BWO-UU,A821-A,-0.01,Jove Empire,M 40B 0,
B-Y06L,A821-A,-0.07,Jove Empire,M 11B 0,
CLDT-L,A821-A,-0.05,Jove Empire,M 49B 0,
DLY-RG,A821-A,-0.07,Jove Empire,M 15B 0,
DT-7EO,A821-A,-0.03,Jove Empire,M 54B 0,
E-RPGP,A821-A,-0.03,Jove Empire,M 9B 0,
F-KBNV,A821-A,-0.05,Jove Empire,M 44B 0,
FNS3-F,A821-A,-0.02,Jove Empire,M 15B 0,
FR-RCH,A821-A,-0.02,Jove Empire,M 22B 0,
FX-XMW,A821-A,-0.02,Jove Empire,M 31B 0,
G-N6MC,A821-A,-0.02,Jove Empire,M 97B 0,
HHQ-8L,A821-A,-0.03,Jove Empire,M 62B 0,
IAWJ-X,A821-A,-0.02,Jove Empire,M 47B 0,
II-1B3,A821-A,-0.02,Jove Empire,M 19B 0,
JL-P9P,A821-A,-0.11,Jove Empire,M 41B 0,
KER-EU,A821-A,-0.04,Jove Empire,M 56B 0,
LCN-0V,A821-A,-0.03,Jove Empire,M 58B 0,
LQB-TC,A821-A,-0.03,Jove Empire,M 7B 0,
M9-OS2,A821-A,-0.02,Jove Empire,M 1B 0,
NSE-U1,A821-A,-0.02,Jove Empire,M 37B 0,
P3UD-M,A821-A,-0.04,Jove Empire,M 86B 0,
PQWA-L,A821-A,-0.01,Jove Empire,M 25B 0,
QU7-EE,A821-A,-0.02,Jove Empire,M 40B 0,
R79-I7,A821-A,-0.04,Jove Empire,M 12B 0,
SQVI-U,A821-A,-0.03,Jove Empire,M 55B 0,
T-C5A0,A821-A,-0.10,Jove Empire,M 48B 0,
T-YWDD,A821-A,-0.05,Jove Empire,M 78B 0,
UC-X28,A821-A,-0.03,Jove Empire,M 33B 0,
UP-L3Y,A821-A,-0.06,Jove Empire,M 55B 0,
Z-KPAR,A821-A,-0.06,Jove Empire,M 52B 0,
ZV-KZO,A821-A,-0.02,Jove Empire,M 52B 0,
Afrah,Aridia,0.3,Amarr,M 59B 6,Nema;Soliara
Ahraghen,Aridia,0.2,Amarr,M 24B 6,Ajna;Soliara;Tukanas
Ajna,Aridia,0.2,Amarr,M 54B 9,Ahraghen;Sheri;Soliara
Anath,Aridia,0.0,Amarr,M 43B 18,Naga;Rafeme;Sakht
Anohel,Aridia,0.1,Amarr,M 49B 26,Illi;Vaini
Avada,Aridia,0.7,Amarr,M 46B 9,Haimeh;Mishi;Pahineh
Balas,Aridia,0.0,Amarr,M17B2,Ertoo;Hoseen;Yiratal
Bapraya,Aridia,0.3,Amarr,M 34B 8,Fobiner;Keba;Pserz
Bazadod,Aridia,0.5,Amarr,M 16B 10,Haimeh
Chibi,Aridia,0.5,Amarr,M 54B 4,Haimeh
Defsunun,Aridia,0.1,Amarr,M 34B 7,Efu;Shafrak
Delve,Aridia,-0.90,,,E-VKJV;TN25-J;Y-2ANO
Edilkam,Aridia,0.1,Amarr,M 76B 27,Fihrneh;Yiratal
Efu,Aridia,0.1,Amarr,M 46B 11,Defsunun;Tisot
Ertoo,Aridia,0.1,Amarr,M71B19,Balas;Khnar
Esaeel,Aridia,0.1,Amarr,M 95B 16,Fobiner
Esubara,Aridia,0.2,Amarr,M 35B 13,Ghekon;Yahyerer
Fageras,Aridia,0.1,Amarr,M 22B 3,Soliara
Feshur,Aridia,0.0,Amarr,M 84B 11,Pemsah;Yiratal
Fihrneh,Aridia,0.1,Amarr,M 56B 21,Edilkam;Gesh;Hakatiz;Kamih;Parouz
Fobiner,Aridia,0.2,Amarr,M 68B 21,Bapraya;Esaeel;Huna;Karan;Nouta
Gens,Aridia,0.2,Amarr,M 17B 3,Kamih;Kenahehab;Yehaba
Gesh,Aridia,0.1,Amarr,M 81B 15,Fihrneh;Hoseen
Getrenjesa,Aridia,0.3,Amarr,M 46B 11,Jerhesh;Nalnifan;Zazamye
Ghekon,Aridia,0.4,Amarr,M 61B 10,Esubara;Pserz;Soza;Vaini;Zaveral
Haimeh,Aridia,0.5,Amarr,M 19B 8,Avada;Bazadod;Chibi;Jasson
Hakatiz,Aridia,0.1,Amarr,M 36B 8,Fihrneh;Khnar
Hier,Aridia,0.4,Amarr,M 15B 4,Kamih;Nema;Sadana
Hophib,Aridia,0.0,Amarr,M 45B 15,D4KU-5;Fountain;Karan
Hoseen,Aridia,0.1,Amarr,M 73B 18,Balas;Gesh
Huna,Aridia,0.1,Amarr,M 91B 32,Fobiner;Karan
Illi,Aridia,0.2,Amarr,M 50B 12,Anohel;Soza
Isid,Aridia,0.3,Amarr,M 33B 13,Marmeha;Sadana
Jasson,Aridia,0.3,Amarr,M 64B 20,Haimeh;Kamih;Kenahehab
Jerhesh,Aridia,0.3,Amarr,M 46B 6,Getrenjesa;Nalnifan
Kamih,Aridia,0.2,Amarr,M 65B 5,Fihrneh;Gens;Hier;Jasson
Karan,Aridia,0.0,Amarr,M 46B 12,Fobiner;Hophib;Huna
Keba,Aridia,0.5,Amarr,M 33B 4,Bapraya;Pserz;Zaveral
Kenahehab,Aridia,0.2,Amarr,M 65B 9,Gens;Jasson;Yehaba
Khnar,Aridia,0.1,Amarr,M 31B 6,Ertoo;Hakatiz
Maalna,Aridia,0.3,Amarr,M 33B 9,Maseera;Shakasi
Marmeha,Aridia,0.3,Amarr,M 7B 2,Isid
Maseera,Aridia,0.3,Amarr,M 76B 29,Maalna;Shakasi;Zayi
Mishi,Aridia,0.7,Amarr,M 18B 10,Avada;Pahineh
Naga,Aridia,0.0,Amarr,M 74B 18,Anath;Omigiav;Sakht;Tisot
Nalnifan,Aridia,0.3,Amarr,M 83B 15,Getrenjesa;Jerhesh;Sazilid;Shafrak
Ned,Aridia,0.2,Amarr,M 25B 6,Nouta
Nema,Aridia,0.3,Amarr,M 55B 10,Afrah;Hier;Shenda;Sota
Nielez,Aridia,0.1,Amarr,M 8B 10,Soliara;Tukanas
Nouta,Aridia,0.3,Amarr,M 36B 5,Fobiner;Ned
Omigiav,Aridia,0.2,Amarr,M 44B 6,Naga;Tisot
Onanam,Aridia,0.4,Amarr,M 65B 19,Sadana;Udianoor
Pahineh,Aridia,0.8,Amarr,M 47B 19,Avada;Mishi
Parouz,Aridia,0.1,Amarr,M 65B 5,Fihrneh
Pemsah,Aridia,0.0,Amarr,M 31B 8,Feshur;Yekh;Yiratal
Pserz,Aridia,0.4,Amarr,M 47B 14,Bapraya;Ghekon;Keba;Vaini
Rashagh,Aridia,0.4,Amarr,M 8B 3,Sazilid;Shenda;Sota
Sadana,Aridia,0.4,Amarr,M 26B 6,Hier;Isid;Onanam
Sakht,Aridia,0.0,Amarr,M 15B 2,1-SMEB;Anath;Naga;Tisot
Sazilid,Aridia,0.5,Amarr,M 53B 5,Nalnifan;Rashagh;Shenda
Shafrak,Aridia,0.2,Amarr,M 36B 7,Defsunun;Nalnifan;Zazamye
Shakasi,Aridia,0.3,Amarr,M 58B 18,Maalna;Maseera;Van
Shenda,Aridia,0.5,Amarr,M 48B 23,Nema;Rashagh;Sazilid
Sheri,Aridia,0.1,Amarr,M 20B 6,Ajna;Tukanas
Shirshocin,Aridia,0.3,Amarr,M 15B 10,Agaullores;Yehaba;Zayi
Soliara,Aridia,0.2,Amarr,M 65B 16,Afrah;Ahraghen;Ajna;Fageras;Nielez;Tukanas
Sota,Aridia,0.3,Amarr,M 29B 7,Nema;Rashagh
Soza,Aridia,0.3,Amarr,M 40B 8,Ghekon;Illi
Tisot,Aridia,0.1,Amarr,M 15B 7,Efu;Naga;Omigiav;Sakht
Tukanas,Aridia,0.1,Amarr,M 44B 6,Ahraghen;Nielez;Sheri;Soliara
Udianoor,Aridia,0.4,Amarr,M 51B 8,Onanam;Vehan
Vaini,Aridia,0.2,Amarr,M 3B 4,Anohel;Ghekon;Pserz
Van,Aridia,0.3,Amarr,M 5B 3,Otakod;Shakasi;Zayi
Vehan,Aridia,0.4,Amarr,M 65B 7,Udianoor;Zinkon
Yahyerer,Aridia,0.2,Amarr,M 48B 14,Esubara;Zazamye
Yehaba,Aridia,0.2,Amarr,M 19B 7,Gens;Kenahehab;Shirshocin
Yekh,Aridia,0.0,Amarr,M 53B 10,Pemsah
Yiratal,Aridia,0.0,Amarr,M 10B 2,Balas;Edilkam;Feshur;Pemsah
Zaveral,Aridia,0.6,Amarr,M 23B 8,Ghekon;Keba
Zayi,Aridia,0.3,Amarr,M 37B 8,Maseera;Shirshocin;Van
Zazamye,Aridia,0.2,Amarr,M 46B 6,Getrenjesa;Shafrak;Yahyerer
Aivonen,Black Rise,0.4,Caldari,M 5B 6,Akidagi;Pavanakka
Akidagi,Black Rise,0.4,Caldari,M 15B 3,Aivonen;Enaluri;Nennamaila
Asakai,Black Rise,0.3,Caldari,M 53B 14,Elunala;Ikoskio;Mushikegi;Okkamon;Prism;Vaaralen
Ashitsu,Black Rise,0.3,Caldari,M 11B 12,Hykanima;Ienakkamon;Kehjari
Astoh,Black Rise,0.6,Caldari,M 42B 9,Tsuruma;Uuhulanen
Eha,Black Rise,0.4,Caldari,M 29B 12,Innia;Martoh;Oicx
Elunala,Black Rise,0.3,Caldari,M 43B 14,Asakai;Prism
Enaluri,Black Rise,0.3,Caldari,M 99B 17,Akidagi;Hallanen;Nennamaila
Hallanen,Black Rise,0.4,Caldari,M 59B 12,Enaluri;Hikkoken
Hikkoken,Black Rise,0.3,Caldari,M 46B 19,Hallanen;Immuri;Nennamaila;Pynekastoh
Hirri,Black Rise,0.3,Caldari,M 22B 4,Kedama;Nisuwa;Pynekastoh
Hykanima,Black Rise,0.2,Caldari,M 40B 7,Ashitsu;Sarenemi;Villasen
Ienakkamon,Black Rise,0.1,Caldari,M 41B 7,Ashitsu;Okagaiken
Ikoskio,Black Rise,0.3,Caldari,M 15B 6,Asakai;Prism;Samanuni
Immuri,Black Rise,0.4,Caldari,M 34B 5,Hikkoken;Nennamaila
Innia,Black Rise,0.3,Caldari,M 41B 0,Eha;Kinakka;Martoh;Pavanakka
Iralaja,Black Rise,0.3,Caldari,M 46B 10,Martoh;Raihbaka
Iwisoda,Black Rise,0.2,Caldari,M 51B 3,Rakapas
Kedama,Black Rise,0.3,Caldari,M 65B 13,Hirri;Nisuwa;Reitsato;Tama;Teimo
Kehjari,Black Rise,0.2,Caldari,M 21B 1,Ashitsu;Martoh;Villasen
Kinakka,Black Rise,0.4,Caldari,M 6B 3,Innia;Martoh;Onnamon;Raihbaka
Korasen,Black Rise,0.1,Caldari,M 44B 5,Villasen
Martoh,Black Rise,0.4,Caldari,M 37B 9,Eha;Innia;Iralaja;Kehjari;Kinakka
Mushikegi,Black Rise,0.4,Caldari,M 26B 4,Asakai;Manjonakko;Okkamon;Vaaralen
Nennamaila,Black Rise,0.3,Gallente,M 54B 14,Akidagi;Aldranette;Enaluri;Hikkoken;Immuri
Nisuwa,Black Rise,0.3,Caldari,M 41B 7,Hirri;Kedama;Notoras;Oinasiken
Notoras,Black Rise,0.2,Caldari,M 28B 8,Nisuwa
Oinasiken,Black Rise,0.2,Caldari,M 15B 6,Abune;Nisuwa;Pynekastoh
Okagaiken,Black Rise,0.1,Caldari,M 3B 6,Ienakkamon;Villasen;W-4NUU
Okkamon,Black Rise,0.3,Caldari,M 47B 19,Asakai;Mushikegi;Reitsato
Onnamon,Black Rise,0.6,Caldari,M 61B 10,Kinakka;Piak;Rohamaa;Tsuruma;Uuhulanen
Pavanakka,Black Rise,0.4,Caldari,M 40B 8,Aivonen;Innia
Prism,Black Rise,0.2,Caldari,M 54B 20,Asakai;Elunala;Ikoskio
Pynekastoh,Black Rise,0.2,Caldari,M 15B 2,Hikkoken;Hirri;Oinasiken;Rakapas
Raihbaka,Black Rise,0.4,Caldari,M 51B 5,Iralaja;Kinakka;Ohbochi
Rakapas,Black Rise,0.2,Caldari,M 31B 2,Iwisoda;Pynekastoh;Reitsato
Reitsato,Black Rise,0.2,Caldari,M 67B 16,Kedama;Okkamon;Rakapas
Rohamaa,Black Rise,0.5,Caldari,M 18B 7,Onnamon;Uchomida
Samanuni,Black Rise,0.7,Caldari,M 24B 8,Athounon;Ikoskio;Uchomida;Uuhulanen
Sarenemi,Black Rise,0.2,Caldari,M 58B 14,Hykanima;Karjataimon;Lonetrek
Teimo,Black Rise,0.3,Caldari,M 58B 4,Kedama
Teskanen,Black Rise,0.3,Caldari,M 63B 17,Vaaralen
Tsuruma,Black Rise,0.5,Caldari,M 30B 5,Astoh;Onnamon
Uchomida,Black Rise,0.5,Caldari,M 43B 13,Rohamaa;Samanuni
Uuhulanen,Black Rise,0.5,Caldari,M 50B 10,Astoh;Onnamon;Samanuni
Vaaralen,Black Rise,0.3,Caldari,M 16B 4,Asakai;Mushikegi;Teskanen
Villasen,Black Rise,0.1,Caldari,M 63B 26,Hykanima;Kehjari;Korasen;Okagaiken
0P9Z-I,Branch,-0.37,NC (3),M 32B 5,Q-FEEJ;Z-K495
1G-MJE,Branch,-0.78,NC (3),M 8B 6,C-LP3N;RO90-H;WO-AIJ
1IX-C0,Branch,-0.97,NC (3),M 33B 16,W-4FA9;Y-1918
2B7A-3,Branch,-0.54,NC (3),M 12B 7,3F-JZF
313I-B,Branch,-0.45,NC (3),M 22B 7,J9-5MQ
3F-JZF,Branch,-0.65,NC (3),M 13B 3,2B7A-3;5-0WB9;C-4ZOS;W-4FA9
3KNA-N,Branch,-0.49,FRT (5),M 58B 10,ME-4IU
3-N3OO,Branch,-0.32,SYN (3),M 41B 23,4-BE0M;CS-ZGD;ZIU-EP
3-TD6L,Branch,-0.10,FRT (5),M 45B 14,CX-1XF;NLPB-0;Q-NJZ4;R4O-I6
4-48K1,Branch,-0.45,NC (3),M 62B 12,EWN-2U;NTV0-1
4-BE0M,Branch,-0.36,SYN (3),M 30B 9,3-N3OO;A-G1FM;P7Z-R3
4DTQ-K,Branch,-0.43,NC (3),M 38B 9,B8O-KJ;EQI2-2;J9-5MQ
5-0WB9,Branch,-0.78,NC (3),M 13B 3,3F-JZF
52G-NZ,Branch,-0.79,NC (3),M 31B 6,5LJ-MD;6-O5GY;KV-8SN;QCWA-Z
5LJ-MD,Branch,-0.70,NC (3),M 28B 9,52G-NZ;B8O-KJ;QCWA-Z
5-P1Y2,Branch,-0.53,FRT (5),M 39B 13,J52-BH;KMQ4-V
6-O5GY,Branch,-0.82,NC (3),M 37B 10,52G-NZ
8-4GQM,Branch,-0.61,NC (3),M 54B 16,BKG-Q2;LRWD-B;T-Q2DD
9-B1DS,Branch,-0.49,FRT (5),M 59B 18,CH9L-K;KJ-QWL;ME-4IU
9F-7PZ,Branch,-0.58,NC (3),M 27B 14,C-LP3N
A-G1FM,Branch,-0.43,SYN (3),M46B9,4-BE0M;CS-ZGD;I-7RIS;P7Z-R3;ZIU-EP
AH-B84,Branch,-0.53,SYN (5),M 64B 11,HB7R-F;J7YR-1;JTAU-5
B8O-KJ,Branch,-0.57,NC (3),M 44B 1,4DTQ-K;5LJ-MD;UB-UQZ;XM-4L0
B-GC1T,Branch,-0.90,SYN (5),M 43B 9,O-JPKH
BKG-Q2,Branch,-0.67,NC (3),M 65B 11,8-4GQM;LXWN-W;S-B7IT;X4UV-Z;Z-K495
BU-IU4,Branch,-0.87,FRT (5),M 14B 1,ME-4IU;QYZM-W
BWI1-9,Branch,-0.24,FRT (5),M 56B 16,C-LBQS;KL3O-J
C-4ZOS,Branch,-0.65,NC (3),M 44B 7,3F-JZF;K-8SQS;M-HU4V;NEH-CS
CH9L-K,Branch,-0.55,FRT (5),M 35B 7,9-B1DS;I-7JR4;Q1U-IU
C-HCGU,Branch,-0.40,NC (3),M 58B 15,NTV0-1;Q-FEEJ;XW-2XP
C-LBQS,Branch,-0.35,FRT (5),M 55B 20,BWI1-9;J52-BH
C-LP3N,Branch,-0.67,NC (3),M 48B 10,1G-MJE;9F-7PZ;LXWN-W
CS-ZGD,Branch,-0.43,SYN (3),M 87B 13,3-N3OO;A-G1FM;V8W-QS
C-VGYO,Branch,-0.56,NC (3),M 18B 7,K-8SQS;O94U-A;XW-JHT
CX-1XF,Branch,-0.10,FRT (5),M 43B 14,3-TD6L;X4UV-Z
D4R-H7,Branch,-1.00,NC (3),M 8B 5,EQI2-2;J9-5MQ
DCI7-7,Branch,-0.19,SYN (5),M53B10,J7YR-1;UQ9-3C
EQI2-2,Branch,-0.68,NC (3),M 61B 12,4DTQ-K;D4R-H7
EWN-2U,Branch,-0.25,SYN (5),M 42B 7,4-48K1;PKG4-7
F-9F6Q,Branch,-0.67,SYN (5),M 25B 12,JTAU-5
HB7R-F,Branch,-0.73,SYN (5),M34B10,AH-B84;O-JPKH
I-7JR4,Branch,-0.43,FRT (5),M 70B 9,CH9L-K;ME-4IU;QYZM-W
I-7RIS,Branch,-0.50,SYN(3),M 21B 4,A-G1FM
J52-BH,Branch,-0.45,FRT (5),M 56B 15,5-P1Y2;C-LBQS
J7YR-1,Branch,-0.34,SYN (5),M19B3,AH-B84;DCI7-7;PKG4-7
J9-5MQ,Branch,-0.51,NC (3),M 22B 19,313I-B;4DTQ-K;D4R-H7;Q-4DEC
JRZ-B9,Branch,-0.31,FRT (5),M 13B 8,S-B7IT;V8W-QS;X4UV-Z
JTAU-5,Branch,-0.46,SYN (5),M 21B 7,AH-B84;F-9F6Q
K-8SQS,Branch,-0.75,NC (3),M 11B 6,C-4ZOS;C-VGYO
KJ-QWL,Branch,-0.21,FRT (5),M 20B 4,9-B1DS;KMQ4-V;SVB-RE
KL3O-J,Branch,-0.27,FRT (5),M 48B 15,BWI1-9;R4O-I6
KMC-WI,Branch,-0.19,SYN (5),M 63B 17,VL3I-M
KMQ4-V,Branch,-0.24,FRT (5),M 10B 4,5-P1Y2;KJ-QWL
KV-8SN,Branch,-0.73,NC (3),M 19B 4,52G-NZ;QCWA-Z
LRWD-B,Branch,-0.54,NC (3),M 35B 9,8-4GQM;QXQ-BA
LXWN-W,Branch,-0.64,NC (3),M 55B 10,BKG-Q2;C-LP3N;RO90-H
MA-VDX,Branch,-0.80,NC (3),M 29B 8,92D-OI;RO90-H;WO-AIJ
ME-4IU,Branch,-0.58,FRT (5),M 37B 14,3KNA-N;9-B1DS;BU-IU4;I-7JR4
M-HU4V,Branch,-0.50,NC (3),M 71B 31,C-4ZOS;QXQ-BA;X7R-JW
NEH-CS,Branch,-0.63,NC (3),M 23B 9,C-4ZOS
NLPB-0,Branch,-0.06,FRT (5),M 60B 10,3-TD6L;Q-NJZ4
NTV0-1,Branch,-0.42,NC (3),M 21B 3,4-48K1;C-HCGU
O94U-A,Branch,-0.69,NC (3),M 74B 4,C-VGYO
OJ-A8M,Branch,-0.28,FRT (5),M 33B 4,H1-ESN;V8W-QS
O-JPKH,Branch,-0.87,SYN (5),M 40B 12,B-GC1T;HB7R-F
P7Z-R3,Branch,-0.38,SYN (3),M 46B 18,4-BE0M;A-G1FM
PKG4-7,Branch,-0.24,SYN (5),M 67B 19,EWN-2U;J7YR-1
PUWL-4,Branch,-0.81,NC (3),M 7B 1,W-4FA9
Q-4DEC,Branch,-0.16,NC (3),M 40B 5,J9-5MQ
QCWA-Z,Branch,-0.76,NC (3),M 103B 26,52G-NZ;5LJ-MD;KV-8SN;XM-4L0
Q-FEEJ,Branch,-0.26,NC (3),M 58B 16,0P9Z-I;C-HCGU
Q-NJZ4,Branch,-0.15,FRT (5),M 48B 13,3-TD6L;NLPB-0;R4O-I6
QXQ-BA,Branch,-0.44,NC (3),M 58B 9,LRWD-B;M-HU4V;T-Q2DD;X7R-JW
QYZM-W,Branch,-1.00,FRT (5),M 48B 34,BU-IU4;I-7JR4
R4O-I6,Branch,-0.25,FRT (5),M 15B 10,3-TD6L;KL3O-J;Q-NJZ4
RO90-H,Branch,-0.82,NC (3),M 10B 2,1G-MJE;LXWN-W;MA-VDX
S-B7IT,Branch,-0.55,NC (3),M 29B 6,BKG-Q2;JRZ-B9
SVB-RE,Branch,-0.15,FRT (5),M 4B 4,KJ-QWL
T-Q2DD,Branch,-0.55,NC (3),M 39B 12,8-4GQM;QXQ-BA;ZXA-V6
UB-UQZ,Branch,-0.35,NC (3),M 26B 14,B8O-KJ;XM-4L0;YG-82V
UQ9-3C,Branch,-0.17,SYN (5),M20B2,9IPC-E;DCI7-7;VL3I-M
V8W-QS,Branch,-0.36,FRT (5),M 18B 4,CS-ZGD;JRZ-B9;OJ-A8M;XW-2XP
VL3I-M,Branch,-0.17,SYN (5),M 24B 3,KMC-WI;UQ9-3C
W-4FA9,Branch,-0.80,NC (3),M 53B 7,1IX-C0;3F-JZF;PUWL-4
WO-AIJ,Branch,-0.77,NC (3),M 49B 5,1G-MJE;MA-VDX
X4UV-Z,Branch,-0.16,FRT (5),M 76B 17,BKG-Q2;CX-1XF;JRZ-B9
X7R-JW,Branch,-0.41,NC (3),M63B 4,M-HU4V;QXQ-BA
XM-4L0,Branch,-0.68,NC (3),M 68B 7,B8O-KJ;QCWA-Z;UB-UQZ;Z-K495
XW-2XP,Branch,-0.36,NC (3),M 54B 16,C-HCGU;V8W-QS
XW-JHT,Branch,-0.56,NC (3),M 19B 6,C-VGYO
Y-1918,Branch,-1.00,NC (3),M 40B 5,1IX-C0;Deklein
YG-82V,Branch,-0.21,NC (3),M 54B 8,UB-UQZ
ZIU-EP,Branch,-0.39,SYN (3),M 36B 9,2-3Q2G;3-N3OO;A-G1FM
Z-K495,Branch,-0.63,NC (3),M 30B 19,0P9Z-I;BKG-Q2;XM-4L0
04EI-U,Cache,-0.08,CONDI (5),M 77B 0,M-CNUD;W2T-TR
0LY-W1,Cache,-0.55,FNT (5),M 28B 6,BTLH-I
2-2EWC,Cache,-0.11,FNT (5),M 83B 0,995-3G;LMM7-L;Q-UEN6
4S0-NP,Cache,-0.08,FNT (5),M71B0,8-BIE3;K-RMI5
4YO-QK,Cache,-0.91,FNT (5),M 43B 14,8-VC6H;LJ-RJK;U93O-A
5F-MG1,Cache,-0.31,FNT (5),M 56B 0,P7-45V;W4C8-Q
8-BIE3,Cache,-0.08,FNT (5),M 42B 0,4S0-NP;D-6H64
8OYE-Z,Cache,-0.53,FNT (5),M 61B 14,DVN6-0;NG-M8K
8-SPNN,Cache,-0.95,FNT (5),M 82B 12,B-T6BT;JNG7-K
8-VC6H,Cache,-1.00,FNT (5),M 68B 8,3-0FYP;4YO-QK
995-3G,Cache,-0.09,FNT (5),M 61B 0,2-2EWC;D-6H64
BLMX-B,Cache,-0.03,CONDI (5),M 55B 0,C1G-XC;M-CNUD;Q-UEN6
B-T6BT,Cache,-0.90,FNT (5),M3B 4,8-SPNN;K-RMI5;VK-A5G
BTLH-I,Cache,-0.63,FNT (5),M 28B 8,0LY-W1;NIF-JE;U93O-A
C-6YHJ,Cache,-0.13,FNT (5),M 49B 0,I-2705;K-RMI5;M53-1V
D-6H64,Cache,-0.06,FNT (5),M 25B 0,8-BIE3;995-3G
E1W-TB,Cache,-0.19,FNT (5),M 76B 0,I6-SYN;LMM7-L
E5T-CS,Cache,-0.20,FNT (5),M 37B 0,I-2705;M53-1V;W4C8-Q
I-2705,Cache,-0.09,FNT (5),M 21B 0,C-6YHJ;E5T-CS
I6-SYN,Cache,-0.35,FNT (5),M 35B 0,E1W-TB;Great Wildlands;K-IYNW;O-5TN1;VK-A5G
IVP-KA,Cache,-0.06,CONDI (5),M33B0,5-2PQU;W2T-TR
JZ-B5Y,Cache,-0.39,FNT (5),M 66B 0,NIF-JE;P7-45V
K85Y-6,Cache,-1.00,FNT (5),M 67B 3,LTT-AP;NG-M8K
K-RMI5,Cache,-0.10,FNT (5),M 39B 0,4S0-NP;B-T6BT;C-6YHJ
LJ-RJK,Cache,-0.88,FNT (5),M 65B 10,4YO-QK;RT64-C
LMM7-L,Cache,-0.19,FNT (5),M 44B 0,2-2EWC;E1W-TB
LQ-01M,Cache,-0.58,FNT (5),M 66B 18,M-MCP8;NG-M8K;RV5-TT
M53-1V,Cache,-0.19,FNT (5),M 70B 0,C-6YHJ;E5T-CS
M-CNUD,Cache,-0.04,CONDI (5),M 56B 0,04EI-U;BLMX-B;W2T-TR
M-MCP8,Cache,-0.39,FNT (5),M 8B 0,LQ-01M;P7-45V;TPG-DD
NG-M8K,Cache,-0.91,FNT (5),M 77B 14,8OYE-Z;K85Y-6;LQ-01M
NIF-JE,Cache,-0.62,FNT (5),M 34B 8,BTLH-I;JZ-B5Y
O-5TN1,Cache,-0.40,FNT (5),M 33B 0,I6-SYN;U-QMOA
P7-45V,Cache,-0.34,FNT (5),M 38B 0,5F-MG1;JZ-B5Y;M-MCP8;TPG-DD
PKN-NJ,Cache,-0.26,FNT (5),M 56B 0,RV5-TT;XUPK-Z
Q-UEN6,Cache,-0.06,CONDI (5),M 30B 0,2-2EWC;BLMX-B;YE1-9S
RV5-TT,Cache,-0.37,FNT (5),M 34B 0,LQ-01M;PKN-NJ
The Spire,Cache,-1.00,,,L1YK-V
TPG-DD,Cache,-0.30,FNT (5),M 11B 0,M-MCP8;P7-45V
U93O-A,Cache,-0.84,FNT (5),M 44B 13,4YO-QK;BTLH-I
U-QMOA,Cache,-0.31,FNT (5),M 39B 0,O-5TN1
VK-A5G,Cache,-0.56,FNT (5),M 69B 10,B-T6BT;I6-SYN
W2T-TR,Cache,-0.05,CONDI (5),M 26B 0,04EI-U;IVP-KA;M-CNUD;YE1-9S
W4C8-Q,Cache,-0.27,FNT (5),M 39B 0,5F-MG1;E5T-CS
YE1-9S,Cache,-0.05,CONDI (5),M 59B 0,Q-UEN6;W2T-TR
1P-WGB,Catch,-0.11,5IGMA (5),M 79B 0,F4R2-Q;Jamunda;K0CN-3
25S-6P,Catch,-0.95,5IGMA (5),M 57B 16,6BPS-T;FAT-6P;RR-D05
2J-WJY,Catch,-0.05,5IGMA (5),M 37B 0,6-K738;GMLH-K;ZXIC-7
36N-HZ,Catch,-0.06,5IGMA (5),M 43B 0,9KOE-A;QSM-LM;U-QVWD
3GD6-8,Catch,-0.22,5IGMA (5),M 35B 0,3-OKDA;4M-HGL;DSS-EZ;YHN-3K
3-OKDA,Catch,-0.17,5IGMA (5),M 37B 0,3GD6-8;4M-HGL;GE-8JV;MY-W1V
3-SFWG,Catch,-0.08,SPORT (5),M 11B 0,A-VILQ
4-07MU,Catch,-1.00,5IGMA (5),M 43B 14,49-U6U;RR-D05
4M-HGL,Catch,-0.17,5IGMA (5),M 49B 0,3GD6-8;3-OKDA
4NBN-9,Catch,-0.63,5IGMA (5),M 101B 0,CZK-ZQ;W-MPTH;X4-WL0
5-N2EY,Catch,-0.21,5IGMA (5),M 20B 0,JA-O6J;NH-1X6
6BPS-T,Catch,-0.83,5IGMA (5),M 40B 14,25S-6P;Y-PNRL
6-K738,Catch,-0.05,5IGMA (5),M 46B 0,2J-WJY;9-8GBA;KDF-GY;QBQ-RF
6-MM99,Catch,-0.47,5IGMA (5),M 45B 0,G-7WUF;JBY6-F;MB-NKE
6X7-JO,Catch,-0.07,5IGMA (5),M 40B 0,A-803L;HY-RWO
7LHB-Z,Catch,-0.61,5IGMA (5),M 8B 0,AOK-WQ;E1-4YH
7MD-S1,Catch,-0.22,CVA (5),M 45B 0,ERVK-P;T-RPFU
8B-2YA,Catch,-0.08,5IGMA (5),M 10B 0,MY-W1V;SNFV-I
9-8GBA,Catch,-0.14,5IGMA (5),M 18B 0,6-K738;KDF-GY;XD-JW7
9KOE-A,Catch,-0.05,5IGMA (5),M 50B 0,36N-HZ;WD-VTV
A-803L,Catch,-0.04,5IGMA (5),M 33B 0,6X7-JO;GJ0-OJ;I-8D0G
AOK-WQ,Catch,-0.71,5IGMA (5),M 75B 23,7LHB-Z;B-XJX4;E1-4YH;E3-SDZ
A-VILQ,Catch,-0.08,SPORT (5),M 29B 0,3-SFWG;N-8BZ6;X3FQ-W
AX-DOT,Catch,-0.26,5IGMA (5),M 17B 0,GE-8JV;MUXX-4
B-3QPD,Catch,-0.08,5IGMA (5),M 36B 0,U-QVWD;V-3YG7
BR-N97,Catch,-0.25,CVA (5),M 61B 0,ERVK-P;IS-R7P;S25C-K
BUZ-DB,Catch,-0.53,5IGMA (5),M 65B 0,QETZ-W;UCG4-B
B-XJX4,Catch,-0.68,5IGMA (5),M 37B 16,AOK-WQ;E1-4YH
CB4-Q2,Catch,-0.21,SPORT (5),M 45B 0,CBL-XP;EX-0LQ;N-8BZ6;WJ-9YO
CBL-XP,Catch,-0.28,CVA (5),M 14B 0,CB4-Q2;KA6D-K;UQ-PWD
CNC-4V,Catch,-0.71,5IGMA (5),M 25B 7,CZK-ZQ;FAT-6P;Y-PNRL
CX65-5,Catch,-0.09,5IGMA (5),M 92B 0,JA-O6J;SNFV-I
CZK-ZQ,Catch,-0.66,5IGMA (5),M 61B 6,4NBN-9;CNC-4V
Derelik,Catch,0.3,,,7Q-8Z2;Doril
E1-4YH,Catch,-0.56,5IGMA (5),M 41B 0,7LHB-Z;AOK-WQ;B-XJX4;MUXX-4
E3-SDZ,Catch,-0.76,5IGMA (5),M 9B 3,AOK-WQ;N-CREL
ERVK-P,Catch,-0.28,CVA (5),M 47B 0,7MD-S1;BR-N97;UL-7I8
EX-0LQ,Catch,-0.14,5IGMA (5),M 48B 0,CB4-Q2;KW-I6T
EX6-AO,Catch,-0.53,5IGMA (5),M 48B 0,HY-RWO;Q-U96U
E-YJ8G,Catch,-0.12,CVA (5),M 68B 0,TA3T-3
F4R2-Q,Catch,-0.17,5IGMA (5),M 11B 0,1P-WGB;VA6-DR;WLAR-J;ZXIC-7
F9E-KX,Catch,-0.25,5IGMA (5),M 45B 0,D-GTMI;SV5-8N
FAT-6P,Catch,-0.64,5IGMA (5),M 88B 0,25S-6P;CNC-4V;Y-PNRL
FZ-6A5,Catch,-0.37,5IGMA (5),M 14B 0,JBY6-F
G-7WUF,Catch,-0.53,5IGMA (5),M 5B 0,6-MM99;MB-NKE;RNF-YH
G-AOTH,Catch,-0.14,CVA (5),M 70B 0,TA3T-3;UL-7I8;ZQ-Z3Y
GE-8JV,Catch,-0.21,5IGMA (5),M 51B 0,3-OKDA;AX-DOT;V-3YG7;YHN-3K
GE-94X,Catch,-0.15,5IGMA (5),M 37B 0,S-U2VD;W9-DID
GJ0-OJ,Catch,-0.05,5IGMA (5),M 73B 0,A-803L;JWZ2-V;Q-S7ZD
GMLH-K,Catch,-0.06,5IGMA (5),M 30B 0,2J-WJY;S-U2VD
HED-GP,Catch,-0.15,5IGMA (5),M 7B 0,Keberz;Khanid;SV5-8N
HP-64T,Catch,-0.09,5IGMA (5),M 35B 0,SNFV-I;V2-VC2
HY-RWO,Catch,-0.08,5IGMA (5),M 7B 0,6X7-JO;EX6-AO;V-3YG7
I-8D0G,Catch,-0.06,5IGMA (5),M 8B 0,A-803L;WQH-4K
IS-R7P,Catch,-0.14,CVA (5),M 59B 0,3KB-J0;BR-N97
J6QB-P,Catch,-0.19,CVA (5),M 23B 0,KA6D-K;TA3T-3
JA-O6J,Catch,-0.11,5IGMA (5),M 77B 0,5-N2EY;CX65-5
JBY6-F,Catch,-0.52,5IGMA (5),M 15B 0,6-MM99;FZ-6A5;MB-NKE
JGW-OT,Catch,-0.37,5IGMA (5),M49B0,KB-U56;UCG4-B
J-ODE7,Catch,-0.04,5IGMA (5),M 32B 0,JWZ2-V;OGL8-Q
JWZ2-V,Catch,-0.05,5IGMA (5),M 22B 0,GJ0-OJ;J-ODE7
K0CN-3,Catch,-0.11,5IGMA (5),M 40B 0,1P-WGB;L7XS-5;VA6-DR
K717-8,Catch,-0.25,5IGMA (5),M 69B 0,L-B55M;NH-1X6
KA6D-K,Catch,-0.24,CVA (5),M 58B 0,CBL-XP;J6QB-P
KB-U56,Catch,-0.27,5IGMA (5),M 71B 0,JGW-OT;KH0Z-0
KDF-GY,Catch,-0.11,5IGMA (5),M 3B 0,6-K738;9-8GBA;ZXIC-7
KH0Z-0,Catch,-0.18,5IGMA (5),M 55B 0,KB-U56;NH-1X6
KW-I6T,Catch,-0.23,5IGMA (5),M 58B 0,EX-0LQ;W9-DID
L7XS-5,Catch,-0.15,5IGMA (5),M 28B 0,K0CN-3
L-B55M,Catch,-0.15,5IGMA (5),M 47B 0,K717-8;V2-VC2
MB-NKE,Catch,-0.45,5IGMA (5),M 71B 0,6-MM99;G-7WUF;JBY6-F;WLAR-J
MUXX-4,Catch,-0.36,5IGMA (5),M 58B 0,AX-DOT;E1-4YH
MY-W1V,Catch,-0.09,5IGMA (5),M 54B 0,3-OKDA;8B-2YA
N-8BZ6,Catch,-0.15,SPORT (5),M 98B 0,A-VILQ;CB4-Q2
NH-1X6,Catch,-0.24,5IGMA (5),M 26B 0,5-N2EY;K717-8;KH0Z-0
OGL8-Q,Catch,-0.05,5IGMA (5),M 76B 0,J-ODE7;R-K4QY
QBQ-RF,Catch,-0.05,5IGMA (5),M 20B 0,6-K738;QSM-LM
QETZ-W,Catch,-0.40,5IGMA (5),M 16B 0,BUZ-DB;Q-U96U;WFC-MY
Q-S7ZD,Catch,-0.03,5IGMA (5),M 56B 0,3L3N-X;GJ0-OJ
QSM-LM,Catch,-0.06,5IGMA (5),M 38B 0,36N-HZ;QBQ-RF
Q-U96U,Catch,-0.50,5IGMA (5),M 29B 0,EX6-AO;QETZ-W;WFC-MY;X4-WL0
R-K4QY,Catch,-0.04,5IGMA (5),M 37B 0,OGL8-Q;WQH-4K
RNF-YH,Catch,-0.65,5IGMA (5),M 78B 15,G-7WUF
RR-D05,Catch,-0.98,5IGMA (5),M 57B 9,25S-6P;4-07MU
S25C-K,Catch,-0.27,CVA (5),M 34B 0,BR-N97
SNFV-I,Catch,-0.09,5IGMA (5),M 57B 0,8B-2YA;CX65-5;HP-64T;V2-VC2
S-U2VD,Catch,-0.10,5IGMA (5),M 54B 0,GE-94X;GMLH-K
SV5-8N,Catch,-0.21,5IGMA (5),M 28B 0,F9E-KX;HED-GP;WD-VTV
TA3T-3,Catch,-0.15,CVA (5),M 11B 0,E-YJ8G;G-AOTH;J6QB-P
Tenerifis,Catch,-0.35,,,1-7KWU
UCG4-B,Catch,-0.50,5IGMA (5),M 54B 0,BUZ-DB;JGW-OT
UL-7I8,Catch,-0.30,CVA (5),M 40B 0,ERVK-P;G-AOTH;OXIY-V
UQ-PWD,Catch,-0.34,CVA (5),M 45B 0,CBL-XP
U-QVWD,Catch,-0.07,5IGMA (5),M 105B 0,0SHT-A;36N-HZ;B-3QPD
V2-VC2,Catch,-0.11,5IGMA (5),M 30B 0,HP-64T;L-B55M;SNFV-I
V-3YG7,Catch,-0.08,5IGMA (5),M 50B 0,B-3QPD;GE-8JV;HY-RWO
VA6-DR,Catch,-0.12,5IGMA (5),M 35B 0,F4R2-Q;K0CN-3
W9-DID,Catch,-0.35,5IGMA (5),M 70B 0,GE-94X;KW-I6T
WD-VTV,Catch,-0.09,5IGMA (5),M 65B 0,9KOE-A;SV5-8N
WFC-MY,Catch,-0.46,5IGMA (5),M 64B 0,QETZ-W;Q-U96U;X4-WL0
WJ-9YO,Catch,-0.22,SPORT (5),M 22B 0,CB4-Q2
WLAR-J,Catch,-0.30,5IGMA (5),M 41B 0,F4R2-Q;MB-NKE
W-MPTH,Catch,-0.62,5IGMA (5),M 42B 1,4NBN-9;X4-WL0
WQH-4K,Catch,-0.06,5IGMA (5),M 50B 0,I-8D0G;R-K4QY;ZXIC-7
X3FQ-W,Catch,-0.09,SPORT (5),M 44B 0,A-VILQ
X4-WL0,Catch,-0.51,5IGMA (5),M 57B 0,4NBN-9;Q-U96U;WFC-MY;W-MPTH
YHN-3K,Catch,-0.12,5IGMA (5),M 85B 0,3GD6-8;GE-8JV
Y-PNRL,Catch,-0.77,5IGMA (5),M 19B 6,6BPS-T;CNC-4V;FAT-6P
ZQ-Z3Y,Catch,-0.09,CVA (5),M 16B 0,9UY4-H;G-AOTH
ZXIC-7,Catch,-0.11,5IGMA (5),M 39B 0,2J-WJY;F4R2-Q;KDF-GY;WQH-4K
00TY-J,Cloud Ring,-0.03,TRI (5),M 51B 3,5S-KNL;6RCQ-V;PPG-XC;XG-D1L
1-3HWZ,Cloud Ring,-0.04,INIT. (5),M 41B 8,A-SJ8X;XT-R36
1-NW2G,Cloud Ring,-0.01,INIT. (5),M 27B 14,O-IVNH;O-ZXUV
28O-JY,Cloud Ring,-0.01,TRI (5),M22B4,CX7-70;P5-KCC
5-MLDT,Cloud Ring,-0.03,INIT. (5),M 41B 19,B-DBYQ;IZ-AOB;XT-R36
5S-KNL,Cloud Ring,-0.03,TRI (5),M 10B 5,00TY-J;QA1-BT
6-4V20,Cloud Ring,-0.02,TRI (5),M 53B 22,O-0HW8;W-4NUU;YI-8ZM
6ON-RW,Cloud Ring,-0.01,TRI (5),M 42B 14,CX7-70;P5-KCC;U65-CN;X-M9ON
6RCQ-V,Cloud Ring,-0.04,TRI (5),M 30B 9,00TY-J;E9KD-N;XG-D1L
6Z9-0M,Cloud Ring,-0.14,TRI (5),M 29B 6,FQ9W-C;U65-CN
77-KDQ,Cloud Ring,-0.02,INIT. (5),M 7B 4,F7C-H0;O-ZXUV;TN-T7T
8R-RTB,Cloud Ring,-0.03,TRI (5),M 38B 8,PPG-XC;Q-UA3C;YI-8ZM
9-4RP2,Cloud Ring,-0.24,TRI (5),M 63B 9,FQ9W-C;G8AD-C;O-BDXB;XZH-4X
B-DBYQ,Cloud Ring,0.00,INIT. (5),M 58B 13,5-MLDT;DY-F70;J5A-IX;QXW-PV
CX7-70,Cloud Ring,-0.01,TRI (5),M44B13,28O-JY;6ON-RW
DY-F70,Cloud Ring,-0.01,INIT. (5),M 105B 36,B-DBYQ;FD53-H
F7C-H0,Cloud Ring,-0.01,INIT. (5),M 34B 9,77-KDQ;Alsavoinon;O-ZXUV
FD53-H,Cloud Ring,-0.01,INIT. (5),M 16B 3,DY-F70;O-ZXUV
FQ9W-C,Cloud Ring,-0.09,TRI (5),M 69B 11,6Z9-0M;9-4RP2
G8AD-C,Cloud Ring,-0.11,TRI (5),M 65B 18,9-4RP2;Z-Y7R7
MJYW-3,Cloud Ring,-0.37,INIT. (5),M 73B 17,O-BDXB;QXW-PV
O-0HW8,Cloud Ring,-0.03,TRI (5),M 74B 23,6-4V20;O-ZXUV;YI-8ZM
O-BDXB,Cloud Ring,-0.26,INIT. (5),M 50B 14,9-4RP2;MJYW-3;Z-Y7R7
O-IVNH,Cloud Ring,0.00,INIT. (5),M 52B 4,1-NW2G
OU-X3P,Cloud Ring,-0.06,TRI (5),M 33B 9,Q-UA3C;YI-8ZM
O-ZXUV,Cloud Ring,-0.01,INIT. (5),M 29B 9,1-NW2G;77-KDQ;F7C-H0;FD53-H;O-0HW8
P5-KCC,Cloud Ring,-0.02,TRI (5),M 25B 4,28O-JY;6ON-RW;XG-D1L;X-M9ON
PPG-XC,Cloud Ring,-0.01,TRI (5),M 67B 17,00TY-J;8R-RTB;QA1-BT
QA1-BT,Cloud Ring,-0.02,TRI (5),M 29B 6,5S-KNL;PPG-XC
Q-UA3C,Cloud Ring,-0.25,TRI (5),M 51B 11,8R-RTB;OU-X3P
QXW-PV,Cloud Ring,0.00,INIT. (5),M 12B 4,B-DBYQ;MJYW-3;XT-R36
TN-T7T,Cloud Ring,-0.01,INIT. (5),M 48B 9,77-KDQ
U65-CN,Cloud Ring,-0.01,TRI (5),M 38B 12,6ON-RW;6Z9-0M;X-M9ON
W-4NUU,Cloud Ring,-0.02,TRI (5),M 56B 15,6-4V20;Okagaiken
XG-D1L,Cloud Ring,-0.03,TRI (5),M 21B 2,00TY-J;6RCQ-V;P5-KCC
X-M9ON,Cloud Ring,-0.01,TRI (5),M 47B 7,6ON-RW;P5-KCC;U65-CN
XT-R36,Cloud Ring,-0.04,INIT. (5),M 8B 5,1-3HWZ;5-MLDT;QXW-PV
XZH-4X,Cloud Ring,-0.75,TRI (5),M 80B 28,9-4RP2
YI-8ZM,Cloud Ring,-0.05,TRI (5),M 102B 13,6-4V20;8R-RTB;O-0HW8;OU-X3P
Z-Y7R7,Cloud Ring,-0.15,INIT. (5),M 45B 7,7D-0SQ;G8AD-C;O-BDXB;Pure Blind
0B-VOJ,Cobalt Edge,-0.56,RIFT- (5),M 42B 14,E0DR-G
1GT-MA,Cobalt Edge,-0.83,RIFT- (5),M 5B 1,RGU1-T
1M7-RK,Cobalt Edge,-1.00,ADN21 (5),M 30B 10,P-H5IY
2-9Z6V,Cobalt Edge,-0.62,DGEN (5),M 62B 11,E-B957;MK-YNM
42SU-L,Cobalt Edge,-0.81,RIFT- (5),M 63B 4,MO-YDG
4A-6NI,Cobalt Edge,-0.80,ASDFW (5),M 53B 9,E-B957;MK-YNM
4GSZ-1,Cobalt Edge,-0.37,RIFT- (5),M 35B 0,E-EFAM;J-QOKQ
4LNE-M,Cobalt Edge,-0.57,RIFT- (5),M 9B 2,D9Z-VY;DK0-N8;HXK-J6;L-Z9NB
4-PCHD,Cobalt Edge,-0.44,ASDFW (5),M 71B 0,GQLB-V;SK7-G6
4T-VDE,Cobalt Edge,-0.33,RIFT- (5),M 34B 0,J-QOKQ
5-3722,Cobalt Edge,-0.47,ZEERG (4),M 8B 0,BI0Y-X;J-A5QD
58Z-IH,Cobalt Edge,-0.95,RIFT- (5),M 63B 10,KI2-S3;M-VACR;T-67F8
5E6I-W,Cobalt Edge,-0.43,ASDFW (5),M 29B 0,87-1PM;I-CMZA;Y-RAW3
5ED-4E,Cobalt Edge,-0.86,ASDFW (5),M 17B 5,B-U299;C2-1B5;DN58-U;JE-VLG
5E-EZC,Cobalt Edge,-0.43,ASDFW (5),M 39B 0,9KE-IT;GQLB-V;P-NRD3;S-W8CF
5HN-D6,Cobalt Edge,-0.87,ADN21 (5),M 22B 3,MK-YNM;P-H5IY
87-1PM,Cobalt Edge,-0.55,RIFT- (4),M 38B 0,5E6I-W;C2-1B5;DN58-U
9-7SRQ,Cobalt Edge,-0.23,RIFT- (5),M 41B 0,J-QOKQ
9KE-IT,Cobalt Edge,-0.46,ASDFW (5),M 38B 0,5E-EZC;GQLB-V;Y-RAW3;YVSL-2
9-WEMC,Cobalt Edge,-0.43,RIFT- (5),M 16B 0,CUT-0V;E0DR-G
A-0IIQ,Cobalt Edge,-0.40,DGEN (5),M 19B 0,CBY8-J;E-BYOS;ETXT-F;H23-B5;I-CMZA;Y-RAW3
BI0Y-X,Cobalt Edge,-0.46,ZEERG (4),M 46B 0,5-3722;J-A5QD;SK7-G6
B-U299,Cobalt Edge,-1.00,RIFT- (4),M 53B 6,5ED-4E;CUT-0V
C2-1B5,Cobalt Edge,-0.55,RIFT- (4),M 69B 0,5ED-4E;87-1PM;JE-VLG
CBY8-J,Cobalt Edge,-0.30,ASDFW (5),M 76B 0,A-0IIQ;E-BYOS;I-CMZA
CHP-76,Cobalt Edge,-0.89,RIFT- (5),M 55B 14,KI2-S3;M-VACR;T-67F8
CUT-0V,Cobalt Edge,-0.33,RIFT- (5),M 69B 0,9-WEMC;B-U299;QT-EBC;U6R-F9
D9Z-VY,Cobalt Edge,-0.70,RIFT- (5),M 44B 8,4LNE-M;MO-YDG;RGU1-T
DK0-N8,Cobalt Edge,-0.46,RIFT- (5),M 81B 0,4LNE-M;J-QOKQ
DN58-U,Cobalt Edge,-0.66,ASDFW (5),M 68B 15,5ED-4E;87-1PM;JE-VLG
E0DR-G,Cobalt Edge,-0.50,RIFT- (5),M 33B 0,0B-VOJ;9-WEMC;KI2-S3
E-B957,Cobalt Edge,-0.71,DGEN (5),M 65B 29,2-9Z6V;4A-6NI
E-BYOS,Cobalt Edge,-0.28,ASDFW (5),M 27B 0,A-0IIQ;CBY8-J;ETXT-F;H23-B5;I-CMZA
E-EFAM,Cobalt Edge,-0.36,RIFT- (5),M 43B 0,4GSZ-1;SBEN-Q;VEQ-3V
EJ-5X2,Cobalt Edge,-0.26,RIFT- (5),M 25B 0,IAMJ-Q;L-Z9NB
ETXT-F,Cobalt Edge,-0.60,ASDFW (4),M 54B 6,A-0IIQ;E-BYOS;H23-B5
FV1-RQ,Cobalt Edge,-0.09,RIFT- (5),M 47B 0,QT-EBC;VAF1-P
FV-YEA,Cobalt Edge,-0.46,ZEERG (4),M 24B 0,J-A5QD;Oasa;R8WV-7;SK7-G6
GQLB-V,Cobalt Edge,-0.42,ASDFW (4),M 35B 0,4-PCHD;5E-EZC;9KE-IT
H23-B5,Cobalt Edge,-0.32,ASDFW (5),M 13B 0,A-0IIQ;E-BYOS;ETXT-F;I-CMZA;VAF1-P
HB-5L3,Cobalt Edge,-1.00,RIFT- (2),M 30B 9,SF-XJS;VY-866
HXK-J6,Cobalt Edge,-0.57,RIFT- (5),M 45B 5,4LNE-M;U6R-F9
I-CMZA,Cobalt Edge,-0.31,ASDFW (4),M 62B 0,5E6I-W;A-0IIQ;CBY8-J;E-BYOS;H23-B5
J-A5QD,Cobalt Edge,-0.45,ZEERG (4),M 44B 0,5-3722;BI0Y-X;FV-YEA
JE-VLG,Cobalt Edge,-0.72,RIFT- (4),M 84B 11,5ED-4E;C2-1B5;DN58-U
J-QOKQ,Cobalt Edge,-0.32,RIFT- (5),M 60B 0,4GSZ-1;4T-VDE;9-7SRQ;DK0-N8
KI2-S3,Cobalt Edge,-0.77,RIFT- (5),M 38B 6,58Z-IH;CHP-76;E0DR-G
KIG9-K,Cobalt Edge,-0.50,ADN21 (5),M 9B 0,MK-YNM;Y-RAW3
L-Z9NB,Cobalt Edge,-0.46,RIFT- (5),M 72B 0,4LNE-M;EJ-5X2;U6R-F9
MK-YNM,Cobalt Edge,-0.69,ADN21 (5),M 20B 7,2-9Z6V;4A-6NI;5HN-D6;KIG9-K
MO-YDG,Cobalt Edge,-0.91,RIFT- (5),M 7B 4,42SU-L;D9Z-VY;Q-VTWJ
M-VACR,Cobalt Edge,-1.00,RIFT- (5),M 7B 3,58Z-IH;CHP-76
O-F4SN,Cobalt Edge,-0.17,RIFT- (5),M 52B 0,QT-EBC
P-H5IY,Cobalt Edge,-0.88,ADN21 (5),M 42B 18,1M7-RK;5HN-D6
P-NRD3,Cobalt Edge,-0.23,DGEN (5),M 13B 0,5E-EZC;U9SE-N;X-41DA
QT-EBC,Cobalt Edge,-0.14,RIFT- (4),M 54B 0,CUT-0V;FV1-RQ;O-F4SN;VAF1-P
Q-VTWJ,Cobalt Edge,-0.94,RIFT- (5),M 51B 9,MO-YDG
RGU1-T,Cobalt Edge,-0.89,RIFT- (5),M 30B 8,1GT-MA;D9Z-VY;VY-866
SBEN-Q,Cobalt Edge,-0.22,RIFT- (5),M 38B 0,E-EFAM
SK7-G6,Cobalt Edge,-0.39,ASDFW (5),M 45B 0,2ID-87;4-PCHD;BI0Y-X;FV-YEA
S-W8CF,Cobalt Edge,-0.64,ASDFW (5),M 14B 4,5E-EZC;Y-RAW3
T-67F8,Cobalt Edge,-0.93,RIFT- (5),M 42B 20,58Z-IH;CHP-76
U6R-F9,Cobalt Edge,-0.48,RIFT- (5),M 21B 0,CUT-0V;HXK-J6;L-Z9NB
VAF1-P,Cobalt Edge,-0.10,ASDFW (5),M 56B 0,FV1-RQ;H23-B5;QT-EBC
VEQ-3V,Cobalt Edge,-0.68,RIFT- (5),M 10B 2,E-EFAM
VY-866,Cobalt Edge,-0.99,RIFT- (4),M 64B 19,HB-5L3;RGU1-T
X-41DA,Cobalt Edge,-0.32,DGEN (5),M 52B 0,P-NRD3
Y-RAW3,Cobalt Edge,-0.47,ASDFW (5),M 30B 0,5E6I-W;9KE-IT;A-0IIQ;KIG9-K;Oasa;S-W8CF;XXZ-3W
YVSL-2,Cobalt Edge,-0.31,ASDFW (5),M 31B 0,9KE-IT
0SHT-A,Curse,-0.16,Angel Cartel,M 95B 0,D87E-A;JWJ-P1;U-QVWD;V-IUEL
5E-VR8,Curse,-0.07,Angel Cartel,M 28B 0,D87E-A;K-B2D3;V7D-JD
8G-MQV,Curse,-0.03,Angel Cartel,M 55B 0,CL-85V;VOL-MI
AAM-1A,Curse,-0.02,Angel Cartel,M 61B 0,K-QWHE
BPK-XK,Curse,-0.04,Angel Cartel,M 31B 0,CL-1JE;Y-K50G
CL-1JE,Curse,-0.06,Angel Cartel,M 37B 0,BPK-XK;J4UD-J;LJ-YSW
CL-85V,Curse,-0.02,Angel Cartel,M 52B 0,8G-MQV;EW-JR5;K-QWHE
Curse,Curse,-0.02,,,RA-NXN
CVY-UC,Curse,-0.20,Angel Cartel,M 71B 0,QFEW-K
D87E-A,Curse,-0.06,Angel Cartel,M 45B 0,0SHT-A;5E-VR8;K-B2D3;PO4F-3;V7D-JD
Doril,Curse,-0.01,Angel Cartel,M 25B 0,Derelik;Jorund;Sendaya;Utopia
EQX-AE,Curse,-0.19,Angel Cartel,M 19B 0,H-ADOC;QFEW-K
ES-UWY,Curse,-0.11,Angel Cartel,M 67B 0,Y-DW5K
EW-JR5,Curse,-0.01,Angel Cartel,M 44B 0,CL-85V;MDD-79
Farit,Curse,-0.01,Angel Cartel,M 46B 0,Jorund
G-0Q86,Curse,-0.02,Angel Cartel,M40B 0,G-R4W1;KLMT-W;LJ-YSW;Y-K50G;Zarzakh
G-G78S,Curse,-0.16,Angel Cartel,M 56B 0,H-ADOC;OSY-UD;UW9B-F;ZZ-ZWC
G-R4W1,Curse,-0.01,Angel Cartel,M67B 0,G-0Q86
H-ADOC,Curse,-0.12,Angel Cartel,M 84B 0,EQX-AE;G-G78S;OSY-UD;S-E6ES;Y-DW5K
Hemin,Curse,-0.01,Angel Cartel,M 46B 0,Jorund;RMOC-W;Utopia
HLW-HP,Curse,-0.02,Angel Cartel,M 33B 0,KLMT-W;RA-NXN;VOL-MI
J4UD-J,Curse,-0.12,Angel Cartel,M 72B 0,CL-1JE
J7A-UR,Curse,-0.30,Angel Cartel,M 43B 0,JWJ-P1
Jamunda,Curse,-0.04,Angel Cartel,M 17B 0,1P-WGB;Litom
Jorund,Curse,-0.01,Angel Cartel,M 27B 0,Doril;Farit;Hemin
JWJ-P1,Curse,-0.22,Angel Cartel,M 50B 0,0SHT-A;J7A-UR
K88X-J,Curse,-0.13,Angel Cartel,M 16B 0,Y-K50G
K-B2D3,Curse,-0.07,Angel Cartel,M 68B 0,5E-VR8;D87E-A;PO4F-3;VOL-MI
KLMT-W,Curse,-0.02,Angel Cartel,M 72B 0,G-0Q86;HLW-HP;UT-UZB
K-MGJ7,Curse,-0.04,Angel Cartel,M 58B 0,UW9B-F
K-QWHE,Curse,-0.02,Angel Cartel,M 52B 0,AAM-1A;CL-85V;RMOC-W;YKE4-3
Litom,Curse,-0.04,Angel Cartel,M 14B 0,Jamunda;Utopia
LJ-YSW,Curse,-0.01,Angel Cartel,M 66B 0,CL-1JE;G-0Q86
MDD-79,Curse,-0.01,Angel Cartel,M 36B 0,EW-JR5
M-N7WD,Curse,-0.08,Angel Cartel,M 60B 0,S1DP-Y;XX9-WV;Y-DW5K
OSY-UD,Curse,-0.16,Angel Cartel,M 51B 0,G-G78S;H-ADOC
PO4F-3,Curse,-0.09,Angel Cartel,M 34B 0,D87E-A;K-B2D3;V-IUEL
QFEW-K,Curse,-0.13,Angel Cartel,M 7B 0,CVY-UC;EQX-AE;Y-DW5K
RA-NXN,Curse,-0.03,Angel Cartel,M 44B 0,Curse;HLW-HP;XX9-WV
RMOC-W,Curse,-0.02,Angel Cartel,M 32B 0,Hemin;K-QWHE;YKE4-3
S1DP-Y,Curse,-0.09,Angel Cartel,M 46B 0,M-N7WD
Utopia,Curse,-0.02,Angel Cartel,M 37B 0,Doril;Hemin;Litom
UW9B-F,Curse,-0.13,Angel Cartel,M 59B 0,G-G78S;K-MGJ7
V7D-JD,Curse,-0.04,Angel Cartel,M 23B 0,5E-VR8;D87E-A
V-IUEL,Curse,-0.14,Angel Cartel,M 89B 0,0SHT-A;PO4F-3
VOL-MI,Curse,-0.05,Angel Cartel,M 37B 0,8G-MQV;ARG-3R;HLW-HP;K-B2D3
XX9-WV,Curse,-0.06,Angel Cartel,M 7B 0,M-N7WD;RA-NXN;ZFJH-T
Y-DW5K,Curse,-0.10,Angel Cartel,M 47B 0,ES-UWY;H-ADOC;M-N7WD;QFEW-K
Y-K50G,Curse,-0.03,Angel Cartel,M 56B 0,BPK-XK;G-0Q86;K88X-J
YKE4-3,Curse,-0.01,Angel Cartel,M 79B 0,K-QWHE;RMOC-W
ZZ-ZWC,Curse,-0.13,Angel Cartel,M 44B 0,G-G78S
0P-F3K,Deklein,-0.57,TEST (3),M 46B 10,FMB-JP;K5F-Z2
0V0R-R,Deklein,-0.58,TEST (3),M 73B 18,LEK-N5;OWXT-5
2-KF56,Deklein,-0.83,TEST (3),M 44B 9,2R-CRW;VFK-IV;YA0-XJ
2O9G-D,Deklein,-0.81,TEST (3),M 47B 11,I30-3A;JU-OWQ;NC-N3F
2R-CRW,Deklein,-0.88,TEST (3),M 78B 18,2-KF56;CCP-US;VFK-IV;YA0-XJ
33RB-O,Deklein,-0.28,TEST (3),M 62B 19,3OAT-Q;X-Z4DA
3JN9-Q,Deklein,-0.50,TEST (3),M 67B 14,O-2RNZ
3OAT-Q,Deklein,-0.35,TEST (3),M 25B 7,33RB-O;N-TFXK;X-Z4DA
3QE-9Q,Deklein,-0.77,TEST (3),M 40B 3,E-FIC0;MXX5-9;ZOYW-O
3T7-M8,Deklein,-0.59,SLYCE (5),M 49B 27,MZ1E-P;N2IS-B;OWXT-5;WUZ-WM
43B-O1,Deklein,-0.50,SLYCE (5),M 36B 5,5S-KXA;WUZ-WM
4N-BUI,Deklein,-0.52,SLYCE (5),M 68B 22,9CK-KZ;GY5-26;VPLL-N;WUZ-WM;XCBK-X
4U90-Z,Deklein,-0.10,TEST (3),M 29B 6,9-R6GU;AD-CBT;FO8M-2;T-945F
5S-KXA,Deklein,-0.53,SLYCE (5),M 14B 7,43B-O1
5W3-DG,Deklein,-0.78,TEST (3),M 22B 4,7T6P-C;LT-DRO;RO0-AF
7T6P-C,Deklein,-0.64,TEST (3),M 49B 15,5W3-DG
85-B52,Deklein,-0.77,TEST (3),M 74B 10,E-FIC0;YZ-UKA
8S28-3,Deklein,-0.67,TEST (3),M 74B 25,E3UY-6;Fade;K4YZ-Y;LT-DRO
94-H3F,Deklein,-0.22,TEST (3),M 42B 3,CU9-T0;QPO-WI;XCF-8N
9CK-KZ,Deklein,-0.51,SLYCE (5),M 61B 10,4N-BUI;GY5-26;VPLL-N;XCBK-X
A4L-A2,Deklein,-0.82,SLYCE (5),M 57B 12,CZDJ-1;UEJX-G;U-TJ7Y
AD-CBT,Deklein,-0.17,TEST (3),M 59B 16,4U90-Z
AGG-NR,Deklein,-0.56,TEST (3),M 15B 10,LEK-N5;O-2RNZ
C7Y-7Z,Deklein,-0.68,TEST (3),M 11B 5,II-5O9;X-Z4DA
CCP-US,Deklein,-0.94,TEST (3),M 61B 14,2R-CRW;DO6H-Q
Cloud Ring,Deklein,-0.04,,,E9KD-N
CU9-T0,Deklein,-0.43,TEST (3),M 20B 5,94-H3F;FMB-JP;XCF-8N
CZDJ-1,Deklein,-0.95,SLYCE (5),M 16B 4,A4L-A2;RG9-7U;UJY-HE
DKUK-G,Deklein,-0.36,TEST (3),M 7B 8,N-TFXK;WLF-D3
E3UY-6,Deklein,-0.61,SLYCE (3),M 35B 9,8S28-3;LEK-N5
E-FIC0,Deklein,-0.73,TEST (3),M 62B 14,3QE-9Q;85-B52;YZ-UKA
FMB-JP,Deklein,-0.58,TEST (3),M 9B 3,0P-F3K;CU9-T0;TXME-A;XCF-8N
FO8M-2,Deklein,-0.10,TEST (3),M 68B 11,4U90-Z;QPO-WI;R8S-1K;T-945F
GY5-26,Deklein,-0.54,SLYCE (5),M 62B 15,4N-BUI;9CK-KZ;VPLL-N;XCBK-X
I30-3A,Deklein,-0.85,TEST (3),M 17B 5,2O9G-D;VFK-IV
II-5O9,Deklein,-0.69,TEST (3),M 59B 7,C7Y-7Z;VFK-IV
J1AU-9,Deklein,-0.73,SLYCE (5),M 49B 13,MZ1E-P;X3-PBC
JU-OWQ,Deklein,-0.82,TEST (3),M 41B 18,2O9G-D;MXX5-9;S-DN5M
K5F-Z2,Deklein,-0.69,TEST (3),M 39B 8,0P-F3K
LEK-N5,Deklein,-0.56,TEST (3),M 17B 7,0V0R-R;AGG-NR;E3UY-6;OWXT-5
LT-DRO,Deklein,-0.73,TEST (3),M 48B 9,5W3-DG;8S28-3
MXX5-9,Deklein,-0.77,TEST (3),M 54B 8,3QE-9Q;JU-OWQ;ZZZR-5
MZ1E-P,Deklein,-0.64,SLYCE (5),M 56B 10,3T7-M8;J1AU-9
N2IS-B,Deklein,-0.60,SLYCE (5),M 43B 7,3T7-M8;VPLL-N
NC-N3F,Deklein,-0.69,TEST (3),M 54B 10,2O9G-D
N-TFXK,Deklein,-0.48,TEST (3),M 76B 14,3OAT-Q;DKUK-G
O-2RNZ,Deklein,-0.51,TEST (3),M 47B 8,3JN9-Q;AGG-NR
OWXT-5,Deklein,-0.56,TEST (3),M 52B 25,0V0R-R;3T7-M8;LEK-N5
QPO-WI,Deklein,-0.14,TEST (3),M 31B 4,94-H3F;FO8M-2
R8S-1K,Deklein,-0.06,TEST (3),M 56B 6,FO8M-2;T-945F
RG9-7U,Deklein,-0.98,SLYCE (5),M 57B 6,CZDJ-1;UJY-HE
RO0-AF,Deklein,-0.84,TEST (3),M 42B 17,5W3-DG;ZOYW-O
S-DN5M,Deklein,-0.85,TEST (3),M 56B 14,JU-OWQ
T-945F,Deklein,-0.09,TEST (3),M 15B 3,4U90-Z;FO8M-2;R8S-1K
TXME-A,Deklein,-0.81,TEST (3),M 70B 13,FMB-JP;YA0-XJ
UEJX-G,Deklein,-0.79,SLYCE (5),M 63B 17,A4L-A2
UJY-HE,Deklein,-1.00,SLYCE (5),M 16B 2,Branch;CZDJ-1;RG9-7U
U-TJ7Y,Deklein,-0.73,SLYCE (5),M 49B 10,A4L-A2;X3-PBC
VFK-IV,Deklein,-0.85,TEST (3),M 50B 12,2-KF56;2R-CRW;I30-3A;II-5O9
VPLL-N,Deklein,-0.49,SLYCE (5),M 49B 11,4N-BUI;9CK-KZ;GY5-26;N2IS-B;XCBK-X
WUZ-WM,Deklein,-0.53,SLYCE (5),M 72B 27,3T7-M8;43B-O1;4N-BUI
X3-PBC,Deklein,-0.77,SLYCE (5),M 17B 7,J1AU-9;U-TJ7Y
XCBK-X,Deklein,-0.48,SLYCE (5),M 6B 4,4N-BUI;9CK-KZ;GY5-26;VPLL-N
XCF-8N,Deklein,-0.45,TEST (3),M 46B 6,94-H3F;CU9-T0;FMB-JP
X-Z4DA,Deklein,-0.42,TEST (3),M 45B 8,33RB-O;3OAT-Q;C7Y-7Z
YA0-XJ,Deklein,-0.82,TEST (3),M 49B 5,2-KF56;2R-CRW;TXME-A
YZ-UKA,Deklein,-0.75,TEST (3),M 53B 10,85-B52;E-FIC0
ZOYW-O,Deklein,-0.82,TEST (3),M 11B 5,3QE-9Q;RO0-AF
ZZZR-5,Deklein,-0.75,TEST (3),M 7B 5,MXX5-9
0-HDC8,Delve,-0.72,DECOY (5),M 23B 8,PUIG-F;SVM-3K
0N-3RO,Delve,-0.20,Blood Raider,M 38B 13,I3Q-II;YZ9-F6
1-2J4P,Delve,-0.41,FURY (5),M 7B 4,9GNS-2;CX8-6K;L-YMYU;M0O-JG
1B-VKF,Delve,-0.04,EVIL. (3),M 43B 10,IP6V-X;QC-YX6
1DH-SX,Delve,-0.02,Blood Raider,M 35B 9,A-ELE2;F2OY-X;PR-8CA;Z3V-1W
1DQ1-A,Delve,-0.39,INIT. (5),M 41B 18,8WA-Z6;MO-GZ5;N-8YET;T5ZI-S
1-SMEB,Delve,-0.10,WINGS (3),M 6B 2,6Q-R50;M5-CGW;Q-HESZ;Sakht
23G-XC,Delve,-0.01,INIT. (5),M 48B 10,JP4-AA
319-3D,Delve,-0.32,Blood Raider,M 55B 14,D-3GIQ;GY6A-L;YZ9-F6
31X-RE,Delve,-0.36,EVIL. (3),M 49B 11,5-6QW7;Q-02UL;Y5C-YD
39P-1J,Delve,-0.56,EVIL. (3),M 52B 9,4O-239;7G-QIG;HZAQ-W;NIDJ-K;PS-94K
3-DMQT,Delve,-1.00,INIT. (5),M 43B 9,N-8YET
4K-TRB,Delve,-0.02,INIT. (5),M 62B 5,D-W7F0;QX-LIJ
4O-239,Delve,-0.35,EVIL. (3),M 9B 5,39P-1J;Q-JQSG;T-M0FA
4X0-8B,Delve,-0.24,INIT. (5),M 68B 16,FM-JK5;JP4-AA;KEE-N6
5-6QW7,Delve,-0.43,EVIL. (3),M 16B 4,31X-RE;Q-02UL
5BTK-M,Delve,-0.65,INIT. (5),M 12B 5,8WA-Z6;Y-OMTZ
5-CQDA,Delve,-0.49,INIT. (5),M 48B 13,I-E3TG;KEE-N6;M2-XFE;S-6HHN;ZXB-VC
6Q-R50,Delve,-0.11,WINGS (3),M 61B 16,1-SMEB;A-ELE2;Q-HESZ;RCI-VL
6Z-CKS,Delve,-0.57,NAVY (5),M 27B 6,7-K6UE;C6Y-ZF;KBAK-I;M-SRKS
7G-QIG,Delve,-0.69,EVIL. (3),M 42B 11,39P-1J;PS-94K
7-K6UE,Delve,-0.85,NAVY (5),M 17B 7,6Z-CKS;C6Y-ZF;G-M5L3;UEXO-Z
7UTB-F,Delve,-0.86,EVIL. (3),M 80B 10,Q-02UL
8F-TK3,Delve,-0.63,NAVY (5),M 6B 7,9O-8W1;PF-KUQ
8RQJ-2,Delve,-0.60,EVIL. (3),M 83B 20,NIDJ-K
8WA-Z6,Delve,-0.63,INIT. (5),M 65B 6,1DQ1-A;5BTK-M;MO-GZ5
9GNS-2,Delve,-0.55,FURY (5),M 45B 8,1-2J4P;CX8-6K;PF-KUQ;YAW-7M
9O-8W1,Delve,-0.77,NAVY (5),M 14B 9,8F-TK3;UEXO-Z
A-ELE2,Delve,-0.01,Blood Raider,M 38B 11,1DH-SX;6Q-R50;Z3V-1W
AJI-MA,Delve,-0.01,WINGS (1),M 48B 16,HM-XR2;Q-HESZ;RF-K9W
C3N-3S,Delve,-0.68,FURY (5),M 51B 22,CX8-6K;LWX-93;QY1E-N;YAW-7M
C6Y-ZF,Delve,-0.56,NAVY (5),M 33B 16,6Z-CKS;7-K6UE;KBAK-I
CX8-6K,Delve,-0.41,FURY (5),M 59B 6,1-2J4P;9GNS-2;C3N-3S
D-3GIQ,Delve,-0.39,WINGS (5),M 39B 12,319-3D;K-6K16
D-W7F0,Delve,-0.12,INIT. (5),M 76B 31,4K-TRB;JP4-AA;T5ZI-S
E3OI-U,Delve,-0.05,EVIL. (3),M 35B 5,IP6V-X;R5-MM8;RF-K9W;T-J6HT
F-9PXR,Delve,-0.06,EVIL. (3),M 50B 7,Q-JQSG;Y5C-YD
FM-JK5,Delve,-0.23,INIT. (5),M 71B 12,4X0-8B;JP4-AA;PDE-U3
F-TE1T,Delve,-0.73,DECOY (5),M 34B 7,J-LPX7;K-6K16
FWST-8,Delve,-0.10,Blood Raider,M 32B 8,G-TT5V;PR-8CA;YZ9-F6
G-M5L3,Delve,-0.78,NAVY (5),M 20B 4,7-K6UE;KBAK-I
G-TT5V,Delve,-0.13,Blood Raider,M 62B 13,FWST-8
GY6A-L,Delve,-0.53,NAVY (5),M 40B 3,319-3D;N8D9-Z;UEXO-Z
HM-XR2,Delve,-0.01,WINGS (1),M 59B 6,AJI-MA;NOL-M9
HZAQ-W,Delve,-0.58,EVIL. (3),M 54B 13,39P-1J;PS-94K
I3Q-II,Delve,-0.25,Blood Raider,M 26B 11,0N-3RO
I-E3TG,Delve,-0.49,INIT. (5),M 62B 8,5-CQDA;M2-XFE
IP6V-X,Delve,-0.03,EVIL. (3),M 13B 2,1B-VKF;E3OI-U
J-LPX7,Delve,-0.69,DECOY (5),M 108B 15,F-TE1T;QY6-RK
JP4-AA,Delve,-0.13,INIT. (5),M 24B 13,23G-XC;4X0-8B;D-W7F0;FM-JK5
K-6K16,Delve,-0.43,DECOY (5),M 80B 17,D-3GIQ;F-TE1T;QY6-RK;W-KQPI
KBAK-I,Delve,-0.64,NAVY (5),M 23B 1,6Z-CKS;C6Y-ZF;G-M5L3
KEE-N6,Delve,-0.23,INIT. (5),M 59B 17,4X0-8B;5-CQDA;M2-XFE
KFIE-Z,Delve,0.00,Blood Raider,M 58B 26,Z3V-1W
LUA5-L,Delve,-0.04,EVIL. (3),M 48B 10,QC-YX6;T-IPZB
LWX-93,Delve,-0.90,FURY (5),M 24B 8,C3N-3S;TN25-J
M0O-JG,Delve,-0.06,FURY (5),M 9B 4,1-2J4P
M2-XFE,Delve,-0.37,INIT. (5),M 43B 5,5-CQDA;I-E3TG;KEE-N6
M5-CGW,Delve,-0.43,WINGS (3),M 44B 5,1-SMEB;ZA9-PY
MJXW-P,Delve,-0.90,WINGS (3),M 88B 14,RCI-VL
MO-GZ5,Delve,-0.71,INIT. (5),M 10B 2,1DQ1-A;8WA-Z6
M-SRKS,Delve,-0.23,NAVY (5),M 36B 11,6Z-CKS
N8D9-Z,Delve,-0.48,NAVY (5),M 120B 21,GY6A-L
N-8YET,Delve,-0.88,INIT. (5),M 61B 12,1DQ1-A;3-DMQT
NIDJ-K,Delve,-0.61,EVIL. (3),M 36B 8,39P-1J;8RQJ-2
NOL-M9,Delve,-0.01,WINGS (1),M 50B 3,HM-XR2;O-IOAI;PR-8CA
O-IOAI,Delve,-0.01,C-D (3),M 44B 8,NOL-M9;QX-LIJ
PDE-U3,Delve,-0.51,INIT. (5),M 92B 24,FM-JK5
PF-KUQ,Delve,-0.46,NAVY (5),M 34B 12,8F-TK3;9GNS-2
PR-8CA,Delve,-0.03,Blood Raider,M 87B 9,1DH-SX;FWST-8;NOL-M9
PS-94K,Delve,-0.75,EVIL. (3),M 10B 3,39P-1J;7G-QIG;HZAQ-W
PUIG-F,Delve,-0.67,DECOY (5),M 21B 5,0-HDC8;W-KQPI
Q-02UL,Delve,-0.57,EVIL. (3),M 56B 11,31X-RE;5-6QW7;7UTB-F;Y5C-YD
QC-YX6,Delve,-0.03,EVIL. (3),M 60B 9,1B-VKF;LUA5-L;T-M0FA
Q-HESZ,Delve,-0.02,WINGS (3),M 55B 20,1-SMEB;6Q-R50;AJI-MA
Q-JQSG,Delve,-0.21,EVIL. (3),M 40B 11,4O-239;F-9PXR;T-M0FA
QX-LIJ,Delve,-0.01,C-D (3),M 6B 1,4K-TRB;O-IOAI
QY6-RK,Delve,-0.60,DECOY (5),M 46B 6,J-LPX7;K-6K16
R5-MM8,Delve,-0.06,EVIL. (3),M 25B 9,E3OI-U
RCI-VL,Delve,-0.69,WINGS (3),M 53B 11,6Q-R50;MJXW-P
RF-K9W,Delve,-0.02,EVIL. (3),M 44B 10,AJI-MA;E3OI-U
S-6HHN,Delve,-0.91,INIT. (5),M 60B 13,5-CQDA
SVM-3K,Delve,-0.63,DECOY (5),M 72B 18,0-HDC8;8QT-H4
T5ZI-S,Delve,-0.14,INIT. (5),M 8B 2,1DQ1-A;D-W7F0
T-IPZB,Delve,-0.11,EVIL. (3),M 60B 10,LUA5-L;T-M0FA
T-J6HT,Delve,-0.01,EVIL. (3),M 27B 7,E3OI-U
T-M0FA,Delve,-0.13,EVIL. (3),M 50B 5,4O-239;QC-YX6;Q-JQSG;T-IPZB
UEXO-Z,Delve,-0.83,NAVY (5),M 6B 3,7-K6UE;9O-8W1;GY6A-L
UHKL-N,Delve,-0.01,Blood Raider,M 67B 14,A-BO4V;Z3V-1W
W-KQPI,Delve,-0.59,DECOY (5),M 37B 1,K-6K16;PUIG-F
Y5C-YD,Delve,-0.24,EVIL. (3),M 68B 18,31X-RE;F-9PXR;Q-02UL
YAW-7M,Delve,-0.76,FURY (5),M 33B 11,9GNS-2;C3N-3S
Y-OMTZ,Delve,-0.93,INIT. (5),M 61B 10,5BTK-M
YZ9-F6,Delve,-0.18,Blood Raider,M 47B 14,0N-3RO;319-3D;FWST-8
Z3V-1W,Delve,0.00,Blood Raider,M 57B 27,1DH-SX;A-ELE2;KFIE-Z;UHKL-N
ZA9-PY,Delve,-0.80,WINGS (3),M 48B 5,M5-CGW
ZXB-VC,Delve,-0.90,INIT. (5),M 38B 5,5-CQDA;Y-2ANO
Abha,Derelik,0.4,Ammatar,M 27B 6,Amphar;Uhtafal
Agha,Derelik,0.7,Ammatar,M 79B 10,Nikh
Akeva,Derelik,0.7,Ammatar,M 36B 5,Gelhan
Akhrad,Derelik,0.4,Ammatar,M 57B 17,Iosantin;Janus;Sharir;Uanzin
Akpivem,Derelik,0.8,Ammatar,M 69B 12,Asghatil;Maspah;Tanoo;Yuzier
Alkez,Derelik,0.8,Ammatar,M33B 3,Hasiari
Amphar,Derelik,0.7,Ammatar,M 55B 13,Abha;Nikh;Salashayama;Usroh
Aranir,Derelik,0.2,Ammatar,M 54B 14,Hahyil;Sosa
Arena,Derelik,0.4,Ammatar,M 66B 11,Dysa;Kehrara;Serad;Uhtafal
Arnola,Derelik,0.5,Ammatar,M 10B 1,Astabih;Kasrasi;Uanzin
Asabona,Derelik,0.3,Ammatar,M 78B 17,Irshah;Onsooh
Asghatil,Derelik,0.8,Ammatar,M 19B 7,Akpivem;Jarizza;Sucha
Asilem,Derelik,0.3,Ammatar,M 51B 10,Dysa;Shach
Assah,Derelik,0.3,Ammatar,M 80B 27,G-5EN2;Gomati;Hasateem;Nakah
Astabih,Derelik,0.4,Ammatar,M 34B 11,Arnola;Bimener;Kenobanala;Khabi;Ubtes
Bairshir,Derelik,0.4,Ammatar,M 49B 3,Bayuka;Moh
Bar,Derelik,0.7,Ammatar,M 60B 19,Gamis;Gomati;Irshah;Jarizza;Sucha
Bayuka,Derelik,0.4,Ammatar,M 71B 15,Bairshir;Dooz;Uzistoon
Bekirdod,Derelik,0.4,Ammatar,M 47B 13,Berta;Gamis
Berta,Derelik,0.5,Ammatar,M 44B 13,Bekirdod;Hothomouh;Juddi;Shedoo
Bimener,Derelik,0.3,Ammatar,M 57B 5,Astabih;Kenobanala;Khabi;Ubtes
Buftiar,Derelik,0.7,Ammatar,M 76B 27,Yadi
Camal,Derelik,0.2,Ammatar,M 13B 6,Jaymass
Chidah,Derelik,0.5,Ammatar,M 51B 10,Onsooh;Shenela;Sooma
Dooz,Derelik,0.4,Ammatar,M 26B 4,Bayuka;Sari;Shenela;Uzistoon
Dysa,Derelik,0.2,Ammatar,M 38B 7,Arena;Asilem;Kehrara;Mahti
Ejahi,Derelik,0.7,Ammatar,M 4B 4,Gelhan;Jarizza
Eshtah,Derelik,0.8,Ammatar,M 63B 19,Kiereend;Ordize;Psasa;Rashy;Zet
Eshwil,Derelik,0.2,Ammatar,M 36B 2,Sosa
Faspera,Derelik,0.1,Ammatar,M6B 5,Jaymass;Mifrata
Fera,Derelik,0.5,Ammatar,M 2B 3,Majamar
Fovihi,Derelik,0.9,Ammatar,M 49B 6,Kasrasi;Kiereend;Zaid
Futzchag,Derelik,0.2,Ammatar,M 66B 9,Jayneleb;Kazna;Lilmad
Gamis,Derelik,0.5,Ammatar,M 16B 7,Bar;Bekirdod;Hothomouh;Nieril;Shedoo
Gelhan,Derelik,0.7,Ammatar,M 70B 24,Akeva;Ejahi
Gomati,Derelik,0.4,Ammatar,M 47B 17,Assah;Bar;Hasateem;Irshah
Hahyil,Derelik,0.2,Ammatar,M 62B 23,Aranir
Hasateem,Derelik,0.4,Ammatar,M 44B 17,Assah;Gomati;Jangar;Nakah
Hasiari,Derelik,0.8,Ammatar,M13B 2,Alkez;Radima;Sasta
Hothomouh,Derelik,0.4,Ammatar,M 38B 18,Berta;Gamis;Nieril
Ibaria,Derelik,0.7,Ammatar,M 3B 4,Juddi;Maspah
Ihal,Derelik,0.5,Ammatar,M 72B 15,Jaymass;Mifrata;Shedoo
Ilahed,Derelik,0.3,Ammatar,M 52B 11,Ishkad;Shamahi;Sosa
Iosantin,Derelik,0.5,Ammatar,M 36B 14,Akhrad;Janus;Sharir
Irshah,Derelik,0.4,Ammatar,M 53B 7,Asabona;Bar;Gomati
Ishkad,Derelik,0.4,Ammatar,M 16B 4,Ilahed
Jangar,Derelik,0.5,Ammatar,M 15B 6,Hasateem
Janus,Derelik,0.5,Ammatar,M 29B 8,Akhrad;Iosantin;Orva;Salashayama
Jarizza,Derelik,0.8,Ammatar,M 69B 13,Asghatil;Bar;Ejahi
Jark,Derelik,0.8,Ammatar,M43B10,Odatrik;Sasta
Jaymass,Derelik,0.2,Ammatar,M 48B 6,Camal;Faspera;Ihal;Mifrata
Jayneleb,Derelik,0.1,Ammatar,M 61B 12,Futzchag;Podion
Jofan,Derelik,0.8,Ammatar,M 35B 10,Odlib;Yadi
Juddi,Derelik,0.6,Ammatar,M 52B 10,Berta;Ibaria;Khankenirdia;Maspah
Kasrasi,Derelik,0.6,Ammatar,M 35B 4,Arnola;Fovihi;Lachailes;Ordize
Kazna,Derelik,0.2,Ammatar,M 70B 5,Futzchag;Sendaya
Kehrara,Derelik,0.4,Ammatar,M 45B 7,Arena;Dysa;Shach;Shamahi
Kenobanala,Derelik,0.3,Ammatar,M 4B 7,Astabih;Audesder;Bimener;Ubtes
Khabi,Derelik,0.2,Ammatar,M 81B 25,7Q-8Z2;Astabih;Bimener;Uanzin;Ubtes
Khankenirdia,Derelik,0.6,Ammatar,M 38B 5,Juddi
Kiereend,Derelik,0.8,Ammatar,M 41B 18,Eshtah;Fovihi;Psasa;Rashy
Lachailes,Derelik,0.6,Ammatar,M 38B 8,Kasrasi;Ordize
Lashesih,Derelik,0.8,Ammatar,M 9B 4,Lisudeh;Sasta
Lilmad,Derelik,0.2,Ammatar,M 56B 5,Futzchag
Mahnagh,Derelik,0.2,Ammatar,M 38B 11,Shach
Mahti,Derelik,0.2,Ammatar,M 81B 14,Dysa
Majamar,Derelik,0.4,Ammatar,M 54B 15,Fera;Mifrata
Maspah,Derelik,0.8,Ammatar,M 44B 13,Akpivem;Ibaria;Juddi;Shala;Zemalu
Mifrata,Derelik,0.3,Ammatar,M 44B 8,Faspera;Ihal;Jaymass;Majamar;Sendaya
Milu,Derelik,0.8,Ammatar,M 66B 19,Tidacha
Moh,Derelik,0.5,Ammatar,M 20B 6,Bairshir
Mohas,Derelik,0.7,Ammatar,M 27B 8,Nimambal;Radima
Nakah,Derelik,0.4,Ammatar,M 7B 3,Assah;Devoid;Hasateem;Rahadalon
Nazhgete,Derelik,0.4,Ammatar,M 67B 18,Onsooh
Nieril,Derelik,0.4,Ammatar,M 40B 6,Gamis;Hothomouh
Nikh,Derelik,0.8,Ammatar,M 53B 7,Agha;Amphar;Nirbhi;Usroh
Nimambal,Derelik,0.6,Ammatar,M 37B 5,Mohas;Ubtes;Yishinoon
Nirbhi,Derelik,0.9,Ammatar,M 71B 8,Nikh;Tidacha;Yuzier;Zaid
Odlib,Derelik,0.8,Ammatar,M 32B 23,Jofan;Tidacha;Yadi
Onsooh,Derelik,0.4,Ammatar,M 66B 14,Asabona;Chidah;Nazhgete;Sendaya;Shamahi
Ordize,Derelik,0.7,Ammatar,M 34B 7,Eshtah;Kasrasi;Lachailes;Rashy
Orva,Derelik,0.5,Ammatar,M 62B 11,Janus;Thiarer;Zet
Pirohdim,Derelik,0.6,Ammatar,M 77B 12,Thiarer;Zet
Podion,Derelik,0.1,Ammatar,M 59B 10,Jayneleb
Psasa,Derelik,0.7,Ammatar,M 52B 2,Eshtah;Kiereend;Rashy
Radima,Derelik,0.8,Ammatar,M 62B 10,Hasiari;Mohas
Rashy,Derelik,0.8,Ammatar,M 59B 6,Eshtah;Kiereend;Ordize;Psasa
Salashayama,Derelik,0.7,Ammatar,M 26B 4,Amphar;Janus
Sari,Derelik,0.4,Ammatar,M 51B 18,Dooz;Timeor;Uzistoon
Sasta,Derelik,0.8,Ammatar,M 81B 10,Hasiari;Jark;Lashesih;Tanoo
Sendaya,Derelik,0.3,Ammatar,M 35B 13,Doril;Kazna;Mifrata;Onsooh
Serad,Derelik,0.5,Ammatar,M 77B 21,Arena;Uhtafal
Shach,Derelik,0.3,Ammatar,M 26B 5,Asilem;Kehrara;Mahnagh;Timeor
Shala,Derelik,0.7,Ammatar,M 27B 8,Maspah;Zemalu
Shamahi,Derelik,0.4,Ammatar,M 61B 9,Ilahed;Kehrara;Onsooh
Sharir,Derelik,0.4,Ammatar,M 40B 14,Akhrad;Iosantin
Shedoo,Derelik,0.5,Ammatar,M 55B 16,Berta;Gamis;Ihal
Shenela,Derelik,0.5,Ammatar,M 45B 6,Chidah;Dooz
Sooma,Derelik,0.6,Ammatar,M 44B 6,Chidah
Sosa,Derelik,0.3,Ammatar,M 69B 19,Aranir;Eshwil;Ilahed
Sucha,Derelik,0.7,Ammatar,M 81B 20,Asghatil;Bar
Tanoo,Derelik,0.9,Ammatar,M 7B 4,Akpivem;Sasta;Yuzier
Thiarer,Derelik,0.5,Ammatar,M 32B 8,Orva;Pirohdim;Zet
Tidacha,Derelik,0.8,Ammatar,M 91B 17,Milu;Nirbhi;Odlib
Timeor,Derelik,0.3,Ammatar,M 72B 8,Sari;Shach
Uanzin,Derelik,0.4,Ammatar,M 33B 8,Akhrad;Arnola;Khabi
Ubtes,Derelik,0.3,Ammatar,M 28B 7,Astabih;Bimener;Kenobanala;Khabi;Nimambal
Uhtafal,Derelik,0.5,Ammatar,M 43B 14,Abha;Arena;Serad
Uplingur,Derelik,0.4,Ammatar,M 45B 10,Trytedald;Yishinoon
Usroh,Derelik,0.6,Ammatar,M 20B 9,Amphar;Nikh
Uzistoon,Derelik,0.4,Ammatar,M 36B 9,Bayuka;Dooz;Sari
Yadi,Derelik,0.8,Ammatar,M 76B 13,Buftiar;Jofan;Odlib
Yishinoon,Derelik,0.4,Ammatar,M 52B 17,Nimambal;Uplingur
Yuzier,Derelik,0.9,Ammatar,M 30B 10,Akpivem;Nirbhi;Tanoo
Zaid,Derelik,0.9,Ammatar,M 25B 6,Fovihi;Nirbhi
Zemalu,Derelik,0.7,Ammatar,M 13B 5,Maspah;Shala
Zet,Derelik,0.6,Ammatar,M 70B 6,Eshtah;Orva;Pirohdim;Thiarer
0-G8NO,Detorid,-0.69,CONDI (5),M 60B 6,HZFJ-M;SLVP-D
0IF-26,Detorid,-0.40,CONDI (5),M 36B 0,W6P-7U
0-W778,Detorid,-0.22,CONDI (5),M 26B 0,5J4K-9;DG-8VJ;MD-0AW
1-GBVE,Detorid,-0.44,CONDI (5),M 9B 0,E-1XVP;L8-WNE
1KAW-T,Detorid,-0.40,CONDI (5),M 8B 0,0-6VZ5;DG-8VJ
1-PGSG,Detorid,-0.50,CONDI (5),M 64B 19,2-X0PF
2-X0PF,Detorid,-0.38,CONDI (5),M 59B 0,1-PGSG;OFVH-Y;QLPX-J
3-3EZB,Detorid,-0.51,CONDI (5),M 60B 8,52CW-6;C5-SUU
3-LJW3,Detorid,-0.62,CONDI (5),M 14B 7,5H-SM2;C5-SUU;ZLO3-V
4NDT-W,Detorid,-0.33,CONDI (5),M 36B 0,9-OUGJ;DG-8VJ;GM-50Y
52CW-6,Detorid,-0.46,CONDI (5),M 51B 6,3-3EZB;TYB-69
5J4K-9,Detorid,-0.20,CONDI (5),M 44B 0,0-W778;DG-8VJ
5OJ-G2,Detorid,-0.47,CONDI (5),M 50B 16,9-02G0;L-QQ6P;XA5-TY
62O-UE,Detorid,-0.56,CONDI (5),M 54B 17,M-ZJWJ;O5Q7-U
6OU9-U,Detorid,-0.32,CONDI (5),M 77B 0,9N-0HF;GR-X26
77S8-E,Detorid,-0.82,CONDI (5),M 60B 10,46DP-O;FMH-OV;HZFJ-M;SLVP-D
7-A6XV,Detorid,-0.45,CONDI (5),M 70B 20,H-93YV;U69-YC
7-P1JO,Detorid,-0.25,CONDI (5),M 44B 0,DX-TAR;T-0JWP;TYB-69
8FN-GP,Detorid,-0.51,CONDI (5),M 45B 11,5C-RPA;FIDY-8
9-02G0,Detorid,-0.47,CONDI (5),M 88B 10,5OJ-G2;M-XUZZ
9N-0HF,Detorid,-0.26,CONDI (5),M 4B 0,6OU9-U;SHBF-V;WU-FHQ
9-OUGJ,Detorid,-0.36,CONDI (5),M 53B 0,4NDT-W;U-OVFR
A-7XFN,Detorid,-0.23,CONDI (5),M 29B 0,DX-TAR;O3-4MN
A-C5TC,Detorid,-0.24,CONDI (5),M 20B 0,FR46-E;QLPX-J;RZ-PIY
B-5UFY,Detorid,-0.40,CONDI (5),M 15B 0,PQRE-W;V-4DBR
BOZ1-O,Detorid,-0.15,CONDI (5),M 36B 0,E-ACV6;Q0J-RH;QIMO-2
C5-SUU,Detorid,-0.51,CONDI (5),M 47B 13,3-3EZB;3-LJW3;P7MI-T;XSUD-1
D-0UI0,Detorid,-0.32,CONDI (5),M 48B 0,G3D-ZT;U-OVFR
DG-8VJ,Detorid,-0.35,CONDI (5),M 72B 0,0-W778;1KAW-T;4NDT-W;5J4K-9
DVWV-3,Detorid,-0.36,CONDI (5),M 29B 0,DX-DFJ;I-9GI1;KE-0FB
DX-DFJ,Detorid,-0.27,CONDI (5),M 15B 0,DVWV-3;KE-0FB;U0W-DR
DX-TAR,Detorid,-0.24,CONDI (5),M 36B 0,7-P1JO;A-7XFN;T-0JWP
E-1XVP,Detorid,-0.21,CONDI (5),M 52B 0,1-GBVE;S-51XG
E51-JE,Detorid,-0.28,CONDI (5),M 58B 0,H-93YV
E-ACV6,Detorid,-0.16,CONDI (5),M 68B 0,BOZ1-O;S-51XG;Z-2Y2Y
EDQG-L,Detorid,-0.21,CONDI (5),M 45B 0,J-L9MA;TYB-69
Etherium Reach,Detorid,-0.16,,,C6C-K9;EFM-C4
EU9-J3,Detorid,-0.25,CONDI (5),M 65B 0,SK42-F
F2W-C6,Detorid,-0.71,CONDI (5),M 10B 3,KZ9T-C;X40H-9
F9O-U9,Detorid,-0.17,CONDI (5),M 50B 0,QIMO-2;RZ-PIY;S-51XG
FIDY-8,Detorid,-0.52,CONDI (5),M 51B 5,8FN-GP;X40H-9
FMH-OV,Detorid,-0.90,CONDI (5),M 81B 22,77S8-E;KZ9T-C
FR46-E,Detorid,-0.27,CONDI (5),M 12B 0,A-C5TC;RZ-PIY;SAI-T9;U0W-DR
G3D-ZT,Detorid,-0.34,CONDI (5),M 35B 0,D-0UI0;GC-LTF;L8-WNE;NB-ALM
GC-LTF,Detorid,-0.26,CONDI (5),M 7B 0,G3D-ZT
GR-X26,Detorid,-0.32,CONDI (5),M 45B 0,6OU9-U;U-OVFR
H-93YV,Detorid,-0.33,CONDI (5),M 45B 0,7-A6XV;E51-JE;QXE-1N;W6P-7U
H-FGJO,Detorid,-0.21,CONDI (5),M 52B 0,LT-XI4;MD-0AW;O3-4MN
HZFJ-M,Detorid,-0.71,CONDI (5),M 67B 27,0-G8NO;77S8-E
I-9GI1,Detorid,-0.20,CONDI (5),M 49B 0,DVWV-3;E8-YS9;Immensea;KE-0FB
IAS-I5,Detorid,-0.39,CONDI (5),M 31B 0,K7S-FF;O3-4MN;RT-9WL;SAI-T9
JFV-ID,Detorid,-0.36,CONDI (5),M 43B 0,P7MI-T;ZLO3-V
J-L9MA,Detorid,-0.24,CONDI (5),M 40B 0,EDQG-L
K7S-FF,Detorid,-0.34,CONDI (5),M 64B 0,IAS-I5;SAI-T9
KE-0FB,Detorid,-0.25,CONDI (5),M 50B 0,DVWV-3;DX-DFJ;I-9GI1
KZ9T-C,Detorid,-0.77,CONDI (5),M 66B 11,F2W-C6;FMH-OV;XW2H-V
L8-WNE,Detorid,-0.44,CONDI (5),M 59B 0,1-GBVE;G3D-ZT
L-L7PE,Detorid,-0.56,CONDI (5),M 44B 11,U69-YC
L-QQ6P,Detorid,-0.35,CONDI (5),M 42B 0,5OJ-G2;LT-XI4
LT-XI4,Detorid,-0.24,CONDI (5),M 11B 0,H-FGJO;L-QQ6P
MD-0AW,Detorid,-0.20,CONDI (5),M 78B 0,0-W778;H-FGJO
M-XUZZ,Detorid,-0.46,CONDI (5),M 8B 6,9-02G0;SLVP-D
NB-ALM,Detorid,-0.46,CONDI (5),M 7B 2,G3D-ZT
O3-4MN,Detorid,-0.25,CONDI (5),M 62B 0,A-7XFN;H-FGJO;IAS-I5;U-MFTL
O5Q7-U,Detorid,-0.60,CONDI (5),M 79B 27,62O-UE;RT-9WL
OEG-K9,Detorid,-0.80,CONDI (5),M 54B 14,PQRE-W;V7G-RL
OFVH-Y,Detorid,-0.30,CONDI (5),M 55B 0,2-X0PF;QLPX-J;XSUD-1
P7MI-T,Detorid,-0.40,CONDI (5),M 29B 0,C5-SUU;JFV-ID
PQRE-W,Detorid,-0.62,CONDI (5),M 68B 10,B-5UFY;OEG-K9
Q0J-RH,Detorid,-0.14,CONDI (5),M 57B 0,BOZ1-O
QIMO-2,Detorid,-0.15,CONDI (5),M 84B 0,BOZ1-O;F9O-U9
QLPX-J,Detorid,-0.28,CONDI (5),M 25B 0,2-X0PF;A-C5TC;OFVH-Y
QRFJ-Q,Detorid,-0.53,CONDI (5),M 8B 2,SLVP-D
QXE-1N,Detorid,-0.35,CONDI (5),M 30B 0,H-93YV
RT-9WL,Detorid,-0.50,CONDI (5),M 64B 9,IAS-I5;O5Q7-U;SAI-T9
RZ-PIY,Detorid,-0.23,CONDI (5),M 74B 0,A-C5TC;F9O-U9;FR46-E
S-51XG,Detorid,-0.14,CONDI (5),M 25B 0,E-1XVP;E-ACV6;F9O-U9
SAI-T9,Detorid,-0.31,CONDI (5),M 71B 0,FR46-E;IAS-I5;K7S-FF;RT-9WL
SK42-F,Detorid,-0.32,CONDI (5),M 40B 0,EU9-J3;V-4DBR
SLVP-D,Detorid,-0.57,CONDI (5),M 44B 9,0-G8NO;77S8-E;M-XUZZ;QRFJ-Q
SY-UWN,Detorid,-0.18,CONDI (5),M 45B 0,U0W-DR;X-31TE
T-0JWP,Detorid,-0.24,CONDI (5),M 70B 0,7-P1JO;DX-TAR
TYB-69,Detorid,-0.34,CONDI (5),M 22B 0,52CW-6;7-P1JO;EDQG-L
U0W-DR,Detorid,-0.24,CONDI (5),M 5B 0,DX-DFJ;FR46-E;SY-UWN
U69-YC,Detorid,-0.52,CONDI (5),M 77B 15,7-A6XV;GB-6X5;L-L7PE
U-MFTL,Detorid,-0.31,CONDI (5),M 27B 0,O3-4MN;W6P-7U
U-OVFR,Detorid,-0.31,CONDI (5),M 56B 0,9-OUGJ;D-0UI0;GR-X26
V-4DBR,Detorid,-0.32,CONDI (5),M17B0,B-5UFY;SK42-F;WU-FHQ
W6P-7U,Detorid,-0.32,CONDI (5),M 4B 0,0IF-26;H-93YV;U-MFTL
WU-FHQ,Detorid,-0.26,CONDI (5),M 41B 0,9N-0HF;V-4DBR
X-31TE,Detorid,-0.20,CONDI (5),M 43B 0,SY-UWN
X40H-9,Detorid,-0.62,CONDI (5),M 61B 15,F2W-C6;FIDY-8
XA5-TY,Detorid,-0.53,CONDI (5),M 25B 6,5OJ-G2
XSUD-1,Detorid,-0.34,CONDI (5),M 45B 0,C5-SUU;OFVH-Y
XW2H-V,Detorid,-0.87,CONDI(5),M 13B 5,KZ9T-C
Z-2Y2Y,Detorid,-0.15,CONDI (5),M 42B 0,E-ACV6
ZLO3-V,Detorid,-0.59,CONDI (5),M90B 35,3-LJW3;JFV-ID
Akes,Devoid,0.8,Amarr,M 44B 16,Hati;Mehatoor;Uadelah
Arayar,Devoid,0.4,Amarr,M 40B 6,Asghed;Halmah;Labapi
Arveyil,Devoid,0.5,Amarr,M 28B 12,Palpis;Uktiad
Arzad,Devoid,0.2,Amarr,M 42B 29,Ezzara;Sifilar;Tararan
Asghed,Devoid,0.4,Amarr,M 32B 13,Arayar;Halmah;Labapi;Sosan;Tararan
Choonka,Devoid,0.6,Amarr,M 27B 10,Dihra;Dital;Esescama;Kamela;Thasinaz
Devoid,Devoid,0.4,,,Nakah
Dihra,Devoid,0.6,Amarr,M 58B 13,Choonka;Dital;Naeel;Thasinaz
Dital,Devoid,0.5,Amarr,M 57B 10,Choonka;Dihra;Esescama;KBP7-G
Ehnoum,Devoid,0.6,Amarr,M 73B 12,Lower Debyl;Mendori;Shastal;Upper Debyl
Eredan,Devoid,0.7,Amarr,M 11B 1,Lisudeh;Mehatoor
Esescama,Devoid,0.6,Amarr,M 79B 8,Choonka;Dital;Odin;Uadelah
Ezzara,Devoid,0.2,Amarr,M 33B 2,Arzad;Vard
Faktun,Devoid,0.6,Amarr,M 35B 15,Mili;Ulerah
Gheth,Devoid,0.6,Amarr,M 48B 13,Mehatoor;Sasoutikh
Hakshma,Devoid,0.6,Amarr,M 60B 12,Nakatre;Riavayed;Shastal
Halenan,Devoid,0.6,Amarr,M 41B 7,Mili;Uktiad;Ulerah
Halmah,Devoid,0.4,Amarr,M 37B 1,Arayar;Asghed;Mili;Tararan
Hati,Devoid,0.8,Amarr,M 9B 2,Akes;Jarkkolen;Riavayed;Uadelah;Yuhelia
Ibash,Devoid,0.2,Amarr,M 24B 7,Itsyamil;Soosat;Ussad
Itsyamil,Devoid,0.2,Amarr,M 49B 20,Ibash;Rahadalon
Labapi,Devoid,0.4,Amarr,M 47B 9,Arayar;Asghed;Roushzar
Laddiaha,Devoid,0.7,Amarr,M 48B 12,Lower Debyl;Naeel;Nakatre;Uadelah;Upper Debyl
Lisudeh,Devoid,0.8,Amarr,M 58B 9,Eredan;Lashesih
Lower Debyl,Devoid,0.6,Amarr,M 40B 16,Ehnoum;Laddiaha;Naeel;Shastal;Upper Debyl
Mehatoor,Devoid,0.7,Amarr,M 6B 4,Akes;Eredan;Gheth;Raa
Mendori,Devoid,0.5,Amarr,M 25B 5,Ehnoum;Nakatre;Rahadalon
Mili,Devoid,0.6,Amarr,M 33B 5,Faktun;Halenan;Halmah
Naeel,Devoid,0.6,Amarr,M 68B 14,Dihra;Laddiaha;Lower Debyl;Shastal
Nakatre,Devoid,0.6,Amarr,M 26B 11,Hakshma;Laddiaha;Mendori;Riavayed
Nidebora,Devoid,0.8,Amarr,M 9B 3,Palpis;Ulerah
Odin,Devoid,0.6,Amarr,M 20B 3,Esescama;Ohide
Ohide,Devoid,0.6,Amarr,M 40B 8,Kamela;Odin;Sasoutikh
Oyeman,Devoid,0.2,Amarr,M 72B 9,Sifilar;Tzvi
Palpis,Devoid,0.5,Amarr,M 55B 9,Arveyil;Nidebora
Raa,Devoid,0.3,Amarr,M 14B 3,Mehatoor;Sifilar;Tzvi
Rahadalon,Devoid,0.4,Amarr,M 22B 4,Itsyamil;Mendori;Nakah;Soosat
Riavayed,Devoid,0.6,Amarr,M 56B 10,Hakshma;Hati;Nakatre
Roushzar,Devoid,0.4,Amarr,M 34B 12,Huola;Labapi;The Bleak Lands
Sasoutikh,Devoid,0.6,Amarr,M 39B 9,Gheth;Ohide
Shastal,Devoid,0.5,Amarr,M 44B 10,Ehnoum;Hakshma;Lower Debyl;Naeel;Thakala
Sifilar,Devoid,0.3,Amarr,M 48B 10,Arzad;Oyeman;Raa;Tzvi
Soosat,Devoid,0.3,Amarr,M 78B 25,Ibash;Rahadalon
Sosan,Devoid,0.3,Amarr,M 63B 12,Asghed;Oyonata;Tararan
Tararan,Devoid,0.3,Amarr,M 57B 10,Arzad;Asghed;Halmah;Sosan
Thakala,Devoid,0.4,Amarr,M 44B 2,Shastal
Thasinaz,Devoid,0.6,Amarr,M 36B 6,Choonka;Dihra
Tzvi,Devoid,0.3,Amarr,M 43B 7,Lamaa;Oyeman;Raa;Sifilar
Uadelah,Devoid,0.8,Amarr,M 55B 15,Akes;Esescama;Hati;Laddiaha
Uktiad,Devoid,0.6,Amarr,M 81B 6,Arveyil;Halenan
Ulerah,Devoid,0.7,Amarr,M 43B 8,Faktun;Halenan;Nidebora
Upper Debyl,Devoid,0.7,Amarr,M 37B 14,Ehnoum;Laddiaha;Lower Debyl
Ussad,Devoid,0.2,Amarr,M 85B 18,Ibash
Abaim,Domain,0.8,Amarr,M 12B 4,Sayartchen;Somouh;Sorzielang
Adia,Domain,0.7,Amarr,M 63B 12,Shabura
Afivad,Domain,0.5,Amarr,M 53B 12,Anila;Hahda
Aghesi,Domain,0.8,Amarr,M 55B 18,Airshaz;Charra;Fabin;Maiah;Murema;Murzi;Patzcha;Yuhelia
Ahala,Domain,0.5,Amarr,M 54B 13,Arera;Hizhara
Ahmak,Domain,0.6,Amarr,M 5B 6,Jarshitsan
Airshaz,Domain,0.7,Amarr,M 97B 17,Aghesi;Mista
Akhragan,Domain,0.8,Amarr,M 16B 7,Kehour;Mikhir;Ziona;Zororzih
Akila,Domain,0.3,Amarr,M 85B 26,Basan
Aldali,Domain,0.4,Amarr,M 24B7,Iro;Sakhti
Alkabsi,Domain,0.7,Amarr,M 37B 9,Mahrokht;Sarum Prime
Amarr,Domain,0.9,Amarr,M 32B 15,Bhizheba;Hedion;Irnin;Kor-Azor Prime;Sarum Prime
Ana,Domain,0.9,Amarr,M 57B 4,Jaswelu;Zhilshinou
Andabiar,Domain,0.6,Amarr,M 23B 4,Armala;Goram;Mista
Anila,Domain,0.7,Amarr,M 33B 5,Afivad;Etav;Hahda;Hisoufad;Pedel;Saheri;Yeeramoun
Arbaz,Domain,0.9,Amarr,M42B 16,Chaven;Deepari;Kudi
Ardishapur Prime,Domain,0.7,Amarr,M 47B 5,Ekid;Gid;Rasile
Arera,Domain,0.6,Amarr,M 66B 13,Ahala;Bashakru;Hizhara;Knophtikoo;Seiradih
Armala,Domain,0.8,Amarr,M 62B 24,Andabiar;Gaha;Ilonarav;Murema
Arodan,Domain,0.3,Amarr,M 9B 5,Rammi;Rimbah
Arshat,Domain,0.6,Amarr,M 25B 10,Jerma;Sadye
Arton,Domain,0.4,Amarr,M 44B 30,Bittanshal;Jambu;Sieh;Warouh
Artoun,Domain,0.8,Amarr,M 30B 6,Ebtesham;Nafomeh;Safizon
Asoutar,Domain,0.3,Amarr,M 48B 21,Avair;Rayl
Avair,Domain,0.4,Amarr,M 81B 16,Asoutar;Ebo;Rayl;Tastela
Azizora,Domain,0.6,Amarr,M 44B 12,Hadonoo;Luromooh;Shabura
Bagodan,Domain,0.7,Amarr,M 71B 18,Barira;Hama;Merz;Murzi
Bahromab,Domain,0.6,Amarr,M 37B 6,Kudi;Madirmilire;Saana
Barira,Domain,0.8,Amarr,M 37B 10,Bagodan;Yuhelia
Basan,Domain,0.3,Amarr,M 43B 17,Akila;Esmes;Shajarleg
Bashakru,Domain,0.6,Amarr,M 14B 3,Arera;Mikhir;Shuria;Sukirah
Bhizheba,Domain,0.9,Amarr,M 20B 4,Amarr;Eba;Romi;Tash-Murkon Prime;Zatsyaki
Bika,Domain,0.5,Amarr,M 31B 6,Jerma;Miyeli;Noli;Reyi;Sadye
Biphi,Domain,0.2,Amarr,M 42B 6,Mamet;Yong
Bittanshal,Domain,0.5,Amarr,M 56B 6,Arton;Jambu;Sibot;Warouh
Boranai,Domain,0.9,Amarr,M 30B 6,Hedion;Kador Prime;Kehour;Toshabia
Bourar,Domain,0.4,Amarr,M 12B3,Rimbah;Sobenah
Cailanar,Domain,0.7,Amarr,M 48B 12,Murema
Charra,Domain,0.8,Amarr,M 58B 18,Aghesi;Patzcha
Chaven,Domain,0.9,Amarr,M 14B 4,Arbaz;Penirgman
Chemilip,Domain,0.6,Amarr,M 63B 21,Herila;Hisoufad;Jesoyeh;Raravath
Chesoh,Domain,0.9,Amarr,M 29B 6,Herila;Irnal
Clarelam,Domain,0.5,Amarr,M 49B 9,Tastela
Dakba,Domain,0.7,Amarr,M 14B 3,Sitanan
Deepari,Domain,0.9,Amarr,M 14B 4,Arbaz
Ealur,Domain,0.5,Amarr,M 64B 10,Fahruni;Sahda
Eba,Domain,0.9,Amarr,M 45B 9,Bhizheba;Fora;Safizon;Zatsyaki
Ebidan,Domain,0.9,Amarr,M 17B 4,Hedion;Mabnen;Simbeloud
Ebo,Domain,0.5,Amarr,M 49B 9,Avair;Esteban;Ilonarav;Porsharrah;Rayl
Ebtesham,Domain,0.7,Amarr,M 29B 8,Artoun;Isamm;Safizon
Ekid,Domain,0.7,Amarr,M 14B 8,Ardishapur Prime;Nakri;Youl
Erzoh,Domain,0.5,Amarr,M 51B 10,Namaili;Raravath
Essence,Domain,0.9,,,Arraron;Erme;Laurvier
Esteban,Domain,0.6,Amarr,M 34B 5,Ebo;Ilonarav;Luromooh;Sahdil
Etav,Domain,0.8,Amarr,M 52B 5,Anila;Ides;Lahnina;Pedel;Yeeramoun
Fabin,Domain,0.7,Amarr,M 52B 4,Aghesi;Maiah
Fabum,Domain,0.7,Amarr,M 8B 4,Kudi;Sharji
Fahruni,Domain,0.5,Amarr,M 48B 22,Ealur;Hiroudeh
Faswiba,Domain,0.4,Amarr,M 63B 8,Hayumtom;Merz;Miakie
Fora,Domain,0.9,Amarr,M 14B 4,Eba
Gaha,Domain,0.7,Amarr,M 66B 11,Armala
Galeh,Domain,0.4,Amarr,M 50B 10,Madimal;Sirkahri
Gid,Domain,0.7,Amarr,M 37B 12,Ardishapur Prime;Isamm;Nererut;Shumam
Gosalav,Domain,0.7,Amarr,M 6B 3,Sayartchen;Sharji
Hadonoo,Domain,0.6,Amarr,M 55B 5,Azizora;Jarshitsan
Hahda,Domain,0.6,Amarr,M 49B 14,Afivad;Anila;Hisoufad
Hai,Domain,0.5,Amarr,M 47B 14,Neziel;Seiradih
Hama,Domain,0.8,Amarr,M 40B 22,Bagodan;Sarum Prime
Hamse,Domain,0.9,Amarr,M42B 6,Jaswelu;Lashkai;Maiah;Zhilshinou
Hanan,Domain,0.9,Amarr,M 14B 4,Irnal
Hayumtom,Domain,0.5,Amarr,M 13B4,Faswiba;Zanka
Hedion,Domain,0.9,Amarr,M 53B 12,Amarr;Boranai;Ebidan;Mabnen
Herila,Domain,0.8,Amarr,M 52B 12,Chemilip;Chesoh
Hiramu,Domain,0.5,Amarr,M 46B 6,Mazitah
Hisoufad,Domain,0.7,Amarr,M 48B 13,Anila;Chemilip;Hahda;Uzigh
Hizhara,Domain,0.6,Amarr,M 50B 20,Ahala;Arera
Horir,Domain,0.9,Amarr,M 14B 4,Somouh
Hoshoun,Domain,0.1,Amarr,M 76B 18,Mamet;Ziriert
Hutian,Domain,0.5,Amarr,M 9B 2,Mazitah
Ides,Domain,0.8,Amarr,M 29B 5,Etav;Yeeramoun
Ilonarav,Domain,0.8,Amarr,M 35B 7,Armala;Ebo;Esteban;Nadohman;Sahdil
Irnal,Domain,0.9,Amarr,M 30B 4,Chesoh;Hanan;Sarum Prime;Thebeka
Irnin,Domain,0.7,Amarr,M 55B 14,Amarr;Martha;Toshabia
Isamm,Domain,0.7,Amarr,M 63B 10,Ebtesham;Gid
Jambu,Domain,0.5,Amarr,M 70B 9,Arton;Bittanshal;Madimal;Warouh
Jarshitsan,Domain,0.6,Amarr,M 46B 10,Ahmak;Hadonoo;Luromooh;Matyas
Jaswelu,Domain,0.8,Amarr,M 47B 7,Ana;Hamse;Lashkai;Maiah
Jerma,Domain,0.5,Amarr,M 53B 17,Arshat;Bika;Sadye
Jesoyeh,Domain,0.7,Amarr,M 65B 15,Chemilip
Joppaya,Domain,0.5,Amarr,M 72B 16,Pelkia;Riramia
Kehour,Domain,0.9,Amarr,M 30B 12,Akhragan;Boranai
Kheram,Domain,0.4,Amarr,M 75B 19,Mista;Sibot;Unefsih
Khopa,Domain,0.8,Amarr,M 74B 22,Nafomeh;Penirgman;Yeeramoun
Knophtikoo,Domain,0.7,Amarr,M 48B 9,Arera
Kudi,Domain,0.7,Amarr,M 14B 2,Arbaz;Bahromab;Fabum;Sharji
Lahnina,Domain,0.7,Amarr,M 14B 5,Etav;Saheri
Lashkai,Domain,0.9,Amarr,M 33B 13,Hamse;Jaswelu;Maiah;Zhilshinou
Luromooh,Domain,0.6,Amarr,M 30B 11,Azizora;Esteban;Jarshitsan;Nalu;Sahdil;Shabura
Mabnen,Domain,0.9,Amarr,M 47B 13,Ebidan;Hedion;Martha;Simbeloud
Madimal,Domain,0.7,Amarr,M 27B 7,Galeh;Jambu;Patzcha
Madirmilire,Domain,0.6,Amarr,M 25B 11,Bahromab;Romi;Saana
Mahrokht,Domain,0.9,Amarr,M 88B 20,Alkabsi;Otelen
Mai,Domain,0.4,Amarr,M 43B 14,Zaimeth
Maiah,Domain,0.8,Amarr,M 23B 10,Aghesi;Fabin;Hamse;Jaswelu;Lashkai;Yuhelia
Mamenkhanar,Domain,0.7,Amarr,M 78B 21,Seiradih;Toshabia
Mamet,Domain,0.1,Amarr,M 62B 17,Biphi;Hoshoun;Misaba;Rephirib;Valmu;Ziriert
Martha,Domain,0.7,Amarr,M 52B 6,Irnin;Kooreng;Mabnen
Mazitah,Domain,0.5,Amarr,M 55B 14,Hiramu;Hutian;Pelkia;Sakhti
Merz,Domain,0.7,Amarr,M 23B 8,Bagodan;Faswiba;Miakie;Sirkahri
Miakie,Domain,0.5,Amarr,M 58B 9,Faswiba;Merz
Mikhir,Domain,0.7,Amarr,M 31B 7,Akhragan;Bashakru;Ziona
Milal,Domain,0.3,Amarr,M 69B 16,Rammi;Shuria;Sobenah
Misaba,Domain,0.1,Amarr,M 24B 7,Mamet;R3-K7K;Ziriert
Mista,Domain,0.5,Amarr,M 54B 12,Airshaz;Andabiar;Kheram;Murzi
Miyeli,Domain,0.4,Amarr,M 52B 17,Bika;Reyi
Moussou,Domain,0.8,Amarr,M 57B 7,Nadohman;Rasile
Murema,Domain,0.7,Amarr,M 7B 2,Aghesi;Armala;Cailanar;Warouh
Murzi,Domain,0.6,Amarr,M 35B 7,Aghesi;Bagodan;Mista
Nadohman,Domain,0.7,Amarr,M 59B 12,Ilonarav;Moussou;Sahdil
Naguton,Domain,0.3,Amarr,M 6B 4,Sahda;Sayartchen
Nakri,Domain,0.8,Amarr,M 62B 24,Ekid;Youl
Nalu,Domain,0.6,Amarr,M 41B 9,Luromooh
Namaili,Domain,0.4,Amarr,M 56B 11,Erzoh;Raravath
Narai,Domain,0.5,Amarr,M 39B 6,Fensi;Kor-Azor;Shuria
Nererut,Domain,0.8,Amarr,M 42B 9,Gid;Nifshed;Rasile;Vashkah
Neziel,Domain,0.4,Amarr,M 20B 3,Hai;Ruchy;Seiradih
Nifshed,Domain,0.7,Amarr,M 31B 7,Nererut;Sadye;Vashkah
Noli,Domain,0.6,Amarr,M37B3,Bika;Raren
Nomash,Domain,0.4,Amarr,M 19B 6,Sakhti;Shousran
Orkashu,Domain,0.8,Amarr,M 34B 3,Penirgman;Youl
Patzcha,Domain,0.7,Amarr,M 53B 10,Aghesi;Charra;Madimal
Pedel,Domain,0.7,Amarr,M 33B 11,Anila;Etav
Pelkia,Domain,0.5,Amarr,M 24B1,Joppaya;Mazitah;Raren
Penirgman,Domain,0.9,Amarr,M 22B 7,Chaven;Khopa;Orkashu
Porsharrah,Domain,0.4,Amarr,M 27B 4,Ebo;Rayl
Rammi,Domain,0.3,Amarr,M 49B 13,Arodan;Milal
Raravath,Domain,0.4,Amarr,M 15B 5,Chemilip;Erzoh;Namaili
Raren,Domain,0.5,Amarr,M 64B 17,Noli;Pelkia
Rasile,Domain,0.9,Amarr,M 10B 7,Ardishapur Prime;Moussou;Nererut;Thebeka
Rayl,Domain,0.5,Amarr,M 29B 4,Asoutar;Avair;Ebo;Porsharrah
Rephirib,Domain,0.1,Amarr,M 32B 17,Mamet
Reyi,Domain,0.3,Amarr,M 25B 4,Bika;Miyeli
Rimbah,Domain,0.3,Amarr,M 19B 8,Arodan;Bourar
Ruchy,Domain,0.4,Amarr,M 58B 29,Neziel
Saana,Domain,0.6,Amarr,M 28B 5,Bahromab;Madirmilire
Sadye,Domain,0.6,Amarr,M 38B 11,Arshat;Bika;Jerma;Nifshed
Safizon,Domain,0.8,Amarr,M 36B 6,Artoun;Eba;Ebtesham;Jennim;Zatsyaki
Sahda,Domain,0.4,Amarr,M 65B 21,Ealur;Naguton;Shajarleg
Sahdil,Domain,0.7,Amarr,M 40B 6,Esteban;Ilonarav;Luromooh;Nadohman
Saheri,Domain,0.5,Amarr,M 53B 7,Anila;Lahnina
Sakhti,Domain,0.5,Amarr,M 94B 22,Aldali;Gademam;Mazitah;Nomash
Sarum Prime,Domain,0.9,Amarr,M 31B 8,Alkabsi;Amarr;Hama;Irnal
Sayartchen,Domain,0.8,Amarr,M 85B 15,Abaim;Gosalav;Naguton;Romi;Sharji;Sorzielang;Teshi
Seiradih,Domain,0.6,Amarr,M 54B 8,Arera;Hai;Mamenkhanar;Neziel
Shabura,Domain,0.7,Amarr,M 53B 15,Adia;Azizora;Luromooh
Shajarleg,Domain,0.3,Amarr,M 55B 11,Basan;Sahda
Sharhelund,Domain,0.6,Amarr,M 70B 21,Youl;Zaimeth
Sharji,Domain,0.8,Amarr,M 29B 1,Fabum;Gosalav;Kudi;Sayartchen
Shumam,Domain,0.7,Amarr,M 21B 2,Gid
Shuria,Domain,0.5,Amarr,M 69B 10,Bashakru;Milal;Narai
Sibot,Domain,0.2,Amarr,M 39B 10,Bittanshal;Kheram
Sieh,Domain,0.3,Amarr,M 40B 7,Arton
Simbeloud,Domain,0.9,Amarr,M 6B 3,Ebidan;Mabnen
Sirkahri,Domain,0.5,Amarr,M 52B 15,Galeh;Merz
Sitanan,Domain,0.8,Amarr,M 46B 7,Dakba;Thebeka
Sobenah,Domain,0.4,Amarr,M 44B3,Bourar;Milal
Somouh,Domain,0.9,Amarr,M 62B 11,Abaim;Horir;Sorzielang;Teshi
Sorzielang,Domain,0.8,Amarr,M 43B 5,Abaim;Sayartchen;Somouh;Teshi
Sukirah,Domain,0.6,Amarr,M 72B 9,Bashakru
Tastela,Domain,0.4,Amarr,M 65B 5,Avair;Clarelam
Teshi,Domain,0.9,Amarr,M 88B 14,Sayartchen;Somouh;Sorzielang
Thebeka,Domain,0.9,Amarr,M 46B 10,Irnal;Rasile;Sitanan;Youl
Toshabia,Domain,0.8,Amarr,M 35B 15,Boranai;Irnin;Mamenkhanar
Unefsih,Domain,0.4,Amarr,M 61B 13,Kheram;Valmu
Uzigh,Domain,0.6,Amarr,M 70B 18,Hisoufad
Valmu,Domain,0.2,Amarr,M 47B 17,Mamet;Unefsih
Vashkah,Domain,0.7,Amarr,M 11B 2,Nererut;Nifshed
Warouh,Domain,0.5,Amarr,M 80B 11,Arton;Bittanshal;Jambu;Murema
Yeeramoun,Domain,0.8,Amarr,M 69B 11,Anila;Etav;Ides;Khopa
Youl,Domain,0.8,Amarr,M 50B 14,Ekid;Nakri;Orkashu;Sharhelund;Thebeka
Yuhelia,Domain,0.8,Amarr,M 48B 6,Aghesi;Barira;Hati;Maiah
Zaimeth,Domain,0.5,Amarr,M 73B 14,Mai;Sharhelund
Zanka,Domain,0.4,Amarr,M 77B 6,Hayumtom
Zatsyaki,Domain,0.9,Amarr,M 14B 4,Bhizheba;Eba;Safizon
Zhilshinou,Domain,0.9,Amarr,M 45B 7,Ana;Hamse;Lashkai
Ziona,Domain,0.6,Amarr,M 42B 10,Akhragan;Mikhir
Ziriert,Domain,0.1,Amarr,M 32B 10,Hoshoun;Mamet;Misaba
02V-BK,Esoteria,-0.16,IGC (5),M 66B 16,DL-CDY;JD-TYH;R-ARKN
0-O6XF,Esoteria,-0.62,FERRA (5),M 60B 17,C-VZAK;D-FVI7;NH-R5B;VL7-60
111-F1,Esoteria,-0.10,D.C (5),M 23B 12,H-T40Z;J-RVGD
16P-PX,Esoteria,-0.72,D.C (5),M 52B 18,CR-0E5;WX-6UX
29YH-V,Esoteria,-0.25,IGC (5),M 21B 5,DL-CDY;LG-RO2
2R-KLH,Esoteria,-0.61,D.C (5),M 70B 16,6SB-BN;B1D-KU;QFIU-K
450I-W,Esoteria,-0.42,D.C (5),M 14B 5,JD-TYH;VUAC-Y
4-OUKF,Esoteria,-0.28,D.C (5),M 50B 17,HAJ-DQ;HT4K-M;JAUD-V
5-9UXZ,Esoteria,-0.28,D.C (5),M 54B 8,Q0OH-V;X-7BIX
6EK-BV,Esoteria,-0.39,D.C (5),M 37B 3,D-PNP9
6SB-BN,Esoteria,-0.49,D.C (5),M 34B 5,2R-KLH;B1D-KU;KSM-1T;QFIU-K
6-TYRX,Esoteria,-0.01,D.C (5),M 37B 5,IR-FDV;Q1-R7K
7P-J38,Esoteria,-0.58,IGC (5),M 37B 16,QFGB-E;WT-2J9
A1-AUH,Esoteria,-0.21,D.C (5),M 56B 7,F-UVBV;G-YZUX;Q0OH-V;VUAC-Y
A5MT-B,Esoteria,-0.11,IGC (5),M 54B 11,JD-TYH
A-CJGE,Esoteria,-0.18,MMMMM (5),M 82B 10,G2-INZ;HHQ-M1;WAC-HW
B1D-KU,Esoteria,-0.39,D.C (5),M 4B 4,2R-KLH;6SB-BN
BY-MSY,Esoteria,-0.86,D.C (5),M 43B 16,E1UU-3
BZ-0GW,Esoteria,-0.84,D.C (5),M 68B 27,WX-6UX
C9N-CC,Esoteria,-0.31,D.C (5),M 10B 3,DTX8-M;X-7BIX
C-PEWN,Esoteria,-1.00,IGC (5),M 39B 9,D4-2XN;WT-2J9
CR-0E5,Esoteria,-0.62,D.C (5),M 47B 8,16P-PX;Z-Y9C3
C-VZAK,Esoteria,-0.53,FERRA (5),M 45B 9,0-O6XF;RBW-8G
CZ6U-1,Esoteria,-0.35,D.C (5),M 18B 5,G-YZUX
D-FVI7,Esoteria,-0.81,FERRA (5),M 35B 4,0-O6XF
DIBH-Q,Esoteria,-0.04,IGC (5),M 34B 8,G-JC9R;H-YHYM;YAP-TN
DL-CDY,Esoteria,-0.11,IGC (5),M 25B 9,02V-BK;29YH-V;X-HISR
DNEP-Y,Esoteria,-0.08,IGC (5),M 54B 26,PE-H02;Z-MO29
D-PNP9,Esoteria,-0.57,D.C (5),M 44B 10,6EK-BV;E1UU-3;G-YZUX
DTX8-M,Esoteria,-0.27,D.C (5),M 32B 5,C9N-CC;JAUD-V
E1UU-3,Esoteria,-0.68,D.C (5),M 7B 7,BY-MSY;D-PNP9
FN-GFQ,Esoteria,-0.37,FERRA (5),M 19B 6,NH-R5B
F-UVBV,Esoteria,-0.16,D.C (5),M 60B 9,A1-AUH;R-FM0G;TEIZ-C;V-XANH
G2-INZ,Esoteria,-0.11,MMMMM (5),M 8B 4,A-CJGE
G-4H4C,Esoteria,-0.06,IGC (5),M6B4,H-YHYM
G-JC9R,Esoteria,-0.03,IGC (5),M 54B 10,DIBH-Q;Z-MO29
G-YZUX,Esoteria,-0.32,D.C (5),M 45B 10,A1-AUH;CZ6U-1;D-PNP9;P-3XVV
HAJ-DQ,Esoteria,-0.36,D.C (5),M 45B 19,4-OUKF
HHE5-L,Esoteria,-0.12,IGC (5),M11B1,H-YHYM;YAP-TN
HHQ-M1,Esoteria,-0.11,FERRA (5),M 69B 13,A-CJGE;VYJ-DA
H-T40Z,Esoteria,-0.06,D.C (5),M 47B 15,111-F1;J-RVGD
HT4K-M,Esoteria,-0.13,FERRA (5),M 58B 18,4-OUKF;VYJ-DA
H-YHYM,Esoteria,-0.03,IGC (5),M 6B 3,DIBH-Q;G-4H4C;HHE5-L
IPX-H5,Esoteria,-0.91,IGC (5),M 15B 4,VR-YRV
IR-FDV,Esoteria,-0.02,D.C (5),M 68B 13,6-TYRX;NIZJ-0;OIOM-Y
JAUD-V,Esoteria,-0.17,D.C (5),M 19B 3,4-OUKF;DTX8-M
JD-TYH,Esoteria,-0.11,IGC (5),M 42B 21,02V-BK;450I-W;A5MT-B;SN9S-N
J-RVGD,Esoteria,-0.04,D.C (5),M 79B 13,111-F1;H-T40Z;NIZJ-0
KSM-1T,Esoteria,-0.22,D.C (5),M 28B 3,6SB-BN;O-MCZR;YRV-MZ
LG-RO2,Esoteria,-0.48,IGC (5),M 49B 11,29YH-V
L-M6JK,Esoteria,-0.35,IGC (5),M 8B 1,PK-PHZ
MS2-V8,Esoteria,-0.21,IGC (5),M 38B 10,P9F-ZG;R-ARKN
NH-R5B,Esoteria,-0.48,FERRA (5),M 26B 1,0-O6XF;FN-GFQ
NIZJ-0,Esoteria,-0.04,D.C (5),M 59B 11,IR-FDV;J-RVGD;V1ZC-S
OIOM-Y,Esoteria,-0.14,D.C (5),M 39B 4,IR-FDV;TEIZ-C;V-XANH
P-3XVV,Esoteria,-0.19,D.C (5),M 69B 16,G-YZUX
P9F-ZG,Esoteria,-0.29,IGC (5),M 56B 12,MS2-V8;PK-PHZ;QFGB-E
PE-H02,Esoteria,-0.05,IGC (5),M 39B 5,DNEP-Y;YAP-TN
Period Basis,Esoteria,-0.37,,,CJF-1P;G-M4GK
PK-PHZ,Esoteria,-0.30,IGC (5),M 13B 4,L-M6JK;P9F-ZG
Q0OH-V,Esoteria,-0.25,D.C (5),M 77B 28,5-9UXZ;A1-AUH;X-7BIX;XKZ8-H
Q1-R7K,Esoteria,-0.01,D.C (5),M 25B 6,6-TYRX
QFGB-E,Esoteria,-0.49,IGC (5),M 51B 13,7P-J38;P9F-ZG;WT-2J9
QFIU-K,Esoteria,-0.36,D.C (5),M 25B 5,2R-KLH;6SB-BN;YRV-MZ
QS-530,Esoteria,-0.56,IGC (5),M 82B 18,VR-YRV;X-HISR
R-ARKN,Esoteria,-0.25,IGC (5),M 61B 9,02V-BK;MS2-V8;O4T-Z5
RBW-8G,Esoteria,-0.51,MMMMM (5),M 39B 10,C-VZAK;WAC-HW
R-FM0G,Esoteria,-0.15,D.C (5),M 50B 4,F-UVBV;TEIZ-C
SN9S-N,Esoteria,-0.06,IGC (5),M 56B 14,JD-TYH;JI-K5H;Z-MO29
TEIZ-C,Esoteria,-0.13,D.C (5),M 47B 6,F-UVBV;OIOM-Y;R-FM0G
V1ZC-S,Esoteria,-0.06,D.C (5),M 49B 2,NIZJ-0
VL7-60,Esoteria,-0.55,FERRA (5),M 33B 11,0-O6XF
VR-YRV,Esoteria,-0.63,IGC (5),M 33B 7,IPX-H5;QS-530;X-HISR
VUAC-Y,Esoteria,-0.31,D.C (5),M 59B 14,450I-W;A1-AUH
V-XANH,Esoteria,-0.25,D.C (5),M 17B 3,F-UVBV;OIOM-Y
VYJ-DA,Esoteria,-0.07,FERRA (5),M 60B 11,HHQ-M1;HT4K-M;Stain;U-WLT9
WAC-HW,Esoteria,-0.33,MMMMM (5),M 14B 1,A-CJGE;RBW-8G
WT-2J9,Esoteria,-0.78,IGC (5),M 25B 9,7P-J38;C-PEWN;QFGB-E
WX-6UX,Esoteria,-0.73,D.C (5),M 29B 3,16P-PX;BZ-0GW;XKZ8-H
X-7BIX,Esoteria,-0.28,D.C (5),M 26B 8,5-9UXZ;C9N-CC;Q0OH-V;TR07-S
X-HISR,Esoteria,-0.25,IGC (5),M 40B 12,DL-CDY;QS-530;VR-YRV
XKZ8-H,Esoteria,-0.34,D.C (5),M 45B 15,Q0OH-V;WX-6UX;Z-Y9C3
YAP-TN,Esoteria,-0.04,IGC (5),M 58B 7,DIBH-Q;HHE5-L;PE-H02
YRV-MZ,Esoteria,-0.22,D.C (5),M 52B 9,KSM-1T;QFIU-K
Z-MO29,Esoteria,-0.04,IGC (5),M 38B 5,DNEP-Y;G-JC9R;SN9S-N
Z-Y9C3,Esoteria,-0.64,D.C (5),M 53B 9,CR-0E5;XKZ8-H
Abune,Essence,0.3,Caldari,M 18B 5,Heydieles;Oinasiken
Actee,Essence,0.5,Gallente,M 57B 8,Amane;Fliet;Heydieles
Adirain,Essence,0.4,Gallente,M 42B 10,Aeschee;Arnon;Laurvier
Adrel,Essence,0.6,Gallente,M 58B 14,Caslemon;Noghere;Yona
Aere,Essence,0.6,Gallente,M 31B 3,Arnon;Hulmate;Lisbaetanne
Aeschee,Essence,0.2,Gallente,M 55B 14,Adirain;Jovainnon;Ladistier;Lisbaetanne;Onne
Algogille,Essence,0.9,Gallente,M 36B 14,Couster;Kassigainen;Luminaire;Renyn;Synchelle
Allamotte,Essence,0.6,Gallente,M 85B 28,Vifrevaert;Villore
Allebin,Essence,0.5,Gallente,M 34B 2,Atlulle;Haine;Parts;Perckhevin
Amane,Essence,0.6,Gallente,M 69B 7,Actee;Estaunitte
Andole,Essence,0.8,Gallente,M 23B 9,Ommare
Ane,Essence,0.3,Gallente,M 57B 15,Clorteler;Seyllin
Annages,Essence,0.7,Gallente,M 37B 8,Deninard;Hulmate
Aporulie,Essence,0.8,Gallente,M 46B 8,Seyllin;Wysalan;Yona
Arant,Essence,0.6,Gallente,M 46B 8,Kemerk;Obalyu;Villore
Arnon,Essence,0.8,Gallente,M 52B 19,Adirain;Aere;Emsar;Laurvier
Atlangeins,Essence,0.9,Gallente,M 75B 6,Derririntel;Genesis;Hecarrin;Ourapheh
Atlulle,Essence,0.4,Gallente,M 35B 21,Allebin;Droselory;Isenan
Attyn,Essence,0.7,Gallente,M 36B 8,Arraron;Laurvier
Caslemon,Essence,0.6,Gallente,M 68B 12,Adrel;Charmerout;Jolevier;Mesybier;Noghere
Cat,Essence,0.7,Gallente,M 48B 9,Derririntel;Ommare;Villore
Charmerout,Essence,0.6,Gallente,M 16B 5,Caslemon;Jolevier;Yvangier
Clorteler,Essence,0.5,Gallente,M 31B 9,Ane
Couster,Essence,0.9,Gallente,M30B4,Algogille
Deninard,Essence,0.7,Gallente,M 12B 5,Annages;Hulmate;Kemerk;Onne
Derririntel,Essence,0.8,Gallente,M 62B 14,Atlangeins;Cat;Tierijev
Deven,Essence,0.3,Gallente,M 42B 6,Fliet;Nagamanen
Droselory,Essence,0.5,Gallente,M 77B 24,Atlulle;Vitrauze
Duripant,Essence,0.9,Gallente,M 30B 4,Renyn;Trosquesere
Estaunitte,Essence,0.4,Gallente,M 53B 13,Amane
Fliet,Essence,0.3,Gallente,M 34B 7,Actee;Deven;Heydieles
Haine,Essence,0.4,Gallente,M 57B 11,Allebin;Perckhevin
Hecarrin,Essence,0.8,Gallente,M 30B 4,Atlangeins
Henebene,Essence,0.8,Gallente,M 30B 4,Synchelle
Heydieles,Essence,0.3,Gallente,M 45B 5,Abune;Actee;Fliet;Indregulle;Old Man Star;Yvangier
Hulmate,Essence,0.4,Gallente,M 51B 24,Aere;Annages;Deninard;Onne
Indregulle,Essence,0.2,Gallente,M 46B 23,Heydieles;Murethand
Isenan,Essence,0.3,Gallente,M 70B 28,Atlulle
Jolevier,Essence,0.9,Gallente,M 51B 16,Caslemon;Charmerout;Yashunen
Ladistier,Essence,0.3,Gallente,M 50B 16,Aeschee;Old Man Star;Vifrevaert
Laurvier,Essence,0.7,Gallente,M 13B 6,Adirain;Arnon;Attyn;Essence
Lisbaetanne,Essence,0.4,Gallente,M 35B 7,Aere;Aeschee
Luminaire,Essence,0.9,Gallente,M 38B 15,Algogille;Mies;Pettinck
Mesokel,Essence,0.9,Gallente,M 30B 4,Wysalan
Mesybier,Essence,0.5,Gallente,M 16B 4,Caslemon;Murethand;Orvolle;Pemene
Mies,Essence,0.9,Gallente,M 79B 14,Bereye;Luminaire;Oursulaert
Noghere,Essence,0.7,Gallente,M 42B 9,Adrel;Caslemon;Yona
Obalyu,Essence,0.4,Gallente,M 51B 12,Arant;Parts
Old Man Star,Essence,0.3,Gallente,M 42B 13,Heydieles;Ladistier;Villore
Ommare,Essence,0.7,Gallente,M 44B 15,Andole;Cat
Onne,Essence,0.4,Gallente,M 51B 6,Aeschee;Deninard;Hulmate;Vitrauze
Oursulaert,Essence,0.9,Gallente,M 13B 0,Mies;Pakhshi;Renyn
Palmon,Essence,0.4,Gallente,M 65B 13,Lermireve;Vitrauze
Parts,Essence,0.4,Gallente,M 20B 4,Allebin;Obalyu
Pemene,Essence,0.5,Gallente,M 45B 3,Amoderia;Mesybier;Villore
Perckhevin,Essence,0.5,Gallente,M 82B 25,Allebin;Haine
Renyn,Essence,0.9,Gallente,M 41B 7,Algogille;Du Annes;Duripant;Grinacanne;Oursulaert;Pakhshi
Seyllin,Essence,0.4,Gallente,M 41B 9,Ane;Aporulie;Metserel
Synchelle,Essence,0.9,Gallente,M 14B 4,Algogille;Henebene;Kassigainen;Pakhshi;Wysalan
Verge Vendor,Essence,0.8,,,Tannolen
Vifrevaert,Essence,0.4,Gallente,M 55B 13,Allamotte;Ladistier
Villore,Essence,0.9,Gallente,M 96B 17,Allamotte;Arant;Cat;Erme;Old Man Star;Pemene
Vitrauze,Essence,0.3,Gallente,M 74B 12,Droselory;Onne;Palmon
Wysalan,Essence,0.8,Gallente,M 14B 5,Aporulie;Mesokel;Synchelle;Yona
Yona,Essence,0.8,Gallente,M 59B 26,Adrel;Aporulie;Noghere;Wysalan
Yvangier,Essence,0.4,Gallente,M 24B 5,Charmerout;Heydieles
0M-24X,Etherium Reach,-0.32,BIGAB (5),M 3B 3,D-CR6W;IS-OBW
1ACJ-6,Etherium Reach,-0.48,FIGL (5),M 40B 5,F9-FUV
1GH-48,Etherium Reach,-0.29,STKN (2),M 51B 4,B-2VXB;FIZU-X;IRD-HU;IS-OBW
1H5-3W,Etherium Reach,-0.04,STUGH (4),M 65B 0,TP-RTO
1PF-BC,Etherium Reach,-0.71,BIGAB (5),M 74B 37,C-V6DQ;D-OJEZ;EX-GBT;QHJR-E
2B-UUQ,Etherium Reach,-0.46,BIGAB (5),M 41B 11,NWX-LI;QHJR-E
2G-VDP,Etherium Reach,-0.21,BIGAB (5),M 36B 10,9F-3CR;KRPF-A;R-6KYM
3G-LFX,Etherium Reach,-0.15,BIGAB (5),M 5B 0,BY-7PY;D-CR6W;N06Z-Q;NK-VTL
3H58-R,Etherium Reach,-0.03,STUGH (4),M 31B 0,JTA2-2
3IK-7O,Etherium Reach,-0.17,STUGH (5),M 52B 4,HV-EAP;O-EUHA;UAV-1E
43-1TL,Etherium Reach,-0.07,-BCA- (4),M 8B 3,89JS-J;O-LJOO
4LJ6-Q,Etherium Reach,-0.31,BIGAB (5),M 84B 11,MF-PGF;SAH-AD
4-QDIX,Etherium Reach,-0.65,STKN (5),M 54B 14,B-2VXB;FGJP-J
5J-62N,Etherium Reach,-0.32,PROXY (5),M 74B 9,LPVL-5;Z-DRIY
5U-3PW,Etherium Reach,-0.13,-BCA- (4),M29B 11,89JS-J;C9R-NO;CYB-BZ
89-JPE,Etherium Reach,-0.67,STKN (5),M 51B 14,6-WMKE;D-IZT9;E8-432;FGJP-J;WU9-ZR
89JS-J,Etherium Reach,-0.06,-BCA- (4),M78B 6,43-1TL;5U-3PW;CYB-BZ
8KE-YS,Etherium Reach,-0.05,BIGAB (1),M 36B 0,LXQ2-T;ZS-PNI
8-MXHA,Etherium Reach,-0.33,PROXY (5),M 54B 12,PXE-RG;Z-DRIY
9F-3CR,Etherium Reach,-0.29,-BCA- (4),M 41B 14,2G-VDP;BNX-AS;QNXJ-M
9P-870,Etherium Reach,-0.02,STUGH (5),M 33B 0,DYPL-6;J7M-3W;KRPF-A
9QS5-C,Etherium Reach,-0.05,PROXY (5),M 30B 5,ALC-JM;N-SFZK;NWX-LI
AID-9T,Etherium Reach,-0.13,PROXY (5),M 59B 0,D3S-EA;L-GY1B;PXE-RG
ALC-JM,Etherium Reach,-0.13,PROXY (5),M 11B 0,9QS5-C;Z0G-XG
B-2VXB,Etherium Reach,-0.61,STKN (3),M 29B 5,1GH-48;4-QDIX;IRD-HU;JAWX-R
BNX-AS,Etherium Reach,-0.44,FIGL (5),M 40B 16,9F-3CR;F9-FUV;FB-MPY
BY-7PY,Etherium Reach,-0.02,BIGAB (5),M 41B 0,3G-LFX;F69O-M;RK-Q51
C-4D0W,Etherium Reach,-0.04,STUGH (5),M 55B 0,BRT-OP;CT8K-0;WPV-JN
C9R-NO,Etherium Reach,-0.15,BIGAB (5),M38B 4,5U-3PW;FKR-SR
CL-IRS,Etherium Reach,-0.03,STUGH (5),M 74B 0,QBZO-R;ZZ5X-M
CT8K-0,Etherium Reach,-0.05,STUGH (5),M 28B 0,C-4D0W;IL-H0A;M9-LAN
C-V6DQ,Etherium Reach,-0.87,BIGAB (5),M 42B 16,1PF-BC;EX-GBT;Z-FET0
CYB-BZ,Etherium Reach,-0.30,-BCA- (4),M 46B 8,5U-3PW;89JS-J;KMH-J1
D3S-EA,Etherium Reach,-0.13,PROXY (5),M 36B 0,AID-9T
D-CR6W,Etherium Reach,-0.15,BIGAB (5),M 27B 0,0M-24X;3G-LFX;GN-TNT;NK-VTL
D-IZT9,Etherium Reach,-0.66,STKN (5),M11B6,89-JPE;E8-432
D-OJEZ,Etherium Reach,-0.76,BIGAB (5),M 78B 13,1PF-BC;RXA-W1
DYPL-6,Etherium Reach,-0.19,SEDIT (5),M 49B 11,9P-870;M-V0PQ;RK-Q51;V-OL61
E8-432,Etherium Reach,-0.68,STKN (5),M 6B 3,89-JPE;D-IZT9
EX-GBT,Etherium Reach,-0.91,BIGAB (5),M 6B 3,1PF-BC;C-V6DQ;SAH-AD;Z-FET0
F69O-M,Etherium Reach,-0.52,SEDIT (5),M 24B 3,BY-7PY;RK-Q51;T-IDGH
F9-FUV,Etherium Reach,-0.71,FIGL (5),M 57B 12,1ACJ-6;BNX-AS;RO-0PZ;XB-9U2
FB-MPY,Etherium Reach,-0.39,FIGL (5),M 45B 10,A-YB15;BNX-AS
FGJP-J,Etherium Reach,-0.66,STKN (5),M 54B 9,4-QDIX;89-JPE;WU9-ZR
FIZU-X,Etherium Reach,-0.60,STKN (2),M 37B 4,1GH-48;IS-OBW
FKR-SR,Etherium Reach,-0.12,STUGH (5),M19B 4,C9R-NO;HV-EAP
GN-TNT,Etherium Reach,-0.02,BIGAB (5),M 33B 0,D-CR6W;QKCU-4
G-QTSD,Etherium Reach,-0.16,CONDI (5),M 41B 5,EFM-C4;SAH-AD;ZZ5X-M
GTY-FW,Etherium Reach,-0.14,STUGH (4),M 53B 0,R-6KYM;TP-RTO
HV-EAP,Etherium Reach,-0.20,STUGH (5),M69B 12,3IK-7O;FKR-SR;O-EUHA;UAV-1E
I64-XB,Etherium Reach,-0.25,FRIES (5),M 79B 22,M-V0PQ;NWX-LI
IL-H0A,Etherium Reach,-0.01,STUGH (5),M 5B 0,CT8K-0;L4X-1V;M9-LAN;PX-IHN
IRD-HU,Etherium Reach,-0.43,STKN (2),M 82B 11,1GH-48;B-2VXB
IS-OBW,Etherium Reach,-0.39,STKN (2),M 47B 13,0M-24X;1GH-48;FIZU-X
J7M-3W,Etherium Reach,-0.07,BIGAB (1),M 36B 0,9P-870;NK-VTL;SY-0AM
JAWX-R,Etherium Reach,-0.69,STKN (3),M 13B 6,B-2VXB;C6C-K9
JTA2-2,Etherium Reach,-0.15,STUGH (4),M 20B 0,3H58-R;R-6KYM;RV-GA8
KGT3-6,Etherium Reach,-0.47,BIGAB (5),M 71B 11,L-ZJLN;MF-PGF;QNXJ-M
KMH-J1,Etherium Reach,-0.45,-BCA- (4),M 71B 13,CYB-BZ;QNXJ-M
KRPF-A,Etherium Reach,-0.05,-BCA- (4),M 22B 15,2G-VDP;9P-870
L4X-1V,Etherium Reach,-0.10,STUGH (5),M 34B 0,IL-H0A;WPV-JN
LPVL-5,Etherium Reach,-0.07,PROXY (5),M 15B 0,5J-62N;Z0G-XG
LXQ2-T,Etherium Reach,-0.08,0MS (5),M 48B 0,8KE-YS;Paala;PX-IHN
L-ZJLN,Etherium Reach,-0.51,BIGAB (5),M 65B 13,KGT3-6
M9-LAN,Etherium Reach,-0.08,STUGH (5),M 27B 0,CT8K-0;IL-H0A;PX-IHN
MF-PGF,Etherium Reach,-0.38,BIGAB (5),M 41B 5,4LJ6-Q;KGT3-6
MO-I1W,Etherium Reach,-0.10,STUGH (5),M 43B 7,O-EUHA;ZZ5X-M
M-V0PQ,Etherium Reach,-0.25,SEDIT (5),M 19B 6,DYPL-6;I64-XB;V-OL61
N06Z-Q,Etherium Reach,-0.03,BIGAB (5),M 71B 0,3G-LFX;63-7Q6;QKCU-4;YX-0KH;Z0H2-4
NK-VTL,Etherium Reach,-0.10,BIGAB (5),M 37B 0,3G-LFX;D-CR6W;J7M-3W
N-SFZK,Etherium Reach,-0.24,PROXY (5),M 58B 13,9QS5-C;NWX-LI
NWX-LI,Etherium Reach,-0.22,BIGAB (5),M 85B 13,2B-UUQ;9QS5-C;I64-XB;N-SFZK
O-EUHA,Etherium Reach,-0.13,STUGH (5),M 77B 16,3IK-7O;HV-EAP;MO-I1W;QBZO-R
O-LJOO,Etherium Reach,-0.03,STUGH (5),M 33B 4,43-1TL;TZ-74M;ZS-PNI
PXE-RG,Etherium Reach,-0.19,PROXY (5),M 56B 5,8-MXHA;AID-9T
PX-IHN,Etherium Reach,-0.11,STUGH (5),M 51B 0,IL-H0A;LXQ2-T;M9-LAN;QBZO-R;WPV-JN
QBZO-R,Etherium Reach,-0.05,STUGH (5),M 46B 0,CL-IRS;O-EUHA;PX-IHN
QHJR-E,Etherium Reach,-0.52,BIGAB (5),M 10B 3,1PF-BC;2B-UUQ;Z-FET0
QKCU-4,Etherium Reach,-0.05,KWHA (5),M 47B 0,GN-TNT;N06Z-Q
QNXJ-M,Etherium Reach,-0.44,-BCA- (4),M 75B 28,9F-3CR;KGT3-6;KMH-J1
QZV-X3,Etherium Reach,-0.06,STUGH (4),M 65B 0,R-6KYM;RV-GA8
R-6KYM,Etherium Reach,-0.09,STUGH (4),M 32B 4,2G-VDP;GTY-FW;JTA2-2;QZV-X3
RK-Q51,Etherium Reach,-0.14,SEDIT (5),M 15B 2,BY-7PY;DYPL-6;F69O-M;V-OL61
RO-0PZ,Etherium Reach,-0.46,FIGL (5),M 46B 10,F9-FUV
RV-GA8,Etherium Reach,-0.12,STUGH (4),M 38B 0,JTA2-2;QZV-X3;TP-RTO
SAH-AD,Etherium Reach,-0.25,BIGAB (5),M 38B 12,4LJ6-Q;EX-GBT;G-QTSD
T-IDGH,Etherium Reach,-0.75,SEDIT (5),M 50B 8,F69O-M
TP-RTO,Etherium Reach,-0.04,STUGH (4),M 25B 0,1H5-3W;GTY-FW;RV-GA8
TZ-74M,Etherium Reach,-0.05,BIGAB (5),M 18B 7,FZX-PU;O-LJOO;The Kalevala Expanse
UAV-1E,Etherium Reach,-0.24,STUGH (5),M 55B 6,3IK-7O;HV-EAP
V-OL61,Etherium Reach,-0.15,SEDIT (5),M 47B 12,DYPL-6;M-V0PQ;RK-Q51
WPV-JN,Etherium Reach,0.00,STUGH (5),M 74B 0,C-4D0W;L4X-1V;PX-IHN
WU9-ZR,Etherium Reach,-0.69,STKN (5),M13B3,89-JPE;FGJP-J
XB-9U2,Etherium Reach,-0.42,FIGL (5),M 10B 2,F9-FUV
YX-0KH,Etherium Reach,-0.03,FRIES (5),M 40B 0,N06Z-Q
Z0G-XG,Etherium Reach,-0.07,PROXY (5),M 59B 0,ALC-JM;LPVL-5
Z-DRIY,Etherium Reach,-0.49,PROXY (5),M 57B 21,5J-62N;8-MXHA;BEG-RL
Z-FET0,Etherium Reach,-0.77,BIGAB (5),M 41B 15,C-V6DQ;EX-GBT;QHJR-E
ZS-PNI,Etherium Reach,-0.08,BIGAB (5),M 26B 0,8KE-YS;O-LJOO
ZZ5X-M,Etherium Reach,-0.04,STUGH (5),M 8B 0,CL-IRS;G-QTSD;MO-I1W
Aclan,Everyshore,0.5,Gallente,M 35B 9,Jaschercis
Adeel,Everyshore,0.4,Gallente,M 19B 5,Olide
Aice,Everyshore,0.7,Gallente,M 57B 7,Amattens;Bereye;Enedore;Jurlesel
Alachene,Everyshore,0.3,Gallente,M 48B 5,Atlanins;Uphene
Amattens,Everyshore,0.6,Gallente,M 63B 10,Aice;Arnatele;Bereye;Junsoraert;Jurlesel;Uphene
Angatalie,Everyshore,0.2,Gallente,M 36B 10,Lermireve;Mannar;Sinq Laison
Antollare,Everyshore,0.7,Gallente,M 27B 4,Avele;Enedore;Laic
Ardallabier,Everyshore,0.7,Gallente,M 63B 16,Ardene;Brapelille;Jel;Lirsautton
Arnatele,Everyshore,0.6,Gallente,M 68B 14,Amattens;Bereye;Halle;Junsoraert;Jurlesel;Mormoen
Athinard,Everyshore,0.9,Gallente,M 13B 2,Dodixie;Ethernity;Meves
Atlanins,Everyshore,0.6,Gallente,M 83B 16,Alachene;Azer;Bille;Elarel;Leremblompes;Vaurent
Avele,Everyshore,0.7,Gallente,M 38B 8,Antollare;Leremblompes
Averon,Everyshore,0.6,Gallente,M 40B 11,Carirgnottin;Enedore;Odixie;Scuelazyns
Aydoteaux,Everyshore,0.7,Gallente,M 48B 9,Girani-Fa;Tolle
Azer,Everyshore,0.7,Gallente,M 64B 16,Atlanins;Cherore;Harerget;Mosson;Torvi
Bereye,Everyshore,0.9,Gallente,M 7B 5,Aice;Amattens;Arnatele;Halle;Jurlesel;Leremblompes;Mies
Bille,Everyshore,0.5,Gallente,M 15B 4,Atlanins;Elarel;Leremblompes;Uphene
Blameston,Everyshore,0.9,Gallente,M 51B 26,Lirsautton;Vylade
Carirgnottin,Everyshore,0.6,Gallente,M 68B 6,Averon;Odixie;Scuelazyns;Tolle
Cherore,Everyshore,0.7,Gallente,M 49B 13,Azer;Harerget;Jaschercis;Mosson
Colcer,Everyshore,0.9,Gallente,M 22B 13,Leremblompes
Elarel,Everyshore,0.4,Gallente,M 53B 20,Atlanins;Bille;Groothese
Enedore,Everyshore,0.6,Gallente,M 89B 16,Aice;Antollare;Averon;Laic;Scuelazyns
Ethernity,Everyshore,0.9,Gallente,M 62B 15,Athinard;Bourynes;Gicodel;Harerget;Mattere;Meves
Frarolle,Everyshore,0.8,Gallente,M 69B 12,Gicodel;Quier
Gerper,Everyshore,0.4,Gallente,M 53B 14,Mya
Gicodel,Everyshore,0.9,Gallente,M 50B 19,Ethernity;Frarolle;Mattere
Groothese,Everyshore,0.3,Gallente,M44B16,Elarel;Olide
Halle,Everyshore,0.7,Gallente,M 33B 5,Arnatele;Bereye;Mormoen
Harerget,Everyshore,0.8,Gallente,M 15B 5,Azer;Cherore;Claysson;Ethernity
Jaschercis,Everyshore,0.6,Gallente,M 40B 10,Aclan;Cherore;Marosier;Pulin;Vaurent
Junsoraert,Everyshore,0.5,Gallente,M 36B 5,Amattens;Arnatele;Jurlesel
Jurlesel,Everyshore,0.6,Gallente,M 61B 7,Aice;Amattens;Arnatele;Bereye;Junsoraert
Laic,Everyshore,0.8,Gallente,M 54B 9,Antollare;Enedore
Leremblompes,Everyshore,0.6,Gallente,M 57B 9,Atlanins;Avele;Bereye;Bille;Colcer;Uphene
Lirsautton,Everyshore,0.8,Gallente,M 38B 16,Ardallabier;Blameston;Marosier;Meves
Mannar,Everyshore,0.3,Gallente,M 67B 3,Angatalie;Mormelot;Olide
Marosier,Everyshore,0.6,Gallente,M41B4,Jaschercis;Lirsautton;Vaurent
Mattere,Everyshore,0.9,Gallente,M 57B 14,Adreland;Doussivitte;Ethernity;Gicodel;Meves
Meves,Everyshore,0.9,Gallente,M 59B 10,Athinard;Dodixie;Ethernity;Lirsautton;Mattere
Mormelot,Everyshore,0.2,Gallente,M 67B 8,Mannar;Schoorasana
Mormoen,Everyshore,0.7,Gallente,M 52B 7,Arnatele;Halle
Mosson,Everyshore,0.7,Gallente,M 45B 9,Azer;Cherore;Vaurent
Muer,Everyshore,0.6,Gallente,M 30B 1,Odixie;Scuelazyns
Mya,Everyshore,0.4,Gallente,M 11B 3,Gerper;Torvi
Odixie,Everyshore,0.6,Gallente,M 22B 4,Averon;Carirgnottin;Muer;Scuelazyns
Olide,Everyshore,0.7,Gallente,M 59B 21,Adeel;Groothese;Mannar
Quier,Everyshore,0.7,Gallente,M 56B 11,Frarolle
Scuelazyns,Everyshore,0.6,Gallente,M 48B 13,Averon;Carirgnottin;Enedore;Muer;Odixie
Tolle,Everyshore,0.7,Gallente,M 56B 3,Aydoteaux;Carirgnottin;Manarq
Torvi,Everyshore,0.5,Gallente,M 27B 11,Azer;Mya
Uphene,Everyshore,0.6,Gallente,M 70B 22,Alachene;Amattens;Bille;Leremblompes
Vaurent,Everyshore,0.6,Gallente,M 60B 12,Atlanins;Jaschercis;Marosier;Mosson
Abstention,Exordium,1.0,CONCORD,M 5B 0,Decorum
Adaz,Exordium,1.0,Amarr,M 57B 0,Kanta;Mazor;Steadfast;Taikud
Adroit,Exordium,1.0,CONCORD,M 52B 0,Forte
Aldoras,Exordium,1.0,Caldari,M 34B 0,Dyka-hau;Hotak;Kita-Aino;Pamirasu
Aridia,Exordium,0.3,,,Agaullores;Otakod;Rafeme;Zinkon
Axiosere,Exordium,1.0,Gallente,M 44B 0,Ligare;Maso;Mondaekus;Rotonos;Tiberis;Waison
Celerity,Exordium,1.0,CONCORD,M 16B 0,Decorum;Forte;Gallant;Kita-Aino;Manifest;Ratiocinate;Triumph
Chivalric,Exordium,1.0,CONCORD,M 81B0,Decorum
Couth,Exordium,1.0,CONCORD,M 41B 0,Lenity;Lustre;Steadfast
Decorum,Exordium,1.0,CONCORD,M 5B 0,Abstention;Celerity;Chivalric;Equity;Fortitude;Rigor;Steadfast
Dettisolin,Exordium,1.0,Minmatar,M 37B 0,Hofs;Lang;Tindfjalla
Dranga,Exordium,1.0,Minmatar,M 14B 0,Hofs;Tindfjalla;Tungna;Vatna
Dyka-hau,Exordium,1.0,Caldari,M 58B 0,Aldoras;Hotak;Tatrys
Equity,Exordium,1.0,CONCORD,M 72B 0,Decorum
Erudite,Exordium,1.0,CONCORD,M 29B 0,Forte
Forte,Exordium,1.0,CONCORD,M 14B 0,Adroit;Celerity;Erudite;Fortitude;Rigor;Sagacity;Steadfast
Fortitude,Exordium,1.0,CONCORD,M 55B 0,Decorum;Forte;Gallant;Lustre;Manifest;Tiberis;Triumph
Gallant,Exordium,1.0,CONCORD,M 4B 0,Celerity;Fortitude;Mettle;Repute;Rigor;Steadfast;Venerate
Hofs,Exordium,1.0,Minmatar,M 60B 0,Dettisolin;Dranga;Tindfjalla
Hotak,Exordium,1.0,Caldari,M 89B 0,Aldoras;Dyka-hau;Kita-Aino;Pamirasu;Tatrys;Urtasvaar
Ichorah,Exordium,1.0,Amarr,M 20B 0,Sakizra;Taikud;Vaejra
Kanta,Exordium,1.0,Amarr,M 78B 0,Adaz;Mazor;Sakizra;Taikud
Kita-Aino,Exordium,1.0,Caldari,M 81B 0,Aldoras;Celerity;Hotak;Pamirasu
Lang,Exordium,1.0,Minmatar,M 31B 0,Dettisolin;Tindfjalla;Tungna
Lenity,Exordium,1.0,CONCORD,M 71B 0,Couth;Ratiocinate;Rigor
Ligare,Exordium,1.0,Gallente,M 37B 0,Axiosere;Maso;Rotonos;Tiberis
Lustre,Exordium,1.0,CONCORD,M 44B 0,Couth;Fortitude;Ratiocinate
Manifest,Exordium,1.0,CONCORD,M 65B 0,Celerity;Fortitude;Genesis;Rigor;Steadfast;Yulai
Maso,Exordium,1.0,Gallente,M 52B 0,Axiosere;Ligare;Mondaekus
Mazor,Exordium,1.0,Amarr,M 68B 0,Adaz;Kanta;Taikud;Vaejra
Mettle,Exordium,1.0,CONCORD,M 15B 0,Gallant
Mondaekus,Exordium,1.0,Gallente,M 30B 0,Axiosere;Maso;Waison
Pamirasu,Exordium,1.0,Caldari,M 38B 0,Aldoras;Hotak;Kita-Aino;Urtasvaar
Ratiocinate,Exordium,1.0,CONCORD,M 19B 0,Celerity;Lenity;Lustre
Repute,Exordium,1.0,CONCORD,M 55B 0,Gallant
Rigor,Exordium,1.0,CONCORD,M 42B 0,Decorum;Forte;Gallant;Lenity;Manifest;Triumph;Vatna
Rotonos,Exordium,1.0,Gallente,M 57B 0,Axiosere;Ligare;Tiberis;Waison
Sagacity,Exordium,1.0,CONCORD,M 19B 0,Forte
Sakizra,Exordium,1.0,Amarr,M 44B 0,Ichorah;Kanta;Taikud
Solemn,Exordium,1.0,CONCORD,M 20B 0,Triumph
Steadfast,Exordium,1.0,CONCORD,M 41B 0,Adaz;Couth;Decorum;Forte;Gallant;Manifest;Triumph
Taikud,Exordium,1.0,Amarr,M 27B 0,Adaz;Ichorah;Kanta;Mazor;Sakizra;Vaejra
Tatrys,Exordium,1.0,Caldari,M 40B 0,Dyka-hau;Hotak;Urtasvaar
Tenacity,Exordium,1.0,CONCORD,M 54B 0,Triumph
Tiberis,Exordium,1.0,Gallente,M 14B 0,Axiosere;Fortitude;Ligare;Rotonos
Tindfjalla,Exordium,1.0,Minmatar,M 47B 0,Dettisolin;Dranga;Hofs;Lang;Tungna;Vatna
Triumph,Exordium,1.0,CONCORD,M 47B 0,Celerity;Fortitude;Rigor;Solemn;Steadfast;Tenacity;Valiance
Tungna,Exordium,1.0,Minmatar,M 35B 0,Dranga;Lang;Tindfjalla;Vatna
Urtasvaar,Exordium,1.0,Caldari,M 46B 0,Hotak;Pamirasu;Tatrys
Vaejra,Exordium,1.0,Amarr,M 71B 0,Ichorah;Mazor;Taikud
Valiance,Exordium,1.0,CONCORD,M 17B 0,Triumph
Vatna,Exordium,1.0,Minmatar,M 88B 0,Dranga;Rigor;Tindfjalla;Tungna
Venerate,Exordium,1.0,CONCORD,M 30B 0,Gallant
Waison,Exordium,1.0,Gallente,M 77B 0,Axiosere;Mondaekus;Rotonos
0-ARFO,Fade,-0.50,FRT (5),M 10B 1,C-OK0R
8QMO-E,Fade,-0.55,FRT (5),M 67B 12,GME-PQ;MPPA-A
8W-OSE,Fade,-0.37,FRT (5),M 47B 8,FIO1-8;WQY-IQ
Branch,Fade,-1.00,,,2-3Q2G;92D-OI;UJY-HE
C4C-Z4,Fade,-0.40,FRT (5),M 15B 8,GME-PQ;L-C3O7
C8-CHY,Fade,-0.29,FRT (5),M 46B 14,E-9ORY;ROIR-Y
C-OK0R,Fade,-0.44,FRT (5),M 39B 6,0-ARFO;YKSC-A
CR-IFM,Fade,-0.35,FRT (5),M 56B 13,E-9ORY;Fade;HHK-VL;P-33KR
DO6H-Q,Fade,-0.33,FRT (5),M 54B 13,CCP-US;HHK-VL;P-33KR;U-INPD
DW-T2I,Fade,-0.26,FRT (5),M 29B 11,O-CNPR;P-33KR
E9KD-N,Fade,-0.41,FRT (5),M40B 6,6RCQ-V;Cloud Ring;FIO1-8;WQY-IQ
E-9ORY,Fade,-0.27,TEST (3),M 17B 2,C8-CHY;CR-IFM;HHK-VL
Fade,Fade,-0.30,,,8S28-3;CR-IFM;Fade;Fade;HHK-VL;L-SCBU;O-CNPR
FIO1-8,Fade,-0.37,FRT (5),M 67B 13,8W-OSE;E9KD-N;YKSC-A
GME-PQ,Fade,-0.49,FRT (5),M 25B 7,8QMO-E;C4C-Z4;MPPA-A;X5-UME
HHK-VL,Fade,-0.29,FRT (5),M 56B 16,CR-IFM;DO6H-Q;E-9ORY;Fade
I-UUI5,Fade,-0.64,FRT (5),M 5B 2,MPPA-A
K4YZ-Y,Fade,-0.30,FRT (5),M 82B 23,8S28-3;L-C3O7;O1Y-ED
L-C3O7,Fade,-0.36,FRT (5),M 67B 15,C4C-Z4;K4YZ-Y;O1Y-ED;X36Y-G
L-SCBU,Fade,-0.24,FRT (5),M 41B 4,Fade;O1Y-ED;O-CNPR
MPPA-A,Fade,-0.59,FRT (5),M 37B 4,8QMO-E;GME-PQ;I-UUI5
O1Y-ED,Fade,-0.27,FRT (5),M 51B 21,K4YZ-Y;L-C3O7;L-SCBU;O-CNPR
O-CNPR,Fade,-0.23,FRT (5),M 45B 13,DW-T2I;Fade;L-SCBU;O1Y-ED;VRH-H7
P-33KR,Fade,-0.28,FRT (5),M 33B 7,CR-IFM;DO6H-Q;DW-T2I
VRH-H7,Fade,-0.27,FRT (5),M 25B 6,E-Z2ZX;O-CNPR;X36Y-G
WQY-IQ,Fade,-0.30,FRT (5),M 22B 6,8W-OSE;E9KD-N
X36Y-G,Fade,-0.29,FRT (5),M 17B 4,L-C3O7;VRH-H7;YKSC-A
X5-UME,Fade,-0.39,FRT (5),M 21B 5,GME-PQ
YKSC-A,Fade,-0.34,FRT (5),M 97B 22,C-OK0R;FIO1-8;X36Y-G
0OYZ-G,Feythabolis,-0.72,IGC (5),M 7B 5,D6SK-L;R97-CI;SWBV-2
23M-PX,Feythabolis,-0.60,CONDI (5),M 27B 3,GPUS-A;UTDH-N
2-F3OE,Feythabolis,-0.52,FNT (5),M 21B 5,TR07-S
2-RSC7,Feythabolis,-0.84,IGC (5),M 12B 3,ZID-LE
2UK4-N,Feythabolis,-0.11,CONDI (5),M 54B 0,5ELE-A;H-P4LB
3-BADZ,Feythabolis,-0.37,CONDI (5),M 50B 0,GPUS-A
3L-Y9M,Feythabolis,-0.17,CONDI (5),M 42B 0,BJD4-E;BLC-X0;DUU1-K;Z-PNIA
3-YX2D,Feythabolis,-0.44,FNT (5),M 28B 0,CFLF-P;UD-VZW;V-TN6Q
4AZ-J8,Feythabolis,-0.40,FNT (5),M 50B 0,5-IZGE
5ELE-A,Feythabolis,-0.12,CONDI (5),M 52B 0,2UK4-N;BJ-ZFD;H-P4LB
5-IZGE,Feythabolis,-0.47,FNT (5),M 63B 17,4AZ-J8;J-TPTA;X6-J6R
5-LCI7,Feythabolis,-0.44,FNT (5),M 38B 0,VNGJ-U;VVO-R6;Y2-I3W
5P-AIP,Feythabolis,-0.74,BRAVE (5),M 81B 20,GHZ-SJ;NLO-3Z;RIT-A7
5XR-KZ,Feythabolis,-0.27,BRAVE (5),M 65B 0,C-0ND2;PO-3QW;VF-FN6
6-ELQP,Feythabolis,-0.46,IGC (5),M 26B 10,OKEO-X;R97-CI
6O-XIO,Feythabolis,-0.29,CONDI (5),M 85B 0,NX5W-U;U1-C18
75C-WN,Feythabolis,-0.14,BRAVE (5),M 74B 0,I5Q2-S;Y-YGMW;Z-PNIA
9-ZFCG,Feythabolis,-0.32,FNT (5),M 45B 0,CFLF-P;DUU1-K
AZN-D2,Feythabolis,-0.56,FNT (5),M 63B 18,E-PR0S;QBH5-F;TR07-S
BGN1-O,Feythabolis,-0.34,FNT (5),M 45B 0,X6-J6R
BG-W90,Feythabolis,-0.14,BRAVE(5),M 45B 0,OCU4-R
BJD4-E,Feythabolis,-0.14,CONDI (5),M 25B 0,3L-Y9M;K-X5AX;U-BXU9
BJ-ZFD,Feythabolis,-0.18,CONDI (5),M 51B 0,5ELE-A;H65-HE;M-CMLV
BLC-X0,Feythabolis,-0.16,CONDI (5),M 51B 0,3L-Y9M;K-X5AX;O9V-R7
C-0ND2,Feythabolis,-0.31,BRAVE (5),M 47B 0,5XR-KZ;P8-BKO
CFLF-P,Feythabolis,-0.41,FNT (5),M 49B 0,3-YX2D;9-ZFCG;J-TPTA
CL-J9W,Feythabolis,-0.37,FNT (5),M 55B 0,Y2-I3W
D4-2XN,Feythabolis,-1.00,IGC (5),M 45B 18,C-PEWN;Esoteria;K-9UG4
D6SK-L,Feythabolis,-0.53,IGC (5),M 8B 3,0OYZ-G;I9-ZQZ;NPD9-A
DB1R-4,Feythabolis,-0.95,CONDI (5),M 45B 20,ZS-2LT
DUU1-K,Feythabolis,-0.23,FNT (5),M 60B 0,3L-Y9M;9-ZFCG
E-PR0S,Feythabolis,-0.55,FNT (5),M 32B 7,AZN-D2;VNGJ-U
F-8Y13,Feythabolis,-0.37,FNT (5),M 30B 0,J-TPTA
GHZ-SJ,Feythabolis,-0.72,BRAVE (5),M49B24,5P-AIP;NLO-3Z;RIT-A7
GPUS-A,Feythabolis,-0.39,CONDI (5),M 50B 0,23M-PX;3-BADZ;U1-C18
H65-HE,Feythabolis,-0.18,CONDI (5),M 30B 0,BJ-ZFD;M-CMLV;O9V-R7;QK-CDG
H-P4LB,Feythabolis,-0.12,CONDI (5),M 16B 0,2UK4-N;5ELE-A
HYPL-V,Feythabolis,-0.57,IGC (5),M 42B 6,M-PGT0;NPD9-A
I5Q2-S,Feythabolis,-0.13,BRAVE (5),M 16B 0,75C-WN
I9-ZQZ,Feythabolis,-0.47,IGC (5),M 47B 9,D6SK-L
J94-MU,Feythabolis,-0.25,IGC (5),M 26B 0,M2GJ-X;YHP2-D
JI-LGM,Feythabolis,-0.23,BRAVE (5),M 32B 0,T2-V8F;Y-YGMW
JO-32L,Feythabolis,-0.31,IGC (5),M 34B 0,M2GJ-X;MSKR-1;UB5Z-3
J-TPTA,Feythabolis,-0.42,FNT (5),M 35B 0,5-IZGE;CFLF-P;F-8Y13;OXC-UL;PMV-G6
K-9UG4,Feythabolis,-0.97,IGC (5),M 61B 6,D4-2XN;ZID-LE
K-J50B,Feythabolis,-0.33,BRAVE (5),M 38B 0,NLO-3Z;RIT-A7
KJ-V0P,Feythabolis,-0.93,IGC (5),M 29B 7,OBK-K8;ZID-LE
K-X5AX,Feythabolis,-0.13,CONDI (5),M 43B 0,BJD4-E;BLC-X0;TSG-NO
M2GJ-X,Feythabolis,-0.20,IGC (5),M 36B 0,J94-MU;JO-32L
M-CMLV,Feythabolis,-0.20,CONDI (5),M 44B 0,BJ-ZFD;H65-HE
M-PGT0,Feythabolis,-0.48,IGC (5),M 72B 16,HYPL-V;MSKR-1;NPD9-A
MSKR-1,Feythabolis,-0.40,IGC (5),M 61B 0,JO-32L;M-PGT0
NLO-3Z,Feythabolis,-0.82,BRAVE (5),M 53B 6,5P-AIP;GHZ-SJ;K-J50B
NPD9-A,Feythabolis,-0.50,IGC (5),M 66B 14,D6SK-L;HYPL-V;M-PGT0
NW2S-A,Feythabolis,-0.13,CONDI (5),M 71B 0,U-BXU9;ZXOG-O
NX5W-U,Feythabolis,-0.23,CONDI (5),M 81B 0,6O-XIO;U1-C18;U-BXU9;U-JJEW
O9V-R7,Feythabolis,-0.19,CONDI (5),M 20B 0,BLC-X0;H65-HE
OBK-K8,Feythabolis,-0.89,IGC (5),M 8B 3,KJ-V0P;SWBV-2
OCU4-R,Feythabolis,-0.14,BRAVE (5),M 36B 0,BG-W90;Y-YGMW;Z-PNIA
OXC-UL,Feythabolis,-0.40,FNT (5),M 48B 0,J-TPTA
P8-BKO,Feythabolis,-0.35,BRAVE (5),M 8B 0,C-0ND2;RIT-A7
PMV-G6,Feythabolis,-0.47,FNT (5),M 73B 16,J-TPTA
PO-3QW,Feythabolis,-0.24,BRAVE (5),M 24B 0,5XR-KZ;VF-FN6;Y-YGMW
QBH5-F,Feythabolis,-0.57,FNT (5),M 44B 5,AZN-D2;UD-VZW
QK-CDG,Feythabolis,-0.16,CONDI (5),M 44B 0,H65-HE
R4K-8L,Feythabolis,-0.35,BRAVE(5),M 92B 0,RIT-A7
R97-CI,Feythabolis,-0.58,IGC (5),M 45B 34,0OYZ-G;6-ELQP
RIT-A7,Feythabolis,-0.54,BRAVE (5),M 66B 10,5P-AIP;GHZ-SJ;K-J50B;P8-BKO;R4K-8L
SWBV-2,Feythabolis,-0.79,IGC (5),M 23B 14,0OYZ-G;OBK-K8
TR07-S,Feythabolis,-0.61,FNT (5),M 57B 5,2-F3OE;AZN-D2;X-7BIX
TSG-NO,Feythabolis,-0.14,CONDI (5),M 39B 0,9MWZ-B;K-X5AX
U1-C18,Feythabolis,-0.30,CONDI (5),M 6B 0,6O-XIO;GPUS-A;NX5W-U
UB5Z-3,Feythabolis,-0.35,IGC (5),M27B0,JO-32L
U-BXU9,Feythabolis,-0.14,CONDI (5),M 56B 0,BJD4-E;NW2S-A;NX5W-U;ZXOG-O
UD-VZW,Feythabolis,-0.50,FNT (5),M 99B 17,3-YX2D;IV-UNR;QBH5-F;V-TN6Q
U-JJEW,Feythabolis,-0.17,CONDI (5),M 75B 0,NX5W-U;ZXOG-O
UTDH-N,Feythabolis,-0.86,CONDI (5),M 81B 7,23M-PX;ZS-2LT
VF-FN6,Feythabolis,-0.23,BRAVE (5),M 52B 0,5XR-KZ;PO-3QW
VNGJ-U,Feythabolis,-0.47,FNT (5),M 27B 15,5-LCI7;E-PR0S
V-TN6Q,Feythabolis,-0.39,FNT (5),M 51B 0,3-YX2D;UD-VZW
VVO-R6,Feythabolis,-0.34,IGC (5),M 8B 0,5-LCI7;YHP2-D
X6-J6R,Feythabolis,-0.40,FNT (5),M 74B 0,5-IZGE;BGN1-O
Y2-I3W,Feythabolis,-0.38,FNT (5),M 49B 0,5-LCI7;CL-J9W
YHP2-D,Feythabolis,-0.30,IGC (5),M 29B 0,J94-MU;VVO-R6
Y-YGMW,Feythabolis,-0.20,BRAVE (5),M 78B 0,75C-WN;JI-LGM;OCU4-R;PO-3QW
ZID-LE,Feythabolis,-0.96,IGC (5),M 35B 7,2-RSC7;K-9UG4;KJ-V0P
Z-PNIA,Feythabolis,-0.16,BRAVE (5),M 51B 0,3L-Y9M;75C-WN;OCU4-R
ZS-2LT,Feythabolis,-0.91,CONDI (5),M 49B 14,DB1R-4;UTDH-N
ZXOG-O,Feythabolis,-0.14,CONDI (5),M 7B 0,NW2S-A;U-BXU9;U-JJEW
006-L3,Fountain,-0.27,INIT. (5),M 41B 6,PB-0C1;XUW-3X
00GD-D,Fountain,-0.20,INIT. (5),M 26B 4,C1XD-X;C-N4OD;RE-C26
14YI-D,Fountain,-0.10,INIT. (5),M 67B 10,I-CUVX;J-RQMF
1-5GBW,Fountain,-0.73,INIT. (5),M 55B 12,ATQ-QS;F-88PJ;O-PNSN
15U-JY,Fountain,-0.15,INIT. (5),M 28B 6,6VDT-H
38IA-E,Fountain,-0.16,INIT. (5),M 42B 12,G-UTHL;LIWW-P;M-KXEH;TU-Y2A
3WE-KY,Fountain,-0.11,INIT. (5),M 51B 14,4-EP12;9-VO0Q;A8-XBW;IR-WT1
3ZTV-V,Fountain,-0.28,INIT. (5),M 54B 3,9D6O-M;L-A5XP
4-EP12,Fountain,-0.05,INIT. (5),M 53B 15,3WE-KY;XF-TQL
4HS-CR,Fountain,-0.54,INIT. (5),M 59B 13,KVN-36;WMH-SO;Z-YN5Y
57-KJB,Fountain,-0.28,INIT. (5),M 27B 8,A-HZYL;V6-NY1
5-D82P,Fountain,-0.09,INIT. (5),M 30B 9,8ESL-G;9O-ORX;9-VO0Q;APM-6K
671-ST,Fountain,-0.02,INIT. (5),M 29B 2,ESC-RI;Z30S-A
6F-H3W,Fountain,-0.24,INIT. (5),M 25B 5,B17O-R;H-NPXW
6VDT-H,Fountain,-0.22,INIT. (5),M 26B 10,15U-JY;7BX-6F;B17O-R;NDH-NV
75FA-Z,Fountain,-0.08,Serpentis,M 48B 18,I-CUVX;WY-9LL;YZ-LQL
7-8S5X,Fountain,-0.03,INIT. (5),M 71B 14,Z9PP-H
7BIX-A,Fountain,-0.60,INIT. (5),M 68B 5,G-UTHL;TU-Y2A
7BX-6F,Fountain,-0.76,INIT. (5),M 77B 14,6VDT-H;AV-VB6
7X-02R,Fountain,-0.09,INIT. (5),M 8B 7,D2AH-Z;EI-O0O
87XQ-0,Fountain,-0.40,INIT. (5),M 63B 21,KVN-36;LJ-TZW;TEG-SD
8ESL-G,Fountain,-0.03,INIT. (5),M 40B 7,5-D82P;APM-6K;JGOW-Y;KCT-0A
9D6O-M,Fountain,-0.24,INIT. (5),M 55B 13,3ZTV-V;P5-EFH
9DQW-W,Fountain,-0.80,INIT. (5),M 17B 4,PXF-RF;V6-NY1
9O-ORX,Fountain,-0.12,INIT. (5),M 17B 3,5-D82P;APM-6K
9R4-EJ,Fountain,-0.10,INIT. (5),M 29B 10,E-BWUU;Q-XEB3;SPLE-Y;Y-1W01
9-VO0Q,Fountain,-0.12,INIT. (5),M 14B 2,3WE-KY;5-D82P;PNQY-Y
A-1CON,Fountain,-0.08,Serpentis,M 28B 9,LIWW-P;YZ-LQL
A8-XBW,Fountain,-0.17,INIT. (5),M 40B 10,3WE-KY
AC2E-3,Fountain,-0.31,INIT. (5),M 6B 1,BYXF-Q;CL-BWB;YVBE-E
A-HZYL,Fountain,-0.12,INIT. (5),M 47B 9,57-KJB;ESC-RI;Z30S-A
AL8-V4,Fountain,-0.07,INIT. (5),M 46B 15,JGOW-Y;OW-TPO
APM-6K,Fountain,-0.06,INIT. (5),M 65B 14,5-D82P;8ESL-G;9O-ORX;JGOW-Y;KCT-0A;RE-C26
ATQ-QS,Fountain,-0.54,INIT. (5),M 9B 4,1-5GBW
AV-VB6,Fountain,-0.87,INIT. (5),M 41B 19,7BX-6F;XJP-Y7
B17O-R,Fountain,-0.12,INIT. (5),M 44B 9,6F-H3W;6VDT-H;IGE-RI
B32-14,Fountain,-0.72,INIT. (5),M 43B 13,C1XD-X;CHA2-Q;G95F-H
BYXF-Q,Fountain,-0.24,INIT. (5),M 40B 24,AC2E-3;C-C99Z;P5-EFH;YVBE-E
C1XD-X,Fountain,-0.45,INIT. (5),M 34B 19,00GD-D;B32-14;G95F-H
C-C99Z,Fountain,-0.32,INIT. (5),M 37B 11,BYXF-Q
C-FER9,Fountain,-0.56,INIT. (5),M33B10,F2-2C3;O-PNSN
CHA2-Q,Fountain,-0.85,INIT. (5),M 47B 15,B32-14;G95F-H
CL-BWB,Fountain,-0.29,INIT. (5),M 47B 14,AC2E-3;RP2-OQ
C-N4OD,Fountain,-0.61,INIT. (5),M 58B 16,00GD-D;G95F-H;KVN-36
D2AH-Z,Fountain,-0.22,INIT. (5),M 51B 20,7X-02R
D4KU-5,Fountain,-0.11,INIT. (5),M 85B 23,Hophib;L-A5XP
DBRN-Z,Fountain,-0.75,INIT. (5),M 52B 16,U-SOH2
D-Q04X,Fountain,-0.46,Serpentis,M 37B 8,MN5N-X;O-PNSN;YZ-LQL
E-BWUU,Fountain,-0.09,INIT. (5),M 64B 20,9R4-EJ;IR-WT1;Y-1W01
EI-O0O,Fountain,-0.03,INIT. (5),M 7B 2,7X-02R;J5A-IX;Z9PP-H
ESC-RI,Fountain,-0.02,INIT. (5),M 38B 11,671-ST;A-HZYL;H-S80W;UAYL-F
F2-2C3,Fountain,-0.56,INIT. (5),M 11B 4,C-FER9;O-PNSN
F-88PJ,Fountain,-0.90,INIT. (5),M 41B 11,1-5GBW
G1CA-Y,Fountain,-0.33,INIT. (5),M 48B 4,WMH-SO;Z-YN5Y
G95F-H,Fountain,-0.68,INIT. (5),M 67B 18,B32-14;C1XD-X;CHA2-Q;C-N4OD
G-UTHL,Fountain,-0.12,INIT. (5),M 36B 8,38IA-E;7BIX-A;LIWW-P;M-KXEH
HMF-9D,Fountain,-0.21,INIT. (5),M 27B 7,QV28-G
H-NPXW,Fountain,-0.39,INIT. (5),M 27B 11,6F-H3W;L-1SW8
H-S80W,Fountain,-0.01,INIT. (5),M 89B 19,ESC-RI
I-CUVX,Fountain,-0.10,INIT. (5),M 50B 18,14YI-D;75FA-Z;J-RQMF
IGE-RI,Fountain,-0.05,INIT. (5),M 53B 5,B17O-R;OW-TPO
IR-WT1,Fountain,-0.10,INIT. (5),M 63B 5,3WE-KY;E-BWUU
J5A-IX,Fountain,0.00,INIT. (5),M 34B 8,B-DBYQ;EI-O0O
JGOW-Y,Fountain,-0.05,INIT. (5),M 10B 8,8ESL-G;AL8-V4;APM-6K
J-RQMF,Fountain,-0.17,INIT. (5),M 34B 0,14YI-D;I-CUVX;KVN-36;LJ-TZW;TEG-SD
K8L-X7,Fountain,-0.09,INIT. (5),M 22B 10,Q-XEB3;SPLE-Y;UAYL-F;Y-1W01
KCT-0A,Fountain,-0.02,INIT. (5),M 29B 9,8ESL-G;APM-6K
KVN-36,Fountain,-0.42,INIT. (5),M 31B 2,4HS-CR;87XQ-0;C-N4OD;J-RQMF
L-1SW8,Fountain,-0.47,INIT. (5),M 31B 6,H-NPXW;U-SOH2
L7-APB,Fountain,-0.24,INIT. (5),M 60B 12,ZTS-4D;ZUE-NS
L-A5XP,Fountain,-0.38,INIT. (5),M 50B 8,3ZTV-V;D4KU-5;P5-EFH;YRNJ-8
LBGI-2,Fountain,-0.91,INIT. (5),M 34B 6,WMH-SO;Y-2ANO
LIWW-P,Fountain,-0.16,INIT. (5),M 53B 10,38IA-E;A-1CON;G-UTHL;M-KXEH
LJ-TZW,Fountain,-0.22,INIT. (5),M 53B 25,87XQ-0;J-RQMF
M-KXEH,Fountain,-0.09,INIT. (5),M 63B 2,38IA-E;G-UTHL;LIWW-P
MN5N-X,Fountain,-0.28,Serpentis,M 60B 11,D-Q04X;YZ-LQL
N2-OQG,Fountain,-0.01,INIT. (5),M 60B 8,RE-C26
NDH-NV,Fountain,-0.47,INIT. (5),M 18B 6,6VDT-H;NY6-FH;QV28-G;XJP-Y7
NY6-FH,Fountain,-0.44,INIT. (5),M 53B 15,NDH-NV
OL3-78,Fountain,-0.26,INIT. (5),M41B5,R-BGSU;V6-NY1
O-PNSN,Fountain,-0.65,INIT. (5),M 30B 6,1-5GBW;C-FER9;D-Q04X;F2-2C3
OW-TPO,Fountain,-0.07,INIT. (5),M 70B 13,AL8-V4;IGE-RI
P5-EFH,Fountain,-0.32,INIT. (5),M 52B 13,9D6O-M;BYXF-Q;L-A5XP
PB-0C1,Fountain,-0.29,INIT. (5),M 47B 16,006-L3;ZUE-NS
PNQY-Y,Fountain,-0.13,INIT. (5),M 26B 4,9-VO0Q;R3W-XU;RP2-OQ
PXF-RF,Fountain,-1.00,INIT. (5),M 63B 26,9DQW-W
Querious,Fountain,-0.20,,,
QV28-G,Fountain,-0.40,INIT. (5),M53B7,HMF-9D;NDH-NV
Q-XEB3,Fountain,-0.06,INIT. (5),M 28B 6,9R4-EJ;K8L-X7
R3W-XU,Fountain,-0.11,INIT. (5),M 28B 8,PNQY-Y;RP2-OQ
R-BGSU,Fountain,-0.10,INIT. (5),M 82B 26,OL3-78
RE-C26,Fountain,-0.06,INIT. (5),M 50B 12,00GD-D;APM-6K;N2-OQG
RP2-OQ,Fountain,-0.15,INIT. (5),M 41B 12,CL-BWB;PNQY-Y;R3W-XU;YVBE-E
Serpentis Prime,Fountain,-0.12,Serpentis,M 7B 2,YZ-LQL
SPLE-Y,Fountain,-0.11,INIT. (5),M 51B 7,9R4-EJ;K8L-X7
TEG-SD,Fountain,-0.28,INIT. (5),M 53B 10,87XQ-0;J-RQMF;XUW-3X
TU-Y2A,Fountain,-0.47,INIT. (5),M 67B 18,38IA-E;7BIX-A
UAYL-F,Fountain,-0.03,INIT. (5),M 7B 5,ESC-RI;K8L-X7
U-SOH2,Fountain,-0.69,INIT. (5),M 9B 5,DBRN-Z;L-1SW8
V6-NY1,Fountain,-0.56,INIT. (5),M 18B 4,57-KJB;9DQW-W;OL3-78
WMH-SO,Fountain,-0.71,INIT. (5),M 19B 1,4HS-CR;G1CA-Y;LBGI-2
WY-9LL,Fountain,-0.15,Serpentis,M 66B 18,75FA-Z
XF-TQL,Fountain,-0.01,INIT. (5),M 12B 4,4-EP12;7-692B;YZS5-4
XJP-Y7,Fountain,-0.65,INIT. (5),M 50B 6,AV-VB6;NDH-NV
XUW-3X,Fountain,-0.23,INIT. (5),M 48B 15,006-L3;TEG-SD;ZTS-4D;ZUE-NS
Y-1W01,Fountain,-0.13,INIT. (5),M 57B 4,9R4-EJ;E-BWUU;K8L-X7
Y-2ANO,Fountain,-1.00,INIT. (5),M 65B 24,Delve;LBGI-2;ZXB-VC
YRNJ-8,Fountain,-0.61,INIT. (5),M 55B 11,L-A5XP
YVBE-E,Fountain,-0.28,INIT. (5),M 89B 9,AC2E-3;BYXF-Q;RP2-OQ
YZ-LQL,Fountain,-0.11,Serpentis,M 78B 21,75FA-Z;A-1CON;D-Q04X;MN5N-X;Serpentis Prime;Z30S-A
YZS5-4,Fountain,-0.02,INIT. (5),M 67B 12,XF-TQL;Z9PP-H
Z30S-A,Fountain,-0.09,INIT. (5),M 28B 18,671-ST;A-HZYL;YZ-LQL
Z9PP-H,Fountain,-0.03,INIT. (5),M 14B 3,7-8S5X;EI-O0O;YZS5-4
ZTS-4D,Fountain,-0.36,INIT. (5),M 27B 5,L7-APB;XUW-3X;ZUE-NS
ZUE-NS,Fountain,-0.31,INIT. (5),M 20B 8,L7-APB;PB-0C1;XUW-3X;ZTS-4D
Z-YN5Y,Fountain,-0.30,INIT. (5),M 5B 2,4HS-CR;G1CA-Y
04-LQM,Geminate,-0.64,CONDI (5),M 5B 3,6L78-1;LX-ZOJ;Y8R-XZ
0-GZX9,Geminate,-0.30,FRT (5),M 52B 19,2H-TSE;AP9-LV;KR-V6G
2E-ZR5,Geminate,-0.31,The Society,M 49B 21,O1-FTD;SR-KBB
2H-TSE,Geminate,-0.29,FRT (5),M 54B 10,0-GZX9
39-DGG,Geminate,-0.36,FRT (5),M 68B 14,6RQ9-A;OEY-OR;SV-K8J
3SFU-S,Geminate,-0.07,CONDI (5),M 28B 10,8-KZXQ;RFGW-V
3USX-F,Geminate,-0.34,FRT (5),M 4B 2,6RQ9-A;9-KWXC;K42-IE;VSJ-PP
4-CUM5,Geminate,-0.49,FRT (5),M 49B 10,BND-16;RLSI-V
4D9-66,Geminate,-0.42,FRT (5),M 17B 3,Geminate;HJO-84;L-TOFR
4K0N-J,Geminate,-0.13,FRT (5),M 49B 29,TZL-WT
4NGK-F,Geminate,-0.23,FRT (5),M 72B 17,AP9-LV
4VY-Y1,Geminate,-0.37,CONDI (5),M 25B 7,6L78-1;LU-HQS;LX-ZOJ;O-VWPB
54-MF6,Geminate,-0.02,FRT(5),M 72B 14,AD-5B8;E-91FV;G-73MR
5F-YRA,Geminate,-0.43,CONDI (5),M 14B 6,O2O-2X;TDE4-H
6L78-1,Geminate,-0.40,CONDI (5),M 46B 11,04-LQM;4VY-Y1;6YC-TU;O-VWPB;U-L4KS
6RQ9-A,Geminate,-0.40,FRT (5),M 57B 12,39-DGG;3USX-F;K42-IE
6YC-TU,Geminate,-0.37,CONDI (5),M 68B 10,6L78-1;O2O-2X;U-L4KS
8-KZXQ,Geminate,-0.17,CONDI (5),M 41B 7,3SFU-S;D-I9HJ
8MG-J6,Geminate,-0.60,FRT (5),M 50B 17,BWF-ZZ
9-KWXC,Geminate,-0.33,FRT (5),M 53B 9,3USX-F;Geminate;P-E9GN
9P4O-F,Geminate,-1.00,FRT (5),M 48B 7,1S-SU1;Q-TBHW
AD-5B8,Geminate,-0.03,FRT (5),M 53B 10,54-MF6;Eurgrana;G-73MR;UBX-CC
AP9-LV,Geminate,-0.25,FRT (5),M 72B 6,0-GZX9;4NGK-F;NQ-9IH
Atioth,Geminate,-0.02,CONDI (5),M 42B 4,D-I9HJ;K-IYNW;U6D-9A
B6-52M,Geminate,-0.09,FRT (5),M 67B 21,L4X-FH;V-MZW0
BE-UUN,Geminate,-0.12,FRT (5),M 60B 15,B-F1MI;W-3BSU
B-F1MI,Geminate,-0.09,FRT (5),M 24B 10,BE-UUN;LR-2XT;W-3BSU
BND-16,Geminate,-0.49,FRT (5),M 41B 12,4-CUM5;IOO-7O;O1-FTD
BWF-ZZ,Geminate,-0.58,FRT (5),M 52B 11,8MG-J6;IOO-7O;Oijanen;RLSI-V
CFYY-J,Geminate,-0.21,CONDI (5),M 17B 4,HKYW-T;P-6I0B
D0-F4W,Geminate,-0.05,FRT (5),M 15B 3,L-HV5C;NBPH-N;WH-2EZ;YN3-E3
D-I9HJ,Geminate,-0.31,CONDI (5),M 66B 15,8-KZXQ;Atioth;P-6I0B;PYY3-5;U-L4KS
E-91FV,Geminate,-0.02,FRT (5),M 46B 13,54-MF6;G-73MR;QP0K-B
EOA-ZC,Geminate,-0.07,FRT (5),M 38B 18,Akkio;The Forge;TJM-JJ;UBX-CC
FDZ4-A,Geminate,-0.23,The Society,M 35B 6,M-MD31;MR4-MY;Roua
G-73MR,Geminate,-0.03,FRT (5),M 55B 11,54-MF6;AD-5B8;E-91FV;TJM-JJ
Geminate,Geminate,-1.00,,,1S-SU1;4D9-66;9-KWXC;Geminate;Geminate
HJO-84,Geminate,-0.35,FRT (5),M 57B 11,4D9-66;P-E9GN
HKYW-T,Geminate,-0.05,CONDI (5),M 49B 14,CFYY-J;N-HK93;VJ-NQP
IOO-7O,Geminate,-0.53,FRT (5),M 54B 5,BND-16;BWF-ZZ
JE1-36,Geminate,-0.52,CONDI (5),M 39B 5,O2O-2X
K25-XD,Geminate,-0.59,CONDI (5),M 7B 7,LU-HQS;U-L4KS
K42-IE,Geminate,-0.45,FRT (5),M 33B 10,3USX-F;6RQ9-A;VSJ-PP
KR-V6G,Geminate,-0.20,FRT (5),M 5B 4,0-GZX9;NQ-9IH
L4X-FH,Geminate,-0.08,FRT (5),M 45B 14,B6-52M;NBPH-N
L-HV5C,Geminate,-0.05,FRT (5),M 55B 8,D0-F4W;NBPH-N;WH-2EZ;YN3-E3
LR-2XT,Geminate,-0.12,FRT (5),M 37B 9,B-F1MI;TZL-WT;YN3-E3
L-TOFR,Geminate,-0.73,FRT (5),M 45B 18,4D9-66;9-GBPD;P-E9GN;Q-TBHW
LU-HQS,Geminate,-0.42,CONDI (5),M 49B 8,4VY-Y1;K25-XD;LX-ZOJ
LX-ZOJ,Geminate,-0.45,CONDI (5),M 34B 9,04-LQM;4VY-Y1;LU-HQS;O-VWPB
M-MD31,Geminate,-0.27,FRT (5),M 46B 11,FDZ4-A;QKTR-L;V-MZW0;WH-2EZ
MR4-MY,Geminate,-0.20,The Society,M 63B 10,FDZ4-A;H-5GUI;SR-KBB
NBPH-N,Geminate,-0.07,FRT (5),M 15B 3,D0-F4W;L4X-FH;L-HV5C;UBX-CC;YN3-E3
N-HK93,Geminate,-0.21,CONDI (5),M 67B 14,HKYW-T;RFGW-V
NQ-9IH,Geminate,-0.21,FRT (5),M 20B 3,AP9-LV;KR-V6G;SR-KBB
O1-FTD,Geminate,-0.41,The Society,M 72B 12,2E-ZR5;BND-16;OEY-OR
O2O-2X,Geminate,-0.43,CONDI (5),M 80B 41,5F-YRA;6YC-TU;JE1-36
OEY-OR,Geminate,-0.35,The Society,M 40B 20,39-DGG;O1-FTD
O-VWPB,Geminate,-0.41,CONDI (5),M 30B 3,4VY-Y1;6L78-1;LX-ZOJ;VSJ-PP
P-6I0B,Geminate,-0.37,CONDI (5),M 60B 13,CFYY-J;D-I9HJ
P-E9GN,Geminate,-0.39,FRT (5),M 6B 6,9-KWXC;HJO-84;L-TOFR
PYY3-5,Geminate,-0.24,CONDI (5),M 12B 6,D-I9HJ
QKTR-L,Geminate,-0.39,FRT (5),M 44B 4,M-MD31
QP0K-B,Geminate,-0.03,FRT (5),M 8B 3,1W-0KS;E-91FV;TJM-JJ
Q-TBHW,Geminate,-0.78,FRT (5),M 104B 25,9P4O-F;L-TOFR
RFGW-V,Geminate,-0.08,CONDI (5),M 5B 5,3SFU-S;N-HK93
RLSI-V,Geminate,-0.53,FRT (5),M 46B 8,4-CUM5;BWF-ZZ
Roua,Geminate,-0.21,The Society,M 18B 7,FDZ4-A
SR-KBB,Geminate,-0.29,The Society,M 60B 8,2E-ZR5;MR4-MY;NQ-9IH
SV-K8J,Geminate,-0.35,FRT (5),M19B4,39-DGG
TDE4-H,Geminate,-0.58,CONDI (5),M 71B 25,5F-YRA;UER-TH
TJM-JJ,Geminate,-0.05,FRT (5),M 17B 5,EOA-ZC;G-73MR;QP0K-B;UBX-CC
TZL-WT,Geminate,-0.16,FRT (5),M 32B 8,4K0N-J;LR-2XT
U6D-9A,Geminate,-0.03,CONDI (5),M 44B 13,Atioth;VJ-NQP
UBX-CC,Geminate,-0.06,FRT (5),M 63B 12,AD-5B8;EOA-ZC;NBPH-N;TJM-JJ
UER-TH,Geminate,-0.73,CONDI (5),M 32B 10,TDE4-H;UG-UWZ
UG-UWZ,Geminate,-0.96,CONDI (5),M 23B 9,UER-TH
U-L4KS,Geminate,-0.48,CONDI (5),M 77B 22,6L78-1;6YC-TU;D-I9HJ;K25-XD
VJ-NQP,Geminate,-0.03,CONDI (5),M 50B 9,HKYW-T;U6D-9A
V-MZW0,Geminate,-0.09,FRT (5),M 32B 10,B6-52M;M-MD31
VSJ-PP,Geminate,-0.39,FRT (5),M 34B 7,3USX-F;K42-IE;O-VWPB
W-3BSU,Geminate,-0.09,FRT (5),M 28B 12,BE-UUN;B-F1MI
WH-2EZ,Geminate,-0.17,FRT (5),M 62B 13,D0-F4W;L-HV5C;M-MD31
Y8R-XZ,Geminate,-0.52,CONDI (5),M 51B 14,04-LQM
YN3-E3,Geminate,-0.07,FRT (5),M 56B 9,D0-F4W;L-HV5C;LR-2XT;NBPH-N
Abhan,Genesis,0.6,Amarr,M 53B 12,Habu;Itrin
Access,Genesis,0.2,Amarr,M 11B 3,Angur;Exit
Agal,Genesis,0.5,Amarr,M 62B 13,Doza;Hadji;Heorah
Ahbazon,Genesis,0.4,Amarr,M 45B 16,Hykkota;Lor;Shera
Alal,Genesis,0.4,Amarr,M 43B 8,Assez;Chamja;Dom-Aphis
Anara,Genesis,0.4,Amarr,M 44B 9,Partod;Sharza
Angur,Genesis,0.2,Amarr,M 7B 5,Access;Djimame;Hangond
Antem,Genesis,0.3,Amarr,M 48B 13,Aring;Djimame;Imya;Mozzidit
Anyed,Genesis,0.6,Amarr,M 90B 35,Anzalaisio;Asanot;Habu;Imya
Anzalaisio,Genesis,0.5,Amarr,M 60B 8,Anyed;Itrin
Apanake,Genesis,0.5,Amarr,M 26B 3,Avyuh;Sheroo
Aring,Genesis,0.3,Amarr,M 54B 14,Antem;Chej;Gayar;Petidu
Asanot,Genesis,0.5,Amarr,M 43B 8,Anyed;Itrin
Ashokon,Genesis,0.7,Amarr,M 35B 10,Avyuh;Emsar
Assez,Genesis,0.4,Amarr,M 78B 19,Alal;Chamja;Serren;Ziasad
Atreen,Genesis,0.5,Amarr,M 31B 8,Cleyd;Nardiarang
Avyuh,Genesis,0.6,Amarr,M 10B 4,Apanake;Ashokon;Sheroo
Azedi,Genesis,0.3,Amarr,M 25B 7,Bantish;Galnafsad;Sharza
Bania,Genesis,0.5,Amarr,M 45B 11,Ebasez;Kemerk;Nasreri
Bantish,Genesis,0.3,Amarr,M 77B 40,Azedi;Korridi;Lela;Saphthar
Beke,Genesis,0.3,Amarr,M 17B 7,Ebasez;Pashanai
Bherdasopt,Genesis,0.5,Amarr,M 42B 16,Gonditsa;Malma;Simela
Canard,Genesis,0.3,Amarr,M 44B 10,Central Point
Central Point,Genesis,0.2,Amarr,M 60B 10,Canard;Dead End;Gateway;Promised Land
Chamja,Genesis,0.4,Amarr,M 33B 4,Alal;Assez
Chej,Genesis,0.3,Amarr,M 65B 23,Aring;Gayar;Noranim
Chiga,Genesis,0.7,Amarr,M 51B 6,Habu
Cleyd,Genesis,0.5,Amarr,M 24B 7,Atreen;Lor;Vecamia
Dead End,Genesis,0.2,Amarr,M 22B 2,Central Point
Diaderi,Genesis,0.8,Amarr,M 52B 15,Manatirid;Tourier
Djimame,Genesis,0.3,Amarr,M 59B 20,Angur;Antem;Hangond;Mozzidit
Domain,Genesis,0.3,,,Mod;R3-K7K
Dom-Aphis,Genesis,0.4,Amarr,M 57B 15,Alal;Iderion
Doza,Genesis,0.6,Amarr,M 27B 9,Agal;Heorah;Madomi
Ebasez,Genesis,0.5,Amarr,M 29B 12,Bania;Beke;Heorah
Emsar,Genesis,0.7,CONCORD,M 56B 16,Arnon;Ashokon;Manarq
Exit,Genesis,0.2,Amarr,M 8B 2,Access;Gateway
Galnafsad,Genesis,0.2,Amarr,M 59B 13,Azedi;Otakod;Shalne;Shapisin
Gateway,Genesis,0.2,Amarr,M 67B 27,Central Point;Exit
Gayar,Genesis,0.3,Amarr,M 26B 7,Aring;Chej;Naka
Gergish,Genesis,0.6,Amarr,M 52B 13,Imya;Kobam;Madomi;Sibe;Tahli
Girani-Fa,Genesis,0.6,Amarr,M 70B 21,Aydoteaux;Nasreri;Tarta
Gonditsa,Genesis,0.3,Amarr,M 50B 16,Bherdasopt;Korridi;Shalne;Shapisin
Habu,Genesis,0.6,Amarr,M 29B 9,Abhan;Anyed;Chiga
Hadji,Genesis,0.5,Amarr,M 63B 19,Agal;Serren
Hangond,Genesis,0.2,Amarr,M 7B 2,Angur;Djimame
Heorah,Genesis,0.5,Amarr,M 36B 10,Agal;Doza;Ebasez;Nasreri
Hesarid,Genesis,0.4,Amarr,M 13B 8,Toon
Hirizan,Genesis,0.5,Amarr,M 14B 7,Kobam;Rayeret;Tahli
Iderion,Genesis,0.5,Amarr,M 53B 14,Ansasos;Chanoun;Dom-Aphis
Imya,Genesis,0.5,Amarr,M 47B 13,Antem;Anyed;Gergish
Itrin,Genesis,0.4,Amarr,M 45B 6,Abhan;Anzalaisio;Asanot;Keri;Saphthar
Kemerk,Genesis,0.8,CONCORD,M 64B 18,Arant;Bania;Deninard;Manarq;Yulai
Keri,Genesis,0.4,Amarr,M 35B 8,Itrin
Keseya,Genesis,0.6,Amarr,M 45B 8,Madomi;Sigga
Kobam,Genesis,0.5,Amarr,M 45B 16,Gergish;Hirizan;Tahli
Korridi,Genesis,0.3,Amarr,M 4B 5,Bantish;Gonditsa
Lela,Genesis,0.3,Amarr,M 56B 21,Bantish
Leran,Genesis,0.4,Amarr,M 41B 7,Pamah;Pashanai
Lor,Genesis,0.5,Amarr,M 33B 4,Ahbazon;Cleyd;Shera
Madomi,Genesis,0.6,Amarr,M 78B 23,Doza;Gergish;Keseya
Makhwasan,Genesis,0.4,Amarr,M 33B 6,Sibe;Sigga;Toon;Zarer
Malma,Genesis,0.5,Amarr,M 15B 4,Bherdasopt;Pamah
Manarq,Genesis,0.8,CONCORD,M 34B 2,Emsar;Kemerk;Ourapheh;Tar;Tolle
Manatirid,Genesis,0.5,Amarr,M 62B 3,Diaderi;Pashanai
Menai,Genesis,0.3,Amarr,M 68B 10,Atarli;Noranim
Mozzidit,Genesis,0.3,Amarr,M 9B 3,Antem;Djimame
Naka,Genesis,0.3,Amarr,M 44B 10,Gayar;Saphthar
Nardiarang,Genesis,0.4,Amarr,M 27B 8,Atreen;Ziasad
Nasreri,Genesis,0.5,Amarr,M 40B 5,Bania;Girani-Fa;Heorah;Zoohen
New Eden,Genesis,0.3,Amarr,M 0B 0,Promised Land
Noranim,Genesis,0.3,Amarr,M 40B 8,Chej;Menai;Nebian
Olin,Genesis,0.3,Amarr,M 55B 11,Otakod;Shalne
Otakod,Genesis,0.3,Amarr,M 64B 19,Aridia;Galnafsad;Olin;Van
Ourapheh,Genesis,0.9,InterBus,M 5B 7,Atlangeins;Botane;Chantrousse;Manarq;Yulai
Pakhshi,Genesis,0.8,CONCORD,M 54B 22,Irgrus;Kassigainen;Oursulaert;Renyn;Synchelle;Tar
Pamah,Genesis,0.5,Amarr,M 37B 4,Leran;Malma;Pashanai
Partod,Genesis,0.4,Amarr,M 60B 6,Anara
Pashanai,Genesis,0.5,Amarr,M 58B 23,Beke;Leran;Manatirid;Pamah
Petidu,Genesis,0.3,Amarr,M 72B 17,Aring;Iaokit
Pirna,Genesis,0.3,Amarr,M 74B 17,Sharza
Promised Land,Genesis,0.3,Amarr,M 81B 22,Central Point;New Eden
Saphthar,Genesis,0.3,Amarr,M 36B 16,Bantish;Itrin;Naka
Serren,Genesis,0.5,Amarr,M 45B 11,Assez;Hadji;Zoohen
Seshi,Genesis,0.3,Amarr,M 12B5,Sharza
Shalne,Genesis,0.3,Amarr,M 25B 6,Galnafsad;Gonditsa;Olin;Shapisin
Shapisin,Genesis,0.3,Amarr,M 8B 6,Galnafsad;Gonditsa;Shalne
Sharza,Genesis,0.3,Amarr,M 20B 9,Anara;Azedi;Pirna;Seshi
Shera,Genesis,0.6,Amarr,M 24B 9,Ahbazon;Gensela;Kamda;Lor
Sheroo,Genesis,0.6,Amarr,M 45B 7,Apanake;Avyuh;Sosh
Sibe,Genesis,0.5,Amarr,M 16B 4,Gergish;Makhwasan;Ziasad
Sigga,Genesis,0.5,Amarr,M 51B 12,Keseya;Makhwasan;Sosh
Simela,Genesis,0.5,Amarr,M 88B 10,Bherdasopt
Sinq Laison,Genesis,0.3,,,Angatalie;Saidusairos
Sosh,Genesis,0.5,Amarr,M 51B 14,Sheroo;Sigga;Zarer
Tahli,Genesis,0.6,Amarr,M 8B 3,Gergish;Hirizan;Kobam
Tar,Genesis,0.8,CONCORD,M 30B 11,Manarq;Merolles;Pakhshi;Tekaima
Tarta,Genesis,0.5,CONCORD,M 48B 14,Girani-Fa;Tekaima;Vecamia;Zoohen
Tekaima,Genesis,0.6,CONCORD,M 67B 14,Tar;Tarta
Toon,Genesis,0.4,Amarr,M 78B 28,Hesarid;Makhwasan
Vecamia,Genesis,0.4,Amarr,M 19B 9,Cleyd;Tarta
Yulai,Genesis,0.9,CONCORD,M 59B 10,Kemerk;Manifest;Ourapheh;Tourier
Zarer,Genesis,0.4,Amarr,M 44B 6,Makhwasan;Sosh
Ziasad,Genesis,0.4,Amarr,M 28B10,Assez;Nardiarang;Sibe
Zoohen,Genesis,0.5,Amarr,M 7B 8,Nasreri;Serren;Tarta
0-3VW8,Great Wildlands,-0.03,Thukker Tribe,M 55B 0,28-QWU;F7A-MR
0NV-YU,Great Wildlands,-0.29,Thukker Tribe,M 7B 0,V-2GYS;WPR-EI;W-RFUO
0PI4-E,Great Wildlands,0.00,Thukker Tribe,M 88B 0,6WT-BE;9SNK-O;UNJ-GX
0R-GZQ,Great Wildlands,-0.44,Thukker Tribe,M 16B 0,GF-3FL
168-6H,Great Wildlands,-0.13,Thukker Tribe,M 14B 0,V-2GYS
1C-953,Great Wildlands,-0.07,Thukker Tribe,M 36B 0,1L-AED;IX8-JB
1L-AED,Great Wildlands,-0.07,Thukker Tribe,M 87B 0,1C-953;IX8-JB;N-6Z8B;WTIE-6
28-QWU,Great Wildlands,-0.05,Thukker Tribe,M 52B 0,0-3VW8;N-RAEL;UD-AOK
2X7Z-L,Great Wildlands,-0.55,Thukker Tribe,M 72B 0,56D-TC;6EG7-R;FVXK-D
4M-P1I,Great Wildlands,-0.03,Thukker Tribe,M 64B 0,O-RXCZ
504Z-V,Great Wildlands,-0.09,Thukker Tribe,M 76B 0,7-IDWY;AB-FZE;F8K-WQ;NE-3GR;QM-20X
52V6-B,Great Wildlands,-0.03,Thukker Tribe,M 51B 0,5FCV-A;92-B0X;N-6Z8B;PUC-JZ;SB-23C
56D-TC,Great Wildlands,-0.70,Thukker Tribe,M 5B 2,2X7Z-L;6EG7-R;8DL-CP;VKU-BG
5FCV-A,Great Wildlands,-0.01,Thukker Tribe,M 25B 0,52V6-B;O-OVOQ;PUC-JZ
66U-1P,Great Wildlands,-0.50,Thukker Tribe,M 52B 0,BRT-OP;V89M-R
6EG7-R,Great Wildlands,-0.71,Thukker Tribe,M 60B 18,2X7Z-L;56D-TC;8DL-CP;QQ3-YI
6WT-BE,Great Wildlands,0.00,Thukker Tribe,M 67B 0,0PI4-E;9SNK-O;SL-YBS
7-IDWY,Great Wildlands,-0.01,Thukker Tribe,M 52B 0,504Z-V;BY5-V8;TET3-B
7JF-0Z,Great Wildlands,-0.27,Thukker Tribe,M 57B 0,DE71-9;OJOS-T
7Q-8Z2,Great Wildlands,-0.30,Thukker Tribe,M 50B 0,8YC-AN;Derelik;Khabi;SUR-F7
8DL-CP,Great Wildlands,-0.84,Thukker Tribe,M 43B 9,56D-TC;6EG7-R;UMDQ-6
8YC-AN,Great Wildlands,-0.15,Thukker Tribe,M 81B 0,7Q-8Z2;E02-IK;SUR-F7
92-B0X,Great Wildlands,-0.01,Thukker Tribe,M 70B 0,52V6-B;O-OVOQ;SB-23C;Y4-GQV
9-34L5,Great Wildlands,-0.08,Thukker Tribe,M 16B 0,F-5FDA;GF-3FL
9SNK-O,Great Wildlands,0.00,Thukker Tribe,M 27B 0,0PI4-E;6WT-BE;B-VIP9
AB-FZE,Great Wildlands,-0.11,Thukker Tribe,M 71B 0,504Z-V;F8K-WQ;N-6Z8B
AI-EVH,Great Wildlands,-0.06,Thukker Tribe,M 31B 0,F-MKH3;W-RFUO;Y7-XFD
AZF-GH,Great Wildlands,-0.03,Thukker Tribe,M 8B 0,CRXA-Y;VXO-OM;Y4-GQV
B-ROFP,Great Wildlands,-0.05,Thukker Tribe,M 69B 0,Y-DSSK
BRT-OP,Great Wildlands,-0.46,Thukker Tribe,M 38B 0,66U-1P;C-4D0W;JUK0-1
B-VIP9,Great Wildlands,0.00,Thukker Tribe,M 27B 0,9SNK-O;Egbinger
BY5-V8,Great Wildlands,-0.01,Thukker Tribe,M 18B 0,7-IDWY;UT-UZB
CI4M-T,Great Wildlands,-0.03,Thukker Tribe,M 28B 0,I-QRJA;R-ESG0
CRXA-Y,Great Wildlands,-0.08,Thukker Tribe,M 5B 0,AZF-GH;F8K-WQ;JPL-RA
DE71-9,Great Wildlands,-0.14,Thukker Tribe,M 70B 0,7JF-0Z;I-QRJA
E02-IK,Great Wildlands,-0.06,Thukker Tribe,M 63B 0,8YC-AN;M-MD3B;NK-7XO
EOE3-N,Great Wildlands,-0.17,Thukker Tribe,M 26B 0,P7UZ-T
F5-CGW,Great Wildlands,0.00,Thukker Tribe,M 11B 0,H9S-WC;Y-DSSK
F7A-MR,Great Wildlands,-0.06,Thukker Tribe,M 15B 0,0-3VW8;HB-1NJ
F8K-WQ,Great Wildlands,-0.02,Thukker Tribe,M 10B 0,504Z-V;AB-FZE;CRXA-Y;NE-3GR;YUY-LM
F-MKH3,Great Wildlands,-0.12,Thukker Tribe,M 19B 0,AI-EVH;W-RFUO;ZM-DNR
FVXK-D,Great Wildlands,-0.38,Thukker Tribe,M 32B 0,2X7Z-L;P7UZ-T
GF-3FL,Great Wildlands,-0.43,Thukker Tribe,M 62B 0,0R-GZQ;9-34L5;QM-20X;ZJ-GOU
H7O-JZ,Great Wildlands,-0.01,Thukker Tribe,M 25B 0,O-RXCZ;WE3-BX
H-8F5Q,Great Wildlands,-0.02,Thukker Tribe,M 5B 0,WE3-BX
H9S-WC,Great Wildlands,-0.01,Thukker Tribe,M 7B 0,F5-CGW
HB-1NJ,Great Wildlands,-0.13,Thukker Tribe,M 85B 0,F7A-MR;O-8SOC;PUZ-IO
I-QRJA,Great Wildlands,-0.07,Thukker Tribe,M 12B 0,CI4M-T;DE71-9;M-YWAL
IX8-JB,Great Wildlands,-0.04,Thukker Tribe,M 55B 0,1C-953;1L-AED;WTIE-6;Y-DSSK
JPL-RA,Great Wildlands,-0.10,Thukker Tribe,M 42B 0,CRXA-Y;NK-7XO
JUK0-1,Great Wildlands,-0.66,Thukker Tribe,M 64B 0,BRT-OP;V-IH6B
K-IYNW,Great Wildlands,-0.12,Thukker Tribe,M 4B 0,Atioth;I6-SYN;M9U-75
L1S-G1,Great Wildlands,-0.02,Thukker Tribe,M 54B 0,UNJ-GX
LXTC-S,Great Wildlands,-0.03,Thukker Tribe,M 33B 0,N-DQ0D;WE3-BX
M9U-75,Great Wildlands,-0.14,Thukker Tribe,M 18B 0,K-IYNW;UD-AOK
M-EKDF,Great Wildlands,0.00,Thukker Tribe,M 64B 0,VXO-OM;Y4-GQV
M-MD3B,Great Wildlands,-0.12,Thukker Tribe,M 23B 0,E02-IK;NIH-02
M-YWAL,Great Wildlands,-0.23,Thukker Tribe,M 68B 0,I-QRJA
N-6Z8B,Great Wildlands,-0.08,Thukker Tribe,M 72B 0,1L-AED;52V6-B;AB-FZE
N-DQ0D,Great Wildlands,-0.07,Thukker Tribe,M 23B 0,LXTC-S;NIH-02;P1T-LP
NE-3GR,Great Wildlands,-0.03,Thukker Tribe,M 27B 0,504Z-V;F8K-WQ
NIH-02,Great Wildlands,-0.04,Thukker Tribe,M 74B 0,M-MD3B;N-DQ0D;SL-YBS
NK-7XO,Great Wildlands,-0.02,Thukker Tribe,M 70B 0,E02-IK;JPL-RA
N-RAEL,Great Wildlands,-0.03,Thukker Tribe,M 7B 0,28-QWU;Konora;UD-AOK
O-8SOC,Great Wildlands,-0.10,Thukker Tribe,M 51B 0,HB-1NJ;PUZ-IO
OJOS-T,Great Wildlands,-0.31,Thukker Tribe,M 34B 0,7JF-0Z;V89M-R
OK-6XN,Great Wildlands,-0.56,Thukker Tribe,M 44B 0,SUR-F7;U3K-4A
O-OVOQ,Great Wildlands,-0.01,Thukker Tribe,M 13B 0,5FCV-A;92-B0X;SB-23C;VXO-OM
O-RXCZ,Great Wildlands,-0.01,Thukker Tribe,M 47B 0,4M-P1I;H7O-JZ
P1T-LP,Great Wildlands,-0.06,Thukker Tribe,M 50B 0,N-DQ0D;R-ESG0
P7UZ-T,Great Wildlands,-0.22,Thukker Tribe,M 90B 0,EOE3-N;FVXK-D;PUZ-IO
PUC-JZ,Great Wildlands,-0.03,Thukker Tribe,M 9B 0,52V6-B;5FCV-A
PUZ-IO,Great Wildlands,-0.19,Thukker Tribe,M 67B 0,HB-1NJ;O-8SOC;P7UZ-T;U2-28D
Q2FL-T,Great Wildlands,-0.25,Thukker Tribe,M 57B 0,SUR-F7;Y7-XFD
QM-20X,Great Wildlands,-0.15,Thukker Tribe,M 25B 0,504Z-V;GF-3FL;ZJ-GOU
QQ3-YI,Great Wildlands,-0.25,Thukker Tribe,M 73B 0,6EG7-R;ZJ-GOU
R-ESG0,Great Wildlands,-0.05,Thukker Tribe,M 19B 0,CI4M-T;P1T-LP
SB-23C,Great Wildlands,-0.02,Thukker Tribe,M 6B 0,52V6-B;92-B0X;O-OVOQ
SL-YBS,Great Wildlands,-0.03,Thukker Tribe,M 51B 0,6WT-BE;NIH-02;UNJ-GX
SUR-F7,Great Wildlands,-0.44,Thukker Tribe,M 43B 0,7Q-8Z2;8YC-AN;OK-6XN;Q2FL-T
TET3-B,Great Wildlands,-0.02,Thukker Tribe,M 33B 0,7-IDWY;F-5FDA
The Kalevala Expanse,Great Wildlands,-0.13,,,O31W-6;TZ-74M;V3P-AZ
U3K-4A,Great Wildlands,-0.75,Thukker Tribe,M 42B 30,OK-6XN
UD-AOK,Great Wildlands,-0.11,Thukker Tribe,M 50B 0,28-QWU;M9U-75;N-RAEL
UMDQ-6,Great Wildlands,-0.87,Thukker Tribe,M 40B 3,8DL-CP
UNJ-GX,Great Wildlands,-0.01,Thukker Tribe,M 30B 0,0PI4-E;L1S-G1;SL-YBS
UT-UZB,Great Wildlands,-0.01,Thukker Tribe,M 35B 0,BY5-V8;KLMT-W;VXO-OM
V-2GYS,Great Wildlands,-0.19,Thukker Tribe,M 61B 0,0NV-YU;168-6H;W-RFUO
V89M-R,Great Wildlands,-0.55,Thukker Tribe,M 30B 0,66U-1P;OJOS-T
V-IH6B,Great Wildlands,-1.00,Thukker Tribe,M 36B 6,JUK0-1
VKU-BG,Great Wildlands,-0.55,Thukker Tribe,M 50B 0,56D-TC;WPR-EI;ZM-DNR
VXO-OM,Great Wildlands,0.00,Thukker Tribe,M 41B 0,AZF-GH;M-EKDF;O-OVOQ;UT-UZB;Y4-GQV
WE3-BX,Great Wildlands,-0.02,Thukker Tribe,M 4B 0,H7O-JZ;H-8F5Q;LXTC-S
WPR-EI,Great Wildlands,-0.46,Thukker Tribe,M 66B 0,0NV-YU;VKU-BG
W-RFUO,Great Wildlands,-0.16,Thukker Tribe,M 32B 0,0NV-YU;AI-EVH;F-MKH3;V-2GYS
WTIE-6,Great Wildlands,-0.03,Thukker Tribe,M 40B 0,1L-AED;IX8-JB;Y4-GQV
Y4-GQV,Great Wildlands,-0.02,Thukker Tribe,M 52B 0,92-B0X;AZF-GH;M-EKDF;VXO-OM;WTIE-6
Y7-XFD,Great Wildlands,-0.05,Thukker Tribe,M 57B 0,AI-EVH;Q2FL-T
Y-DSSK,Great Wildlands,-0.02,Thukker Tribe,M 5B 0,B-ROFP;F5-CGW;IX8-JB
YUY-LM,Great Wildlands,-0.02,Thukker Tribe,M 50B 0,F8K-WQ
ZJ-GOU,Great Wildlands,-0.15,Thukker Tribe,M 52B 0,GF-3FL;QM-20X;QQ3-YI
ZM-DNR,Great Wildlands,-0.07,Thukker Tribe,M 31B 0,F-MKH3;VKU-BG
Abudban,Heimatar,0.7,Minmatar,M 72B 22,Alakgur;Avesber;Odatrik;Osoggur;Rens
Alakgur,Heimatar,0.6,Minmatar,M 47B 22,Abudban;Dammalin
Amamake,Heimatar,0.4,Minmatar,M 21B 9,Auga;Dal;Gulmorogod;Osoggur;Siseide;Vard
Ameinaka,Heimatar,0.9,Minmatar,M 45B 13,Arlulf;Hulm;Ivar;Malukker
Ammold,Heimatar,0.9,Minmatar,M 53B 9,Emolgranlan;Isendeldik;Pator
Appen,Heimatar,0.8,Minmatar,M 26B 16,Javrendei;Klir
Aralgrund,Heimatar,0.3,Minmatar,M 25B 9,Bogelek;Roniko;Wiskeber
Atgur,Heimatar,0.5,Minmatar,M 29B 4,Eifer;Endrulf
Auga,Heimatar,0.4,Minmatar,M 76B 21,Amamake;Dal;Kourmonen;Siseide
Auren,Heimatar,0.4,Minmatar,M 68B 22,Eddar;Gusandall
Austraka,Heimatar,0.8,Minmatar,M 41B 20,Aeddin;Gerek;Obrolber
Avesber,Heimatar,0.8,Minmatar,M 78B 38,Abudban;Frarn;Gyng
Balginia,Heimatar,0.8,Minmatar,M 58B 11,Hurjafren;Illinfrik
Bogelek,Heimatar,0.4,Minmatar,M 36B 20,Aralgrund;Katugumur
Bosboger,Heimatar,0.3,Minmatar,M 96B 26,Dammalin;Gulmorogod;Lulm
Bundindus,Heimatar,0.4,Minmatar,M 12B 3,Hrondmund;Otraren
Dal,Heimatar,0.4,Amarr,M 36B 3,Amamake;Auga;Heimatar;Hofjaldgund;Lantorn;Siseide;Vard
Dammalin,Heimatar,0.5,Minmatar,M 43B 12,Alakgur;Bosboger;Olfeim
Dumkirinur,Heimatar,0.7,Minmatar,M 24B 7,Kronsur;Obrolber;Sist
Ebasgerdur,Heimatar,0.8,Minmatar,M 39B 10,Gerek;Rokofur
Ebodold,Heimatar,0.4,Minmatar,M 58B 13,Tongofur
Eddar,Heimatar,0.6,Minmatar,M 46B 8,Auren;Offugen;Trer
Edmalbrurdus,Heimatar,0.9,Minmatar,M26B8,Hulm;Kronsur;Todeko
Egmur,Heimatar,0.7,Minmatar,M 28B 6,Trer
Eifer,Heimatar,0.4,Minmatar,M 36B 10,Atgur;Emolgranlan;Endrulf;Gusandall
Emolgranlan,Heimatar,0.5,Minmatar,M 55B 4,Ammold;Eifer
Endrulf,Heimatar,0.6,Minmatar,M 12B 5,Atgur;Eifer
Eystur,Heimatar,0.9,Minmatar,M 13B 6,Hadaugago;Hek;Lustrevik;Olbra;Pator;Vullat
Frarn,Heimatar,0.8,Minmatar,M 53B 11,Avesber;Gyng;Illinfrik;Meirakulf;Rens
Gerbold,Heimatar,0.8,Minmatar,M 32B 12,Gerek;Offugen
Gerek,Heimatar,0.7,Minmatar,M 63B 9,Austraka;Ebasgerdur;Gerbold;Rokofur;Tongofur
Gulmorogod,Heimatar,0.4,Minmatar,M 88B 13,Amamake;Bosboger;Egmar;Lulm
Gultratren,Heimatar,0.3,Minmatar,M 85B 17,Arnstur;Ingunn;Rokofur
Gusandall,Heimatar,0.4,Minmatar,M 7B 5,Auren;Eifer;Hrondedir;Ingunn;Sotrenzur
Gyng,Heimatar,0.8,Minmatar,M 39B 1,Avesber;Frarn;Onga
Hadaugago,Heimatar,0.9,Minmatar,M53B9,Eystur
Hedgiviter,Heimatar,0.4,Minmatar,M 66B 10,Otraren
Heimatar,Heimatar,0.3,,,Aeddin;Dal;Eszur
Hrondedir,Heimatar,0.3,Minmatar,M 60B 26,Gusandall;Hrondmund;Roniko;Sotrenzur
Hrondmund,Heimatar,0.4,Minmatar,M 54B 13,Bundindus;Hrondedir
Hulm,Heimatar,0.9,Minmatar,M 5B 4,Ameinaka;Edmalbrurdus
Hurjafren,Heimatar,0.9,Minmatar,M 102B 22,Balginia;Oremmulf
Illinfrik,Heimatar,0.8,Minmatar,M 30B 10,Balginia;Frarn;Osaumuni
Ingunn,Heimatar,0.3,Minmatar,M 78B 6,Gultratren;Gusandall;Sotrenzur
Isendeldik,Heimatar,0.8,Minmatar,M 71B 16,Ammold;Lustrevik
Ivar,Heimatar,0.9,Minmatar,M 46B 27,Ameinaka;Meirakulf;Trytedald;Usteli
Javrendei,Heimatar,0.9,Minmatar,M 88B 26,Appen;Trer
Jorus,Heimatar,0.7,Minmatar,M 75B 9,Klir
Katugumur,Heimatar,0.2,Minmatar,M 55B 21,Bogelek;Sotrenzur
Klir,Heimatar,0.8,Minmatar,M 54B 18,Appen;Jorus
Krilmokenur,Heimatar,0.9,Minmatar,M 53B 9,Onga
Kronsur,Heimatar,0.9,Minmatar,M 50B 9,Dumkirinur;Edmalbrurdus;Sist
Lantorn,Heimatar,0.3,Amarr,M 33B 5,Dal;Siseide;Vard
Larkugei,Heimatar,0.9,Minmatar,M 53B 9,Osaumuni
Loguttur,Heimatar,0.9,Minmatar,M 53B 9,Vullat
Lulm,Heimatar,0.3,Minmatar,M 23B 6,Bosboger;Gulmorogod
Lustrevik,Heimatar,0.9,Minmatar,M 68B 20,Eystur;Isendeldik;Onga;Pator
Magiko,Heimatar,0.9,Minmatar,M 44B 6,Onga;Teonusude;Vullat
Malukker,Heimatar,0.9,Minmatar,M 5B 4,Ameinaka
Meirakulf,Heimatar,0.9,Minmatar,M 51B 14,Frarn;Ivar;Ryddinjorn
Obrolber,Heimatar,0.6,Minmatar,M 28B 24,Austraka;Dumkirinur
Odatrik,Heimatar,0.8,Minmatar,M 46B 12,Abudban;Jark;Rens;Trytedald
Offugen,Heimatar,0.6,Minmatar,M 45B 22,Eddar;Gerbold;Roniko
Olfeim,Heimatar,0.4,Minmatar,M 54B 5,Dammalin
Onga,Heimatar,0.9,Minmatar,M 40B 12,Gyng;Krilmokenur;Lustrevik;Magiko;Osaumuni;Pator
Oremmulf,Heimatar,0.9,Minmatar,M 67B 17,Hurjafren;Osaumuni
Osaumuni,Heimatar,0.9,Minmatar,M 71B 17,Illinfrik;Larkugei;Onga;Oremmulf
Osoggur,Heimatar,0.5,Minmatar,M 53B 5,Abudban;Amamake
Otraren,Heimatar,0.5,Minmatar,M 52B 14,Bundindus;Hedgiviter
Pator,Heimatar,0.9,Minmatar,M 6B 4,Ammold;Eystur;Lustrevik;Onga
Rens,Heimatar,0.9,Minmatar,M 48B 0,Abudban;Frarn;Odatrik
Rokofur,Heimatar,0.6,Minmatar,M 29B 11,Ebasgerdur;Gerek;Gultratren
Roniko,Heimatar,0.6,Minmatar,M 39B 5,Aralgrund;Hrondedir;Offugen
Siseide,Heimatar,0.3,Minmatar,M 39B 12,Amamake;Auga;Dal;Egghelende;Eszur;Lantorn;Vard
Sist,Heimatar,0.8,Minmatar,M 22B 1,Dumkirinur;Kronsur
Sotrenzur,Heimatar,0.3,Minmatar,M 13B 9,Gusandall;Hrondedir;Ingunn;Katugumur
Todeko,Heimatar,0.9,Minmatar,M 5B 4,Edmalbrurdus
Tongofur,Heimatar,0.6,Minmatar,M 13B 4,Ebodold;Gerek
Trer,Heimatar,0.7,Minmatar,M 59B 6,Eddar;Egmur;Javrendei
Trytedald,Heimatar,0.9,Minmatar,M 76B 8,Ivar;Odatrik;Uplingur
Usteli,Heimatar,0.9,Minmatar,M 5B 4,Ivar
Vard,Heimatar,0.4,Amarr,M 22B 11,Amamake;Dal;Ezzara;Lantorn;Siseide
Vullat,Heimatar,0.9,Minmatar,M 37B 12,Eram;Eystur;Loguttur;Magiko;Metropolis
Wiskeber,Heimatar,0.4,Minmatar,M 44B 14,Aralgrund;Mateber;Offikatlin
08-N7Q,Immensea,-0.72,CONDI (5),M 51B 8,6-I162;U9U-TQ;Y-C4AL
2O-EEW,Immensea,-0.76,CONDI (5),M 46B 10,J-QA7I;OP9L-F;W4E-IT;Y-N4EF
4DV-1T,Immensea,-0.59,VAPOR (5),M23B0,O3Z5-G;XS-K1O
4-GB14,Immensea,-0.25,CONDI (5),M 47B 0,L-5JCJ;REB-KR
6-I162,Immensea,-0.48,CONDI (5),M 4B 0,08-N7Q;B2-UQW
78TS-Q,Immensea,-0.18,VAPOR (5),M 7B 0,CJNF-J;GXK-7F
7YSF-E,Immensea,-0.38,CONDI (5),M 33B 0,J-QA7I
7-ZT1Y,Immensea,-0.30,VAPOR (5),M49B0,FN-DSR
8X6T-8,Immensea,-0.65,CONDI (5),M 53B 10,CKX-RW
94FR-S,Immensea,-0.62,VAPOR (5),M 57B 0,I-NGI8;RF6T-8;R-ZUOL;ZJA-6U
9-XN3F,Immensea,-0.35,CONDI (5),M 57B 0,AC-7LZ;B-KDOZ;Y-FZ5N
A4B-V5,Immensea,-0.15,CONDI (5),M 79B 0,LN-56V;SPBS-6;Y19P-1
AC-7LZ,Immensea,-0.30,CONDI (5),M 58B 0,9-XN3F;E8-YS9;LBA-SO
AF0-V5,Immensea,-0.40,CONDI (5),M 57B 0,B-S347
B2-UQW,Immensea,-0.37,CONDI (5),M 57B 0,6-I162;LK1K-5;U9U-TQ
B9E-H6,Immensea,-0.37,CONDI (5),M 50B 0,JDAS-0;PH-NFR;XVV-21;Y19P-1
B-A587,Immensea,-0.23,CONDI (5),M 44B 0,PPFB-U;QI-S9W
B-KDOZ,Immensea,-0.25,CONDI (5),M 41B 0,9-XN3F;Z-H2MA
B-R5RB,Immensea,-0.71,VAPOR (5),M66B12,O3Z5-G
B-S347,Immensea,-0.58,CONDI (5),M 29B 0,AF0-V5;NS2L-4;QI-S9W
CJNF-J,Immensea,-0.22,VAPOR (5),M 54B 0,78TS-Q;EA-HSA;GXK-7F
CKX-RW,Immensea,-0.63,CONDI (5),M 30B 0,8X6T-8;KCDX-7;Y-C4AL
D-BAMJ,Immensea,-0.13,CONDI (5),M40B0,DW-N2S;JKWP-U;RHE7-W
DR-427,Immensea,-0.69,CONDI (5),M 38B 5,FRTC-5;QN-6J2
DW-N2S,Immensea,-0.21,CONDI (5),M 58B 0,D-BAMJ;JKWP-U;PH-NFR;W-FHWJ;X-6WC7
DY-P7Q,Immensea,-0.23,VAPOR (5),M 29B 0,GXK-7F;XVV-21;Z8-81T;ZBP-TP
E1F-LK,Immensea,-0.45,VAPOR (5),M 35B 0,I-NGI8;ZJA-6U
E8-YS9,Immensea,-0.30,CONDI (5),M 35B 0,AC-7LZ;I-9GI1;LBA-SO
EA-HSA,Immensea,-0.52,VAPOR (5),M 41B 0,CJNF-J;GXK-7F;WYF8-8
F76-8Q,Immensea,-0.06,CONDI (5),M 42B 0,RHE7-W
FN-DSR,Immensea,-0.40,VAPOR (5),M 35B 0,7-ZT1Y;XS-K1O
FRTC-5,Immensea,-0.60,CONDI (5),M 8B 0,DR-427;KCDX-7;M-ZJWJ;O7-VJ5
FYI-49,Immensea,-0.70,VAPOR (5),M 11B 4,WYF8-8
GM-0K7,Immensea,-0.39,VAPOR (5),M 61B 0,H-RXNZ;Q-HJ97;RF6T-8;Z4-QLD;ZJA-6U
GXK-7F,Immensea,-0.33,VAPOR (5),M 40B 0,78TS-Q;CJNF-J;DY-P7Q;EA-HSA
H-RXNZ,Immensea,-0.20,VAPOR (5),M 36B 0,GM-0K7;XD-JW7;Z8-81T
I-NGI8,Immensea,-0.59,VAPOR (5),M 15B 0,94FR-S;E1F-LK;RF6T-8;R-ZUOL;ZJA-6U
JDAS-0,Immensea,-0.29,CONDI (5),M 28B 0,B9E-H6;Y19P-1;Y2-QUV
JKWP-U,Immensea,-0.24,CONDI (5),M 88B 0,D-BAMJ;DW-N2S;W-FHWJ;X-6WC7
J-QA7I,Immensea,-0.48,CONDI (5),M 68B 0,2O-EEW;7YSF-E;OP9L-F
KCDX-7,Immensea,-0.58,CONDI (5),M 56B 0,CKX-RW;FRTC-5;O7-VJ5
L-5JCJ,Immensea,-0.26,CONDI (5),M 72B 0,4-GB14;REB-KR
LBA-SO,Immensea,-0.27,CONDI (5),M 64B 0,AC-7LZ;E8-YS9
LK1K-5,Immensea,-0.30,CONDI (5),M 40B 0,B2-UQW;QE-E1D;Z-H2MA
LN-56V,Immensea,-0.22,CONDI (5),M 78B 0,A4B-V5;SPBS-6;Y19P-1
M-ZJWJ,Immensea,-0.47,CONDI (5),M 8B 0,62O-UE;FRTC-5;NI-J0B;O7-VJ5
NI-J0B,Immensea,-0.49,CONDI (5),M 34B 0,M-ZJWJ
NS2L-4,Immensea,-0.58,CONDI (5),M 31B 0,B-S347;XVV-21
O3Z5-G,Immensea,-0.65,VAPOR (5),M28B0,4DV-1T;B-R5RB;RF6T-8
O7-7UX,Immensea,-0.26,CONDI (5),M 50B 0,Y2-QUV
O7-VJ5,Immensea,-0.57,CONDI (5),M 7B 0,FRTC-5;KCDX-7;M-ZJWJ;R-ORB7
OP9L-F,Immensea,-0.58,CONDI (5),M 55B 0,2O-EEW;J-QA7I;W4E-IT;Y-N4EF
PH-NFR,Immensea,-0.24,CONDI (5),M 60B 0,B9E-H6;DW-N2S;W-FHWJ;X-6WC7
PPFB-U,Immensea,-0.07,CONDI (5),M 70B 0,B-A587
QE-E1D,Immensea,-0.27,CONDI (5),M 10B 0,LK1K-5;QI-S9W;REB-KR
Q-HJ97,Immensea,-0.42,VAPOR (5),M 44B 0,GM-0K7
QI-S9W,Immensea,-0.34,CONDI (5),M 29B 0,B-A587;B-S347;QE-E1D
QN-6J2,Immensea,-0.72,CONDI (5),M 78B 19,DR-427
REB-KR,Immensea,-0.27,CONDI (5),M 61B 0,4-GB14;L-5JCJ;QE-E1D
RF6T-8,Immensea,-0.59,VAPOR (5),M 55B 0,94FR-S;GM-0K7;I-NGI8;O3Z5-G
RHE7-W,Immensea,-0.08,CONDI (5),M 6B 0,D-BAMJ;F76-8Q
R-ORB7,Immensea,-0.60,CONDI (5),M 65B 0,O7-VJ5;RU-PT9
RU-PT9,Immensea,-0.61,CONDI (5),M 34B 0,R1-IMO;R-ORB7
R-ZUOL,Immensea,-0.64,VAPOR (5),M 81B 0,94FR-S;I-NGI8
SPBS-6,Immensea,-0.18,CONDI (5),M 55B 0,A4B-V5;LN-56V;Y19P-1
U79-JF,Immensea,-0.56,CONDI (5),M 48B 0,W4E-IT;Y-FZ5N
U9U-TQ,Immensea,-0.35,CONDI (5),M 6B 0,08-N7Q;B2-UQW
W4E-IT,Immensea,-0.60,CONDI (5),M 23B 0,2O-EEW;OP9L-F;U79-JF
W-FHWJ,Immensea,-0.24,CONDI (5),M 7B 0,DW-N2S;JKWP-U;PH-NFR
WYF8-8,Immensea,-0.60,VAPOR (5),M 28B 0,EA-HSA;FYI-49
X-6WC7,Immensea,-0.37,CONDI (5),M 57B 0,DW-N2S;JKWP-U;PH-NFR
XD-JW7,Immensea,-0.24,VAPOR (5),M 55B 0,9-8GBA;Catch;H-RXNZ
XS-K1O,Immensea,-0.54,VAPOR (5),M55B0,4DV-1T;FN-DSR
XVV-21,Immensea,-0.32,VAPOR (5),M 36B 0,B9E-H6;BW-WJ2;DY-P7Q;NS2L-4
Y19P-1,Immensea,-0.17,CONDI (5),M 50B 0,A4B-V5;B9E-H6;JDAS-0;LN-56V;SPBS-6
Y2-QUV,Immensea,-0.28,CONDI (5),M 36B 0,JDAS-0;O7-7UX
Y-C4AL,Immensea,-0.69,CONDI (5),M 34B 10,08-N7Q;CKX-RW
Y-FZ5N,Immensea,-0.41,CONDI (5),M 36B 0,9-XN3F;U79-JF;ZMV9-A
Y-N4EF,Immensea,-0.79,CONDI (5),M 46B 6,2O-EEW;OP9L-F
Z4-QLD,Immensea,-0.28,VAPOR (5),M 44B 0,GM-0K7
Z8-81T,Immensea,-0.19,VAPOR (5),M 81B 0,DY-P7Q;H-RXNZ
ZBP-TP,Immensea,-0.10,VAPOR (5),M 46B 0,DY-P7Q
Z-H2MA,Immensea,-0.27,CONDI (5),M 45B 0,B-KDOZ;LK1K-5
ZJA-6U,Immensea,-0.57,VAPOR (5),M 22B 0,94FR-S;E1F-LK;GM-0K7;I-NGI8
01TG-J,Impass,-0.15,FNT (5),M 33B 0,U3SQ-X;UK-SHL
1-7KWU,Impass,-0.40,BRAVE (5),M 70B 0,3-UCBF;H-HWQR;Tenerifis
3-UCBF,Impass,-0.47,BRAVE (5),M 31B 4,1-7KWU;N-CREL
442-CS,Impass,-0.71,FNT (5),M 41B 10,9ZFH-Z;TWJ-AW;Z-N9IP
4-MPSJ,Impass,-0.46,FNT (5),M 62B 16,N-7ECY;TWJ-AW
4OIV-X,Impass,-0.26,BRAVE (5),M 62B 0,TM-0P2;Y-JKJ8
4RS-L1,Impass,-0.39,FNT (5),M 24B 0,GBT4-J
5GQ-S9,Impass,-0.06,FNT (5),M 68B 0,9-IIBL;D-L4H0
68FT-6,Impass,-0.21,FNT (5),M 78B 0,9-IIBL;9I-SRF;HOHF-B;IRE-98;Y-6B0E
6B-GKA,Impass,-0.51,FNT (5),M 54B 3,GZ1-A1
6E-MOW,Impass,-0.34,FNT (5),M 65B 0,F-3H2P;GBT4-J;GZ1-A1
9-IIBL,Impass,-0.10,FNT (5),M 68B 0,5GQ-S9;68FT-6;H-64KI
9I-SRF,Impass,-0.21,FNT (5),M 80B 0,68FT-6;H-64KI;YALR-F
9ZFH-Z,Impass,-0.66,FNT (5),M 41B 10,442-CS
A1BK-A,Impass,-0.05,FNT (5),M 58B 0,U3SQ-X
AFJ-NB,Impass,-0.16,BRAVE (5),M 48B 0,H-64KI;Y-JKJ8
DDI-B7,Impass,-0.13,FNT (5),M 12B 0,FG-1GH;FR-B1H
D-L4H0,Impass,-0.07,FNT (5),M 41B 0,5GQ-S9;FG-1GH;GU-9F4
DY-40Z,Impass,-0.25,FNT (5),M 18B 0,IRE-98;XWY-YM
E7VE-V,Impass,-0.13,FNT (5),M 36B 0,HOHF-B;NUG-OF
Esoteria,Impass,-1.00,,,D4-2XN
F-3H2P,Impass,-0.39,FNT (5),M 48B 0,6E-MOW;IRE-98;Y-6B0E
FG-1GH,Impass,-0.09,FNT (5),M 40B 0,DDI-B7;D-L4H0;GU-9F4;WFYM-0
FR-B1H,Impass,-0.11,FNT (5),M 44B 0,DDI-B7;WFYM-0
GBT4-J,Impass,-0.38,FNT (5),M 74B 0,4RS-L1;6E-MOW;X-0CKQ
GU-9F4,Impass,-0.06,FNT (5),M 31B 0,D-L4H0;FG-1GH
GZ1-A1,Impass,-0.46,FNT (5),M 55B 9,6B-GKA;6E-MOW;LHGA-W
H-64KI,Impass,-0.16,FNT (5),M 57B 0,9-IIBL;9I-SRF;AFJ-NB
HOHF-B,Impass,-0.14,FNT (5),M 60B 0,68FT-6;E7VE-V
IRE-98,Impass,-0.26,FNT (5),M 56B 0,68FT-6;DY-40Z;F-3H2P;N-7ECY
IV-UNR,Impass,-0.44,FNT (5),M 5B 0,UD-VZW;YALR-F
Khanid,Impass,0.5,,,HED-GP
L6BY-P,Impass,-0.17,FNT (5),M 67B 0,NUG-OF;U3SQ-X
LHGA-W,Impass,-0.47,FNT (5),M 24B 6,GZ1-A1
LJK-T0,Impass,-0.29,FNT (5),M 45B 0,O2-39S
M-9V5D,Impass,-0.27,FNT (5),M 62B 0,M-VEJZ;O2-39S;XWY-YM
M-VEJZ,Impass,-0.37,FNT (5),M 12B 0,M-9V5D
N-7ECY,Impass,-0.40,FNT (5),M 70B 0,4-MPSJ;IRE-98
N-CREL,Impass,-0.45,BRAVE (5),M 41B 0,3-UCBF;E3-SDZ;TM-0P2
NUG-OF,Impass,-0.16,FNT (5),M 51B 0,E7VE-V;L6BY-P;U3SQ-X
O2-39S,Impass,-0.27,FNT (5),M 78B 0,LJK-T0;M-9V5D
PZMA-E,Impass,-0.46,FNT (5),M 7B 3,TWJ-AW
TM-0P2,Impass,-0.38,BRAVE (5),M 44B 0,4OIV-X;N-CREL
TWJ-AW,Impass,-0.58,FNT (5),M 20B 7,442-CS;4-MPSJ;PZMA-E
U3SQ-X,Impass,-0.12,FNT (5),M 8B 0,01TG-J;A1BK-A;L6BY-P;NUG-OF
UK-SHL,Impass,-0.25,FNT (5),M 47B 0,01TG-J
WFYM-0,Impass,-0.11,FNT (5),M 41B 0,FG-1GH;FR-B1H
X-0CKQ,Impass,-0.40,FNT (5),M 70B 0,GBT4-J
XWY-YM,Impass,-0.25,FNT (5),M 51B 0,DY-40Z;M-9V5D
Y-6B0E,Impass,-0.25,FNT (5),M 68B 0,68FT-6;F-3H2P
YALR-F,Impass,-0.30,FNT (5),M 20B 0,9I-SRF;IV-UNR
Y-JKJ8,Impass,-0.21,BRAVE (5),M 32B 0,4OIV-X;AFJ-NB
Z-N9IP,Impass,-0.80,FNT (5),M 35B 5,442-CS
04-EHC,Insmother,-0.56,CONDI (5),M 34B 8,5IH-GL;W-MF6J
0-6VZ5,Insmother,-0.50,.S0B. (5),M 97B 36,1KAW-T;GB-6X5
0UBC-R,Insmother,-0.21,CONDI (5),M 62B 0,3U-48K;67Y-NR
0-VG7A,Insmother,-0.43,CONDI (5),M 25B 0,Q-3HS5
1TG7-W,Insmother,-0.06,CONDI (5),M 66B 0,A-TJ0G;QYD-WK;R959-U;U-UTU9
1ZF-PJ,Insmother,-0.86,CONDI (5),M 16B 5,FX4L-2;HFC-AQ
27-HP0,Insmother,-0.64,CONDI (5),M 10B 7,O-9G5Y;X1-IZ0
2JT-3Q,Insmother,-0.10,CONDI (5),M 39B 0,2-Q4YG;5-2PQU;7-JT09;I3CR-F
2-Q4YG,Insmother,-0.11,CONDI (5),M 56B 0,2JT-3Q;7-JT09;C8H5-X;XQP-9C
3-0FYP,Insmother,-0.49,CONDI (5),M 28B 13,8-VC6H;C1G-XC
38NZ-1,Insmother,-0.54,.S0B. (5),M 59B 12,CR2-PQ;HL-VZX;W-MF6J
3AE-CP,Insmother,-0.67,CONDI (5),M 69B 31,9OLQ-6;Q-3HS5
3U-48K,Insmother,-0.21,CONDI (5),M 48B 0,0UBC-R;G-EURJ;RERZ-L;X5-0EM
4CJ-AC,Insmother,-0.20,CONDI (5),M 47B 0,67Y-NR;A24L-V
4DS-OI,Insmother,-0.20,CONDI (5),M 24B 0,C8H5-X;TZN-2V
4LB-EL,Insmother,-0.39,CONDI (5),M 44B 0,C1G-XC;DFH-V5;UDE-FX
4M-QXK,Insmother,-0.15,CONDI (5),M 71B 0,C-J6MT
5-2PQU,Insmother,-0.08,CONDI (5),M 85B 0,2JT-3Q;6BJH-3;7-JT09;IVP-KA
5C-RPA,Insmother,-0.50,.S0B. (5),M 21B 7,8FN-GP;CR2-PQ;J-ZYSZ
5IH-GL,Insmother,-0.51,CONDI (5),M 73B 17,04-EHC;C1G-XC;UDE-FX
5M2-KP,Insmother,-0.40,CONDI (5),M 68B 0,EKPB-3;KD-KPR
67Y-NR,Insmother,-0.26,CONDI (5),M 54B 0,0UBC-R;4CJ-AC;GDHN-K;RQN-OO
6BJH-3,Insmother,-0.05,CONDI (5),M 34B 0,5-2PQU;QYD-WK;R959-U
74L2-U,Insmother,-0.53,.S0B. (5),M37B9,D-P1EH;HL-VZX
74-VZA,Insmother,-0.72,CONDI (5),M 47B 8,6-EQYE;I-1QKL;YPW-M4
78-0R6,Insmother,-0.26,CONDI (5),M35B 0,88A-RA;8-OZU1;C-J6MT;L-FM3P;MSG-BZ
7EX-14,Insmother,-0.56,.S0B. (5),M 68B 9,GB-6X5;N7-KGJ
7-JT09,Insmother,-0.09,CONDI (5),M 50B 0,2JT-3Q;2-Q4YG;5-2PQU;AGCP-I
7L3-JS,Insmother,-0.12,CONDI (5),M 58B 0,C8H5-X;O-7LAI;WF4C-8
88A-RA,Insmother,-0.29,CONDI (5),M 52B 0,78-0R6;C-J6MT;RERZ-L
8EF-58,Insmother,-0.28,CONDI (5),M 37B 0,TZN-2V
8G-2FP,Insmother,-0.21,CONDI (5),M 18B 0,8-WYQZ
8-WYQZ,Insmother,-0.23,CONDI (5),M 45B 0,8G-2FP;C-J6MT;MJ-LGH
9OLQ-6,Insmother,-0.79,CONDI (5),M 49B 6,3AE-CP;MOCW-2
A24L-V,Insmother,-0.48,CONDI (5),M 70B 18,4CJ-AC;L5-UWT;QTME-D
AGCP-I,Insmother,-0.14,CONDI (5),M 39B 0,7-JT09;KDG-TA
A-TJ0G,Insmother,-0.09,CONDI (5),M 65B 0,1TG7-W;EJ48-O;QYD-WK
B-II34,Insmother,-0.09,CONDI (5),M 25B 0,ROJ-B0
C1G-XC,Insmother,-0.56,CONDI (5),M 33B 4,3-0FYP;4LB-EL;5IH-GL;BLMX-B
C8H5-X,Insmother,-0.15,CONDI (5),M 14B 0,2-Q4YG;4DS-OI;7L3-JS;TZN-2V
C-J6MT,Insmother,-0.29,CONDI (5),M 25B 0,4M-QXK;78-0R6;88A-RA;8-WYQZ;YPW-M4
CR2-PQ,Insmother,-0.50,.S0B. (5),M 12B 5,38NZ-1;5C-RPA
DFH-V5,Insmother,-0.32,CONDI (5),M 90B 0,4LB-EL;ROJ-B0
D-P1EH,Insmother,-0.54,.S0B. (5),M 52B 4,74L2-U;HZ-O18
EFM-C4,Insmother,-0.48,CONDI (5),M 72B 19,Etherium Reach;G-QTSD;I-1QKL
EJ48-O,Insmother,-0.10,CONDI (5),M 51B 0,A-TJ0G;ROJ-B0
EKPB-3,Insmother,-0.36,CONDI (5),M 51B 0,5M2-KP;TK-DLH;Z182-R
EUU-4N,Insmother,-0.68,CONDI (5),M 67B 28,Q-3HS5
F2A-GX,Insmother,-0.26,CONDI (5),M 53B 0,RD-FWY;VBPT-T;ZO-4AR
F3-8X2,Insmother,-0.54,CONDI (5),M 54B 7,Q7-FZ8;X0-6LH
F39H-1,Insmother,-0.17,CONDI (5),M 48B 0,XKH-6O
FN0-QS,Insmother,-0.85,CONDI (5),M 40B 10,LVL-GZ;TTP-2B;X0-6LH
FX4L-2,Insmother,-0.76,CONDI (5),M 50B 5,1ZF-PJ;RZ-TI6
GB-6X5,Insmother,-0.52,.S0B. (5),M 68B 21,0-6VZ5;7EX-14;U69-YC
GDHN-K,Insmother,-0.37,CONDI (5),M35B0,1V-LI2;67Y-NR;RQN-OO
G-EURJ,Insmother,-0.29,CONDI (5),M 8B 0,3U-48K;Q-3HS5;SHBF-V;X5-0EM
GK5Z-T,Insmother,-0.53,CONDI (5),M 18B 2,QTME-D;RQN-OO;X2-ZA5
Great Wildlands,Insmother,-0.12,,,I6-SYN
HFC-AQ,Insmother,-0.93,CONDI (5),M 35B 8,1ZF-PJ;LVL-GZ
HL-VZX,Insmother,-0.50,.S0B. (5),M 14B 3,38NZ-1;74L2-U;W-MF6J
HZ-O18,Insmother,-0.42,.S0B. (5),M 7B 0,D-P1EH;N-O53U
I-1QKL,Insmother,-0.58,CONDI (5),M 20B 6,74-VZA;EFM-C4;L5-UWT;Q7-FZ8
I3CR-F,Insmother,-0.16,CONDI (5),M 62B 0,2JT-3Q;M4-GJ6;SN9-3Z
J-ZYSZ,Insmother,-0.51,.S0B. (5),M77B 15,5C-RPA;VD-8QY
KDG-TA,Insmother,-0.18,CONDI (5),M 80B 0,AGCP-I;Z182-R
KD-KPR,Insmother,-0.42,CONDI (5),M 60B 0,5M2-KP
KS-1TS,Insmother,-0.45,CONDI (5),M 24B 0,VBPT-T
L5-UWT,Insmother,-0.65,CONDI (5),M 45B 2,A24L-V;I-1QKL;YPW-M4
LVL-GZ,Insmother,-0.96,CONDI (5),M 50B 10,FN0-QS;HFC-AQ;TTP-2B
M4-GJ6,Insmother,-0.16,CONDI (5),M 52B 0,I3CR-F;SN9-3Z;X5-0EM
MJ-LGH,Insmother,-0.26,CONDI (5),M 64B 0,8-WYQZ;ZO-4AR
MOCW-2,Insmother,-0.82,CONDI (5),M 2B 4,9OLQ-6
MSG-BZ,Insmother,-0.28,CONDI (5),M 67B 0,1QZ-Y9;78-0R6;GPLB-C
N7-BIY,Insmother,-0.65,CONDI (5),M 34B 4,X0-6LH
N7-KGJ,Insmother,-0.59,.S0B. (5),M 45B 17,7EX-14;VD-8QY
N-O53U,Insmother,-0.43,.S0B. (5),M 50B 0,HZ-O18;S0U-MO
O-7LAI,Insmother,-0.08,CONDI (5),M 35B 0,7L3-JS
O-9G5Y,Insmother,-0.52,CONDI (5),M38B9,27-HP0;RZ-TI6;TK-DLH
PT-21C,Insmother,-0.18,CONDI (5),M 82B 0,TK-DLH
Q-3HS5,Insmother,-0.58,CONDI (5),M 30B 15,0-VG7A;3AE-CP;EUU-4N;G-EURJ
Q7-FZ8,Insmother,-0.55,CONDI (5),M 54B 22,F3-8X2;I-1QKL;YPW-M4
QTME-D,Insmother,-0.45,CONDI (5),M 45B 11,A24L-V;GK5Z-T;RQN-OO
QYD-WK,Insmother,-0.04,CONDI (5),M 50B 0,1TG7-W;6BJH-3;A-TJ0G;U-UTU9
R959-U,Insmother,-0.06,CONDI (5),M 33B 0,1TG7-W;6BJH-3
RD-FWY,Insmother,-0.18,CONDI (5),M 51B 0,F2A-GX
RERZ-L,Insmother,-0.22,CONDI (5),M 6B 0,3U-48K;88A-RA;SHBF-V
ROJ-B0,Insmother,-0.19,CONDI (5),M 25B 0,B-II34;DFH-V5;EJ48-O
RQN-OO,Insmother,-0.39,CONDI (5),M 47B 0,67Y-NR;GDHN-K;GK5Z-T;QTME-D
RZ-TI6,Insmother,-0.77,CONDI (5),M 53B 6,FX4L-2;O-9G5Y
S0U-MO,Insmother,-0.25,CONDI (5),M 15B 0,N-O53U;V-QXXK
SHBF-V,Insmother,-0.29,CONDI (5),M 35B 0,9N-0HF;G-EURJ;RERZ-L
SN9-3Z,Insmother,-0.14,CONDI (5),M 40B 0,0TYR-T;I3CR-F;M4-GJ6
TK-DLH,Insmother,-0.31,CONDI (5),M 29B 0,EKPB-3;O-9G5Y;PT-21C
TTP-2B,Insmother,-0.93,CONDI (5),M 75B 21,FN0-QS;LVL-GZ;X0-6LH
TZN-2V,Insmother,-0.15,CONDI (5),M 5B 0,4DS-OI;8EF-58;C8H5-X;WF4C-8
UDE-FX,Insmother,-0.41,CONDI (5),M 66B 0,4LB-EL;5IH-GL
U-UTU9,Insmother,-0.04,CONDI (5),M 69B 0,1TG7-W;QYD-WK
VBPT-T,Insmother,-0.32,CONDI (5),M 76B 0,F2A-GX;KS-1TS
VD-8QY,Insmother,-0.56,.S0B. (5),M 19B 5,J-ZYSZ;N7-KGJ
V-QXXK,Insmother,-0.23,CONDI (5),M 55B 0,S0U-MO;W-6GBI
W-6GBI,Insmother,-0.20,CONDI (5),M 24B 0,V-QXXK;XKH-6O;XQP-9C
WF4C-8,Insmother,-0.17,CONDI (5),M 41B 0,7L3-JS;TZN-2V
W-MF6J,Insmother,-0.51,.S0B. (5),M 40B 10,04-EHC;38NZ-1;HL-VZX
X0-6LH,Insmother,-0.71,CONDI (5),M 62B 8,F3-8X2;FN0-QS;N7-BIY;TTP-2B
X1-IZ0,Insmother,-0.59,CONDI (5),M 42B 9,27-HP0;RXA-W1
X5-0EM,Insmother,-0.25,CONDI (5),M 52B 0,3U-48K;G-EURJ;M4-GJ6
XKH-6O,Insmother,-0.15,CONDI (5),M 53B 0,F39H-1;W-6GBI
XQP-9C,Insmother,-0.16,CONDI (5),M 5B 0,2-Q4YG;W-6GBI
YPW-M4,Insmother,-0.54,CONDI (5),M 85B 13,74-VZA;C-J6MT;L5-UWT;Q7-FZ8
Z182-R,Insmother,-0.22,CONDI (5),M 54B 0,EKPB-3;KDG-TA
ZO-4AR,Insmother,-0.29,CONDI (5),M 39B 0,F2A-GX;MJ-LGH
0M-M64,J7HZ-F,-0.29,Jove Empire,M 43B 0,
0RZ5-2,J7HZ-F,-0.23,Jove Empire,M 61B 0,
1C-TD6,J7HZ-F,-0.38,Jove Empire,M 36B 0,
1SR-HT,J7HZ-F,-0.12,Jove Empire,M 8B 0,
2L5-FI,J7HZ-F,-0.24,Jove Empire,M 26B 0,
3E-ER7,J7HZ-F,-0.07,Jove Empire,M 25B 0,
3-XORH,J7HZ-F,-0.02,Jove Empire,M 13B 0,
4U-14I,J7HZ-F,-0.32,Jove Empire,M 65B 0,
54-VNO,J7HZ-F,-0.08,Jove Empire,M 31B 0,
5-P3CQ,J7HZ-F,-0.10,Jove Empire,M 19B 0,
6-23NU,J7HZ-F,-0.01,Jove Empire,M 40B 0,
6-NCE7,J7HZ-F,-0.03,Jove Empire,M 29B 0,
6-QXE6,J7HZ-F,-0.47,Jove Empire,M 62B 0,
7H-Z5R,J7HZ-F,-0.13,Jove Empire,M 49B 0,
8RV-1L,J7HZ-F,-0.37,Jove Empire,M 63B 0,
8-ULAA,J7HZ-F,-0.29,Jove Empire,M 76B 0,
9-ERCP,J7HZ-F,-0.10,Jove Empire,M 13B 0,
A9-NB6,J7HZ-F,-0.12,Jove Empire,M8B 0,
BJC4-8,J7HZ-F,-0.05,Jove Empire,M 56B 0,
BKK4-H,J7HZ-F,-0.05,Jove Empire,M 27B 0,
CW-R71,J7HZ-F,-0.02,Jove Empire,M 33B 0,
CZ-CED,J7HZ-F,-0.03,Jove Empire,M 65B 0,
DVAR-P,J7HZ-F,-0.02,Jove Empire,M 93B 0,
E2AX-5,J7HZ-F,-0.03,Jove Empire,M 17B 0,
FO-3PJ,J7HZ-F,-0.44,Jove Empire,M 57B 0,
G1VU-H,J7HZ-F,-0.01,Jove Empire,M 59B 0,
G5J-LH,J7HZ-F,-0.54,Jove Empire,M 48B 0,
H7OL-I,J7HZ-F,-0.28,Jove Empire,M 41B 0,
HD3-JK,J7HZ-F,-0.07,Jove Empire,M 51B 0,
H-EDXD,J7HZ-F,-0.32,Jove Empire,M 60B 0,
HGB-C6,J7HZ-F,-0.21,Jove Empire,M 30B 0,
HPE-KP,J7HZ-F,-0.03,Jove Empire,M 68B 0,
I9D-0D,J7HZ-F,-0.25,Jove Empire,M 27B 0,
IAMZ-5,J7HZ-F,-0.07,Jove Empire,M 73B 0,
I-R8B0,J7HZ-F,-0.04,Jove Empire,M 56B 0,
J1-6CJ,J7HZ-F,-0.15,Jove Empire,M 18B 0,
JGDF-B,J7HZ-F,-0.17,JoveEmpire,M 63B 0,
J-JS0D,J7HZ-F,-0.01,Jove Empire,M 51B 0,
JS3-RS,J7HZ-F,-0.02,Jove Empire,M 38B 0,
JX-T1W,J7HZ-F,-0.02,Jove Empire,M 47B 0,
KF1-DU,J7HZ-F,-0.42,Jove Empire,M 56B 0,
KN7M-N,J7HZ-F,-0.04,Jove Empire,M 46B 0,
LG1-TA,J7HZ-F,-0.29,Jove Empire,M 53B 0,
LH-J8H,J7HZ-F,-0.22,Jove Empire,M 67B 0,
L-TPN0,J7HZ-F,-0.02,Jove Empire,M 47B 0,
M-FDTD,J7HZ-F,-0.19,Jove Empire,M 29B 0,
N-FKXV,J7HZ-F,-0.65,Jove Empire,M 50B 0,
OU-AIT,J7HZ-F,-0.11,Jove Empire,M 25B 0,
PBXG-A,J7HZ-F,-0.05,Jove Empire,M 48B 0,
PQA-9K,J7HZ-F,-0.05,Jove Empire,M 10B 0,
PZP1-D,J7HZ-F,-0.09,Jove Empire,M 27B 0,
QIW-TQ,J7HZ-F,-0.08,Jove Empire,M 34B 0,
QO-3LC,J7HZ-F,-0.12,Jove Empire,M 84B 0,
R1KE-A,J7HZ-F,-0.07,Jove Empire,M 42B 0,
REZ-YZ,J7HZ-F,-0.07,Jove Empire,M 52B 0,
R-G1SF,J7HZ-F,-0.46,Jove Empire,M 39B 0,
RN-5K9,J7HZ-F,-0.30,Jove Empire,M 8B 0,
RS08-B,J7HZ-F,-0.24,Jove Empire,M 87B 0,
S5-U0R,J7HZ-F,-0.04,Jove Empire,M 65B 0,
SQ-2XA,J7HZ-F,-0.08,Jove Empire,M 8B 0,
THS-MN,J7HZ-F,-0.04,Jove Empire,M 22B 0,
TNK-BQ,J7HZ-F,-0.04,Jove Empire,M 69B 0,
TO21-U,J7HZ-F,-0.28,Jove Empire,M 12B 0,
UBES-K,J7HZ-F,-0.06,Jove Empire,M 69B 0,
VR3-PS,J7HZ-F,-0.11,Jove Empire,M 22B 0,
VYX2-I,J7HZ-F,-0.12,Jove Empire,M 7B 0,
W5-SGC,J7HZ-F,-0.27,Jove Empire,M 36B 0,
W6H6-K,J7HZ-F,-0.04,Jove Empire,M 31B 0,
WDJQ-G,J7HZ-F,-0.03,Jove Empire,M 43B 0,
WLL-QX,J7HZ-F,-0.09,Jove Empire,M 33B 0,
W-WQM5,J7HZ-F,-0.37,Jove Empire,M 60B 0,
X7-8IG,J7HZ-F,-0.36,Jove Empire,M 66B 0,
Y-4V7U,J7HZ-F,-0.06,Jove Empire,M 24B 0,
YBYX-1,J7HZ-F,-0.23,Jove Empire,M 39B 0,
ZA6-9N,J7HZ-F,-0.15,Jove Empire,M 51B 0,
Z-D1DW,J7HZ-F,-0.35,Jove Empire,M 57B 0,
Z-FYJR,J7HZ-F,-0.21,Jove Empire,M 37B 0,
Aband,Kador,0.5,Amarr,M 39B 11,Ghesis;Munory
Aharalel,Kador,0.6,Amarr,M 46B 15,Dresi;Hiroudeh
Akhmoh,Kador,0.8,Amarr,M 68B 19,Salah
Akhwa,Kador,0.9,Amarr,M 30B 4,Inis-Ilix
Ansasos,Kador,0.4,Amarr,M 17B 4,Bordan;Dehrokh;Iderion
Aphend,Kador,0.6,Amarr,M 42B 5,Dresi;Romi
Aphi,Kador,0.5,Amarr,M 57B 22,Chanoun;Garisas;Jakri;Nidupad
Ardhis,Kador,0.4,Amarr,M 45B 15,Bushemal;Iaokit
Askonak,Kador,0.7,Amarr,M 31B 4,Minin;Murini
Asrios,Kador,0.8,Amarr,M 3B 6,Shemah;Telang;Zorrabed
Bersyrim,Kador,0.2,Amarr,M 6B 7,Mod;Omam
Bordan,Kador,0.4,Amarr,M 31B 4,Ansasos;Chaneya;Oberen;Zimmem
Bushemal,Kador,0.4,Amarr,M 32B 9,Ardhis;Gasavak;Rayeret
Chaneya,Kador,0.3,Amarr,M 36B 12,Bordan;Oberen
Chanoun,Kador,0.5,Amarr,M 48B 6,Aphi;Garisas;Iderion;Jakri;Nidupad
Dantan,Kador,0.7,Amarr,M 50B 14,Amdonen;Danyana;Kador Prime
Dehrokh,Kador,0.4,Amarr,M 71B 11,Ansasos
Dresi,Kador,0.6,Amarr,M 20B 5,Aharalel;Aphend;Gensela;Zororzih
Elmed,Kador,0.8,Amarr,M 22B 10,Jennim;Pimsu;Shaggoth;Ustnia
Finid,Kador,0.5,Amarr,M 46B 20,Yarebap
Gamdis,Kador,0.7,Amarr,M 27B 3,Ghesis;Joramok;Zororzih
Garisas,Kador,0.5,Amarr,M29B12,Aphi;Chanoun;Jakri;Nidupad
Gasavak,Kador,0.4,Amarr,M 57B 11,Bushemal;Menri;Rayeret
Gensela,Kador,0.7,Amarr,M 32B 5,Dresi;Miah;Shera;Zororzih
Ghesis,Kador,0.5,Amarr,M 46B 15,Aband;Gamdis;Gonan;Joamma
Gonan,Kador,0.5,Amarr,M 43B 5,Ghesis;Khafis;Neburab
Halibai,Kador,0.7,Amarr,M 6B 1,Sonama
Hapala,Kador,0.9,Amarr,M 87B 12,Salah;Yebouz
Hikansog,Kador,0.8,Amarr,M 63B 13,Kasi;Syrikos
Hilmar,Kador,0.8,Amarr,M 81B 17,Jeshideh;Kasi;Shura;Yooh
Hiremir,Kador,0.3,Amarr,M 62B 12,Sechmaren
Hiroudeh,Kador,0.5,Amarr,M 28B 13,Aharalel;Fahruni
Hostakoh,Kador,0.6,Amarr,M35B 10,Nordar;Yooh
Iaokit,Kador,0.4,Amarr,M 74B 24,Ardhis;Petidu
Inis-Ilix,Kador,0.9,Amarr,M 8B 6,Akhwa;Sonama;Suner
Ithar,Kador,0.8,Amarr,M 60B 24,Lazara;Shemah
Jakri,Kador,0.5,Amarr,M 71B 19,Aphi;Chanoun;Garisas;Nidupad;Rayeret
Jennim,Kador,0.8,Amarr,M 67B 23,Elmed;Safizon
Jeshideh,Kador,0.7,Amarr,M 22B 11,Hilmar;Yooh
Joamma,Kador,0.6,Amarr,M 23B 2,Ghesis
Joramok,Kador,0.8,Amarr,M 30B 9,Gamdis
Kador Prime,Kador,0.6,Amarr,M 17B 4,Boranai;Dantan;Khafis;Nordar
Kamda,Kador,0.6,Amarr,M 63B 13,Miah;Peyiri;Shera
Kasi,Kador,0.8,Amarr,M 64B 18,Hikansog;Hilmar;Shemah;Shura
Khafis,Kador,0.6,Amarr,M 70B 9,Gonan;Kador Prime
Koona,Kador,0.5,Amarr,M 29B 4,Munory;Zimse
Kooreng,Kador,0.7,Amarr,M 35B 7,Martha;Shaggoth;Yehnifi
Kothe,Kador,0.6,Amarr,M 49B 10,Turba
Lazara,Kador,0.8,Amarr,M 55B 6,Ithar
Mandoo,Kador,0.5,Amarr,M 38B 6,Peyiri;Zimmem
Menri,Kador,0.4,Amarr,M 71B 17,Gasavak;Mod
Miah,Kador,0.6,Amarr,M 39B 5,Gensela;Kamda;Yarebap
Minin,Kador,0.7,Amarr,M 90B 16,Askonak;Ustnia
Mod,Kador,0.3,Amarr,M 50B 3,Bersyrim;Domain;Menri;Omam
Munory,Kador,0.5,Amarr,M 64B 21,Aband;Koona;Zimse
Murini,Kador,0.6,Amarr,M 35B 8,Askonak;Nordar;Shaggoth;Uanim
Neburab,Kador,0.5,Amarr,M 52B 25,Gonan;Zinoo
Nidupad,Kador,0.5,Amarr,M 63B 21,Aphi;Chanoun;Garisas;Jakri;Zimse
Nordar,Kador,0.6,Amarr,M 41B 5,Hostakoh;Kador Prime;Murini
Oberen,Kador,0.4,Amarr,M 68B 12,Bordan;Chaneya
Omam,Kador,0.3,Amarr,M 59B 17,Bersyrim;Mod;Sechmaren
Peyiri,Kador,0.5,Amarr,M 72B 16,Kamda;Mandoo
Rayeret,Kador,0.5,Amarr,M 56B 7,Bushemal;Gasavak;Hirizan;Jakri
Romi,Kador,0.7,Amarr,M 40B 7,Aphend;Bhizheba;Madirmilire;Sayartchen
Salah,Kador,0.8,Amarr,M 24B 17,Akhmoh;Hapala
Sechmaren,Kador,0.4,Amarr,M 27B 14,Hiremir;Omam;Zinoo
Shaggoth,Kador,0.7,Amarr,M 15B 5,Elmed;Kooreng;Murini;Ustnia
Shemah,Kador,0.8,Amarr,M 71B 21,Asrios;Ithar;Kasi
Shura,Kador,0.8,Amarr,M19B1,Hilmar;Kasi
Sonama,Kador,0.8,Amarr,M 71B 22,Halibai;Inis-Ilix;Suner;Turba
Suner,Kador,0.9,Amarr,M 56B 12,Inis-Ilix;Masanuh;Sonama
Syrikos,Kador,0.9,Amarr,M 46B 18,Hikansog;Yebouz
Telang,Kador,0.8,Amarr,M 22B 4,Asrios
Turba,Kador,0.7,Amarr,M 39B 7,Kothe;Onazel;Sonama;Yooh
Uanim,Kador,0.6,Amarr,M 23B 16,Murini;Pimsu
Ustnia,Kador,0.8,Amarr,M 54B 29,Elmed;Minin;Shaggoth
Yarebap,Kador,0.5,Amarr,M 65B 30,Finid;Miah
Yebouz,Kador,0.9,Amarr,M 21B 8,Hapala;Syrikos
Yehnifi,Kador,0.6,Amarr,M 56B 5,Kooreng
Yooh,Kador,0.7,Amarr,M 45B 16,Hilmar;Hostakoh;Jeshideh;Turba
Zimmem,Kador,0.5,Amarr,M 50B 17,Bordan;Mandoo
Zimse,Kador,0.5,Amarr,M 51B 6,Koona;Munory;Nidupad
Zinoo,Kador,0.4,Amarr,M 6B 1,Neburab;Sechmaren
Zororzih,Kador,0.7,Amarr,M 50B 14,Akhragan;Dresi;Gamdis;Gensela
Zorrabed,Kador,0.8,Amarr,M 51B 6,Asrios
Afnakat,Khanid,0.6,Khanid,M 18B 4,Arzanni;Col;Firbha;Parses
Agil,Khanid,0.9,Khanid,M 47B 12,Bukah;Hishai;Ipref
Ainsan,Khanid,0.5,Khanid,M 78B 22,Moro;Talidal
Amafi,Khanid,0.3,Khanid,M 44B 5,Ashkoo;Hakana;Ham;Nahrneder
Arzanni,Khanid,0.6,Khanid,M 17B 3,Afnakat;Ashmarir;Keberz
Arzieh,Khanid,0.3,Khanid,M 49B 11,Hakana
Ashi,Khanid,0.7,Khanid,M 52B 8,Badivefi
Ashkoo,Khanid,0.3,Khanid,M 25B 8,Amafi;Baratar
Ashmarir,Khanid,0.4,Khanid,M 10B 4,Arzanni;Claini;Kaira
Aurejet,Khanid,0.5,Khanid,M 57B 12,Bomana;Rilera
Badivefi,Khanid,0.7,Khanid,M 44B 4,Ashi;Sazre;Talidal;Tzashrah
Balanaz,Khanid,0.6,Khanid,M 80B 23,Parses
Baratar,Khanid,0.2,Khanid,M 44B 6,Ashkoo;Goudiyah;Nandeza
Bashyam,Khanid,0.5,Khanid,M 72B 12,Chamemi;Parses
Bomana,Khanid,0.5,Khanid,M 13B 6,Aurejet;Danera
Bukah,Khanid,0.8,Khanid,M 35B 6,Agil;Lansez
Cabeki,Khanid,0.1,Khanid,M 55B 23,Timudan
Chamemi,Khanid,0.4,Khanid,M 7B 1,Bashyam;Col;Parses
Chitiamem,Khanid,0.2,Khanid,M 46B 7,Kuhri;Nandeza;Zahefeus
Claini,Khanid,0.3,Khanid,M 33B 7,Ashmarir;Gehi
Col,Khanid,0.5,Khanid,M 42B 7,Afnakat;Chamemi;Tegheon
Danera,Khanid,0.6,Khanid,M 44B 12,Bomana;Edani;Rahabeda
Dimoohan,Khanid,0.2,Khanid,M 55B 7,Nandeza
Edani,Khanid,0.6,Khanid,M 51B 14,Danera;Moniyyuku;Rahabeda;Rilera
Efa,Khanid,0.4,Khanid,M 71B 8,3-FKCZ;Moro;Sabusi;Tzashrah
Ervekam,Khanid,0.7,Khanid,M 33B 9,Masanuh;Mashtarmem;Sehsasez;Yezara
Fanathor,Khanid,0.3,Khanid,M 42B 10,Hezere;Pout
Firbha,Khanid,0.6,Khanid,M 52B 8,Afnakat
Fountain,Khanid,-0.11,,,7-692B;Hophib
Gehi,Khanid,0.3,Khanid,M 26B 5,Claini;Seshala;Vezila
Geztic,Khanid,0.7,Khanid,M 76B 7,Hishai;Osis
Gidali,Khanid,0.7,Khanid,M 58B 6,Molea;Palas
Goudiyah,Khanid,0.1,Khanid,M 35B 18,Baratar;Sassecho;Timudan
Gousoviba,Khanid,0.9,Khanid,M 34B 7,Kihtaled;Mimime;Neyi
Hakana,Khanid,0.3,Khanid,M 55B 11,Amafi;Arzieh
Ham,Khanid,0.2,Khanid,M 15B 2,Amafi;Upt;Vezila
Hemouner,Khanid,0.2,Khanid,M 71B 9,Seshala
Hezere,Khanid,0.2,Khanid,M 37B 7,Fanathor;Nakis
Hishai,Khanid,0.8,Khanid,M 65B 15,Agil;Geztic
Ibani,Khanid,0.1,Khanid,M 72B 15,Irmalin;Timudan
Ipref,Khanid,0.9,Khanid,M 46B 17,Agil;Kihtaled
Irmalin,Khanid,0.1,Khanid,M 32B 7,Ibani;Sassecho
Jachanu,Khanid,0.9,Khanid,M 34B 7,Kihtaled;Sazre
Kahah,Khanid,0.7,Khanid,M 12B 3,Saloti;Sehsasez
Kaira,Khanid,0.3,Khanid,M61B16,A2-V27;Ashmarir
Keberz,Khanid,0.5,Khanid,M 39B 16,Arzanni;HED-GP;Lansez;Nourbal
Khanid Prime,Khanid,0.9,Khanid,M 30B 16,Kihtaled
Kihtaled,Khanid,0.9,Khanid,M 40B 9,Gousoviba;Ipref;Jachanu;Khanid Prime
Kuhri,Khanid,0.2,Khanid,M 53B 7,Chitiamem
Lansez,Khanid,0.7,Khanid,M 62B 15,Bukah;Keberz
Mashtarmem,Khanid,0.7,Khanid,M 75B 18,Ervekam;Saloti;Sehsasez;Yezara
Molea,Khanid,0.7,Khanid,M36B3,Gidali;Nakregde
Moniyyuku,Khanid,0.6,Khanid,M 40B 9,Edani;Kulu;Reteka
Moro,Khanid,0.5,Khanid,M 38B 18,Ainsan;Efa
Nahrneder,Khanid,0.3,Khanid,M 84B 13,Abath;Amafi
Nakis,Khanid,0.2,Khanid,M 27B 6,Hezere;Pout;Zephan;Zirsem
Nandeza,Khanid,0.2,Khanid,M 32B 3,Baratar;Chitiamem;Dimoohan
Neda,Khanid,0.4,Khanid,M 60B 16,Zephan
Neyi,Khanid,0.8,Khanid,M 39B 17,Gousoviba
Nourbal,Khanid,0.4,Khanid,M 77B 19,Keberz
Osis,Khanid,0.7,Khanid,M 44B 10,Geztic;Sehsasez;Yezara
Palas,Khanid,0.5,Khanid,M 62B 20,Gidali;Reteka;Safshela
Parses,Khanid,0.5,Khanid,M 60B 24,Afnakat;Balanaz;Bashyam;Chamemi
Pout,Khanid,0.2,Khanid,M 48B 10,Fanathor;Nakis;Rafeme
Rafeme,Khanid,0.2,Khanid,M 56B 16,Anath;Aridia;Pout
Rahabeda,Khanid,0.6,Khanid,M 73B 18,Danera;Edani
Reteka,Khanid,0.5,Khanid,M 30B 16,Moniyyuku;Palas
Rilera,Khanid,0.4,Khanid,M 37B 8,Aurejet;Edani;Tegheon
Sabusi,Khanid,0.5,Khanid,M 14B 6,Efa;Tzashrah
Safshela,Khanid,0.7,Khanid,M 58B 19,Palas
Saloti,Khanid,0.7,Khanid,M 57B 14,Kahah;Mashtarmem
Sassecho,Khanid,0.1,Khanid,M 29B 9,Goudiyah;Irmalin;Timudan
Sazre,Khanid,0.8,Khanid,M 54B 18,Badivefi;Jachanu
Sehsasez,Khanid,0.7,Khanid,M 26B 5,Ervekam;Kahah;Mashtarmem;Osis
Seshala,Khanid,0.3,Khanid,M 20B 5,Gehi;Hemouner
Talidal,Khanid,0.5,Khanid,M 64B 7,Ainsan;Badivefi
Tegheon,Khanid,0.4,Khanid,M 56B 18,Col;Rilera
Timudan,Khanid,0.1,Khanid,M 64B 9,Cabeki;Goudiyah;Ibani;Sassecho
Tzashrah,Khanid,0.5,Khanid,M 5B 6,Badivefi;Efa;Sabusi
Upt,Khanid,0.1,Khanid,M 19B 5,Ham
Vezila,Khanid,0.3,Khanid,M 48B 15,Gehi;Ham
Yezara,Khanid,0.7,Khanid,M 66B 11,Ervekam;Mashtarmem;Osis
Zahefeus,Khanid,0.2,Khanid,M 10B 5,Chitiamem;Zephan
Zephan,Khanid,0.3,Khanid,M 16B 4,Nakis;Neda;Zahefeus
Zirsem,Khanid,0.3,Khanid,M 40B 7,Nakis
Abath,Kor-Azor,0.2,Amarr,M 64B 21,Nahrneder;Schmaeel
Amdonen,Kor-Azor,0.6,Amarr,M 43B 7,Ami;Dantan;Kor-Azor Prime;Leva;Mora;Nishah
Ami,Kor-Azor,0.4,Amarr,M 48B 9,Amdonen;Bridi;Daran;Fensi
Andrub,Kor-Azor,0.7,Amarr,M 5B 6,Nahol;Nahyeen
Annad,Kor-Azor,0.8,Amarr,M 30B 4,Jinkah
Arza,Kor-Azor,0.3,Amarr,M 5B 1,Ranni
Arzi,Kor-Azor,0.1,Amarr,M 31B 11,Kerying;Mafra;Oguser;Zorenyen
Atarli,Kor-Azor,0.4,Amarr,M 19B 3,Keproh;Menai;Piri;Rannoze;Shokal;Zatamaka
Bridi,Kor-Azor,0.4,Amarr,M 59B 16,Ami;Fensi
Chaktaren,Kor-Azor,0.8,Amarr,M 30B 4,Polfaly
Choga,Kor-Azor,0.6,Amarr,M 16B 3,Imih;Kulu;Soumi
Conoban,Kor-Azor,0.9,Amarr,M 30B 4,Mora
Danyana,Kor-Azor,0.8,Amarr,M 61B 11,Dantan;Nahyeen;Nibainkier;Polfaly;Sehmy
Daran,Kor-Azor,0.2,Amarr,M 50B 8,Ami;Pananan
Enal,Kor-Azor,0.4,Amarr,M 65B 12,Jedandan;Piri
Fensi,Kor-Azor,0.4,Amarr,M 42B 4,Ami;Bridi;Narai;Nebian;Rannoze
Gademam,Kor-Azor,0.4,Amarr,M 47B 12,Pananan;Sakhti;Tadadan
Imih,Kor-Azor,0.6,Amarr,M 36B 0,Choga;Liparer;Nare
Jedandan,Kor-Azor,0.4,Amarr,M 96B 14,Enal;Miroona
Jeni,Kor-Azor,0.3,Amarr,M 67B 24,Khabara;Nebian
Jinkah,Kor-Azor,0.8,Amarr,M 62B 13,Annad;Nahyeen;Nibainkier
Keproh,Kor-Azor,0.5,Amarr,M 24B 7,Atarli;Shokal;Zatamaka
Kerying,Kor-Azor,0.2,Amarr,M 52B 7,Arzi
Khabara,Kor-Azor,0.3,Amarr,M 43B 7,Jeni;Nebian
Kizama,Kor-Azor,0.7,Amarr,M 56B 6,Nare;Shaha
Kor-Azor Prime,Kor-Azor,0.9,Amarr,M 10B 2,Amarr;Amdonen;Leva;Nakregde;Sehmy
Kulu,Kor-Azor,0.6,Amarr,M 34B 9,Choga;Moniyyuku;Soumi
Latari,Kor-Azor,0.6,Amarr,M 88B 28,Nahol;Tralasa
Leva,Kor-Azor,0.6,Amarr,M 27B 14,Amdonen;Kor-Azor Prime;Masanuh
Liparer,Kor-Azor,0.4,Amarr,M 63B 12,Imih;Miroona
Mafra,Kor-Azor,0.1,Amarr,M 69B 5,Arzi;Schmaeel
Masanuh,Kor-Azor,0.7,Amarr,M 17B 4,Ervekam;Leva;Suner
Miroona,Kor-Azor,0.4,Amarr,M 66B 14,Jedandan;Liparer;Ranni
Misha,Kor-Azor,0.5,Amarr,M 55B 7,Neesher;Ordion;Shaha
Mora,Kor-Azor,0.9,Amarr,M 50B 11,Amdonen;Conoban;Polfaly;Sehmy
Nahol,Kor-Azor,0.6,Amarr,M 22B 4,Andrub;Latari;Tadadan;Tralasa
Nahyeen,Kor-Azor,0.8,Amarr,M 8B 3,Andrub;Danyana;Jinkah;Nibainkier
Nakregde,Kor-Azor,0.8,Amarr,M 6B 5,Kor-Azor Prime;Molea
Nare,Kor-Azor,0.6,Amarr,M 57B 15,Imih;Kizama;Soumi;Zinkon
Nebian,Kor-Azor,0.4,Amarr,M 63B 16,Fensi;Jeni;Khabara;Noranim
Neesher,Kor-Azor,0.5,Amarr,M 35B 5,Misha;Perbhe;Shaha
Nibainkier,Kor-Azor,0.7,Amarr,M 14B 7,Danyana;Jinkah;Nahyeen;Polfaly;Shokal
Nishah,Kor-Azor,0.6,Amarr,M 73B 13,Amdonen
Oguser,Kor-Azor,0.2,Amarr,M 36B 14,Arzi;Perbhe;Schmaeel
Ordion,Kor-Azor,0.5,Amarr,M 43B 13,Misha
Pananan,Kor-Azor,0.2,Amarr,M 34B 4,Daran;Gademam
Perbhe,Kor-Azor,0.4,Amarr,M 98B 23,Neesher;Oguser
Piri,Kor-Azor,0.5,Amarr,M 7B 4,Atarli;Enal;Zatamaka
Polfaly,Kor-Azor,0.8,Amarr,M 55B 8,Chaktaren;Danyana;Mora;Nibainkier
Ranni,Kor-Azor,0.4,Amarr,M31B10,Arza;Miroona
Rannoze,Kor-Azor,0.4,Amarr,M 29B 3,Atarli;Fensi
Schmaeel,Kor-Azor,0.2,Amarr,M 30B 7,Abath;Mafra;Oguser;Zorenyen
Sehmy,Kor-Azor,0.9,Amarr,M 30B 4,Danyana;Kor-Azor Prime;Mora
Shaha,Kor-Azor,0.6,Amarr,M 6B 4,Kizama;Misha;Neesher
Shokal,Kor-Azor,0.5,Amarr,M 5B 5,Atarli;Keproh;Nibainkier;Zatamaka
Soumi,Kor-Azor,0.6,Amarr,M 11B 6,Choga;Kulu;Nare
Tadadan,Kor-Azor,0.5,Amarr,M 7B 3,Gademam;Nahol
Tralasa,Kor-Azor,0.6,Amarr,M 41B 13,Latari;Nahol
Zatamaka,Kor-Azor,0.4,Amarr,M 42B 11,Atarli;Keproh;Piri;Shokal
Zinkon,Kor-Azor,0.7,Amarr,M 7B 4,Aridia;Nare;Vehan
Zorenyen,Kor-Azor,0.1,Amarr,M 27B 4,Arzi;Schmaeel
Aakari,Lonetrek,0.7,Caldari,M 74B 8,Isseras;Korama;Ylandoki
Aikantoh,Lonetrek,0.6,Caldari,M 13B 6,Liukikka
Airkio,Lonetrek,0.9,Caldari,M 34B 5,Akiainavas;Kakakela;Kamokor;Ruvas;Tsuguwa
Aivoli,Lonetrek,0.6,Caldari,M 71B 15,Endatoh;Uesuro
Ajanen,Lonetrek,0.6,Caldari,M 24B 7,Kuoka;Tsukuras
Akiainavas,Lonetrek,0.7,Caldari,M 25B 18,Airkio
Akonoinen,Lonetrek,0.5,Caldari,M 16B 10,Autaris;Hageken;Vaajaita;Vellaine
Amsen,Lonetrek,0.9,Caldari,M 6B 4,Ekura;Malkalen
Anin,Lonetrek,0.4,Caldari,M 39B 17,Karjataimon;Nannaras;Tartoken
Antiainen,Lonetrek,0.6,Caldari,M 6B 4,Kiskoken;Ossa;Semiki
Atai,Lonetrek,0.5,Caldari,M 17B 0,Daras;Jotenen;Rauntaka
Aunenen,Lonetrek,0.4,Caldari,M 42B 11,Liukikka;Nonni;Otalieto
Aurohunen,Lonetrek,0.4,Caldari,M 48B 8,Dantumi;Korama;Vaajaita
Autama,Lonetrek,0.8,Caldari,M 56B 10,Kirras;Ouranienen;Tsukuras
Autaris,Lonetrek,0.5,Caldari,M 22B 15,Akonoinen;Jan;Vellaine
Dantumi,Lonetrek,0.4,Caldari,M 53B 2,Aurohunen;Mara;Ossa
Daras,Lonetrek,0.4,Caldari,M 7B 2,Atai;Iitanmadan;Otalieto
Ekura,Lonetrek,0.9,Caldari,M 49B 13,Amsen;Jouvulen;Tsuguwa
Elanoda,Lonetrek,0.5,Caldari,M 59B 15,Ohbochi;Uesuro
Elonaya,Lonetrek,0.7,Caldari,M 40B 6,Litiura;Nonni;Piak
Endatoh,Lonetrek,0.6,Caldari,M 6B 5,Aivoli;Otalieto
Erenta,Lonetrek,0.6,Caldari,M 66B 15,Kuoka;Uemisaisen
Funtanainen,Lonetrek,0.9,Caldari,M 7B 9,Aikoro;Isikemi;Kappas;Sobaseki
Haajinen,Lonetrek,0.8,Caldari,M 55B 8,Oipo;Piak
Hageken,Lonetrek,0.6,Caldari,M 73B 25,Akonoinen;Uosusuokko;Vuorrassi
Hakonen,Lonetrek,0.3,Caldari,M 72B 21,Obe;Otsasai;Taisy
Hitanishio,Lonetrek,0.9,Caldari,M 25B 18,Sarekuwa
Ibura,Lonetrek,0.6,Caldari,M 41B 9,Torrinos;Yoma
Ichinumi,Lonetrek,0.9,Caldari,M 25B 18,Tunttaras
Iidoken,Lonetrek,0.8,Caldari,M 72B 7,Isanamo;Kirras;Nourvukaiken;Sarekuwa;Tsuguwa;Veisto
Iitanmadan,Lonetrek,0.3,Caldari,M 64B 19,Daras;Tamo
Isanamo,Lonetrek,0.6,Caldari,M 35B 13,Alikara;Iidoken;Isikano;Saatuban;Sobaseki;Uemisaisen
Isie,Lonetrek,0.4,Caldari,M 53B 8,Ohbochi
Isikano,Lonetrek,0.7,Caldari,M 75B 14,Isanamo;Pakkonen
Isikemi,Lonetrek,0.8,Caldari,M 20B 3,Aikoro;Funtanainen;Uosusuokko
Isinokka,Lonetrek,0.7,Caldari,M 45B 15,Oipo;Yoma
Isseras,Lonetrek,0.6,Caldari,M 39B 4,Aakari;Ylandoki
Jan,Lonetrek,0.4,Caldari,M 84B 8,Autaris;Vaajaita
Jotenen,Lonetrek,0.6,Caldari,M 5B 7,Atai;Otalieto
Jouvulen,Lonetrek,0.9,Caldari,M 6B 4,Ekura
Kakakela,Lonetrek,0.9,Caldari,M 47B 10,Airkio;Kamokor;Ruvas;Sobaseki;Todaki
Kamokor,Lonetrek,0.7,Caldari,M 55B 5,Airkio;Kakakela;Ruvas
Kappas,Lonetrek,0.9,Caldari,M 6B 4,Funtanainen
Karjataimon,Lonetrek,0.3,Caldari,M 31B 9,Anin;Nannaras;Saranen;Sarenemi;Tartoken
Kirras,Lonetrek,0.8,Caldari,M 57B 11,Autama;Iidoken
Kiskoken,Lonetrek,0.5,Caldari,M 32B 6,Antiainen
Korama,Lonetrek,0.8,Caldari,M 88B 22,Aakari;Aurohunen;Malkalen;Piekura;Ylandoki
Kuoka,Lonetrek,0.6,Caldari,M 16B 4,Ajanen;Erenta
Litiura,Lonetrek,0.5,Caldari,M 34B 4,Elonaya;Nonni;Passari;Uemisaisen
Liukikka,Lonetrek,0.6,Caldari,M 50B 8,Aikantoh;Aunenen;Rauntaka
Malkalen,Lonetrek,0.9,Caldari,M 2B 3,Amsen;Korama;New Caldari;Sobaseki;Ylandoki
Mara,Lonetrek,0.4,Caldari,M 8B 5,Dantumi;Hasama;Passari;Piekura
Nannaras,Lonetrek,0.4,Caldari,M 7B 15,Anin;Karjataimon;Tamo
Nonni,Lonetrek,0.5,Caldari,M 2B 5,Aunenen;Elonaya;Litiura
Nourvukaiken,Lonetrek,0.8,Caldari,M 35B 0,Iidoken;Tama;Tsuguwa;Tunttaras
Ohbochi,Lonetrek,0.4,Caldari,M 12B 6,Elanoda;Isie;Raihbaka
Oimmo,Lonetrek,0.5,Caldari,M 108B 20,Otsasai;Vuorrassi
Oipo,Lonetrek,0.8,Caldari,M 67B 14,Haajinen;Isinokka
Oishami,Lonetrek,0.5,Caldari,M 72B 15,Uesuro
Ossa,Lonetrek,0.5,Caldari,M 63B 8,Antiainen;Dantumi
Otalieto,Lonetrek,0.5,Caldari,M 44B 14,Aunenen;Daras;Endatoh;Jotenen;Rauntaka
Otsasai,Lonetrek,0.3,Caldari,M 68B 14,Hakonen;Oimmo;Taisy
Ouranienen,Lonetrek,0.7,Caldari,M 28B 8,Autama;Tsukuras;Uemisaisen
Pakkonen,Lonetrek,0.4,Caldari,M 47B 3,Isikano
Passari,Lonetrek,0.4,Caldari,M 22B 5,Litiura;Mara
Piak,Lonetrek,0.7,Caldari,M 65B 6,Elonaya;Haajinen;Onnamon
Piekura,Lonetrek,0.5,Caldari,M 27B 13,Korama;Mara;Saatuban;Uosusuokko
Rauntaka,Lonetrek,0.5,Caldari,M 68B 19,Atai;Liukikka;Otalieto
Raussinen,Lonetrek,0.5,Caldari,M 35B 9,Sotrentaira
Ruvas,Lonetrek,0.8,Caldari,M 29B 2,Airkio;Kakakela;Kamokor;Umokka
Saatuban,Lonetrek,0.5,Caldari,M 14B 3,Isanamo;Piekura
Saranen,Lonetrek,0.1,Caldari,M 57B 11,93PI-4;Karjataimon;Pure Blind;Tartoken
Sarekuwa,Lonetrek,0.9,Caldari,M 28B 5,Halaima;Hitanishio;Iidoken;Tunttaras;Veisto
Semiki,Lonetrek,0.6,Caldari,M 59B 10,Antiainen
Sobaseki,Lonetrek,0.8,Caldari,M 41B 5,Funtanainen;Isanamo;Jita;Kakakela;Malkalen;Veisto
Sotrentaira,Lonetrek,0.5,Caldari,M 34B 12,Raussinen;Uemisaisen
Taisy,Lonetrek,0.3,Caldari,M 23B 5,Hakonen;M-OEE8;Otsasai
Tamo,Lonetrek,0.3,Caldari,M 46B 6,Iitanmadan;Nannaras
Tartoken,Lonetrek,0.1,Caldari,M 55B 11,Anin;Karjataimon;Saranen
Todaki,Lonetrek,0.9,Caldari,M 25B 18,Kakakela
Torrinos,Lonetrek,0.5,Caldari,M 69B 12,EC-P8R;Ibura
Tsuguwa,Lonetrek,0.8,Caldari,M 60B 14,Airkio;Ekura;Iidoken;Nourvukaiken
Tsukuras,Lonetrek,0.7,Caldari,M 80B 10,Ajanen;Autama;Ouranienen
Tunttaras,Lonetrek,0.9,Caldari,M 31B 16,Ahynada;Ichinumi;Ikuchi;Niyabainen;Nourvukaiken;Sarekuwa
Uemisaisen,Lonetrek,0.6,Caldari,M 74B 15,Erenta;Isanamo;Litiura;Ouranienen;Sotrentaira
Uesuro,Lonetrek,0.5,Caldari,M 38B 8,Aivoli;Elanoda;Oishami
Umokka,Lonetrek,0.6,Caldari,M48B12,Ruvas
Uosusuokko,Lonetrek,0.7,Caldari,M 59B 17,Hageken;Isikemi;Piekura
Vaajaita,Lonetrek,0.5,Caldari,M 7B 3,Akonoinen;Aurohunen;Jan
Veisto,Lonetrek,0.8,Caldari,M 30B 6,Iidoken;Sarekuwa;Sobaseki
Vellaine,Lonetrek,0.6,Caldari,M 44B 7,Akonoinen;Alikara;Autaris
Vuorrassi,Lonetrek,0.5,Caldari,M 38B 2,Hageken;Oimmo
Ylandoki,Lonetrek,0.8,Caldari,M 86B 26,Aakari;Isseras;Korama;Malkalen
Yoma,Lonetrek,0.6,Caldari,M 46B 15,Ibura;Isinokka
06-70G,Malpais,-0.56,FRIES (5),M 88B 9,GL6S-2;LO5-LN;RUF3-O;UYG-YX
0-N1BJ,Malpais,-0.13,SGGRN (5),M 57B 0,FO9-FZ;T-8GWA
0-TRV1,Malpais,-0.26,FRIES (5),M 75B 0,F-TQWO;NBO-O0;O8W-5O
13-49W,Malpais,-0.16,FRIES (5),M 34B 0,NBO-O0;R-RMDH;TD-4XL
1-EVAX,Malpais,-0.53,FRIES (5),M 70B 18,B2J-5N;I8-AJY;JA-G0T;XTVZ-E
1NZV-7,Malpais,-0.64,TD (5),M 27B 11,7-2Z93;B-VFDD;LY-WRW
2FL-5W,Malpais,-0.02,SGGRN (5),M 92B 0,HG-YEQ;RXTY-4
2XI8-Y,Malpais,-0.87,ITTY (5),M 31B 7,5B-YDD;AZA-QE
2Z-HPQ,Malpais,-0.64,FRIES (5),M 53B 4,J-Z8C2
4QY-NT,Malpais,-0.10,SGGRN (5),M 46B 0,FO9-FZ
5-A0PX,Malpais,-0.33,FRIES (5),M 56B 10,CLW-SI;R-RMDH
5B-YDD,Malpais,-0.92,ITTY (5),M 28B 8,2XI8-Y;PWPY-4;W-XY4J;Y-XZA7
63-7Q6,Malpais,-0.18,FRIES (5),M 45B 0,N06Z-Q;W5-205;Z0H2-4
6A-FUY,Malpais,-0.17,SGGRN (5),M 40B 0,863P-X;QSCO-D;ZO-YJZ
6UT-1K,Malpais,-0.64,FRIES (5),M 30B 5,F-TQWO
6-WMKE,Malpais,-0.71,FRIES (5),M 10B 8,89-JPE;I8-AJY
7-2Z93,Malpais,-0.64,TD (5),M 32B 6,1NZV-7;B-VFDD;NBW-GD
7T-0QS,Malpais,-0.16,FRIES (5),M 35B 0,8C-VE3;RWML-A;V-JCJS;WVJU-4
7-YHRX,Malpais,-0.62,UAFLH (5),M 43B 7,O31W-6;X-PQEX;Y6-9LF
8-2JZA,Malpais,-0.43,ITTY (5),M 71B 8,LH-PLU;VVB-QH;ZT-L3S
863P-X,Malpais,-0.14,SGGRN (5),M 53B 0,6A-FUY;HG-YEQ;ND-X7X;QSCO-D;Z-DDVJ;ZO-YJZ
8AB-Q4,Malpais,-0.44,FRIES (5),M 56B 20,JA-G0T;TD-4XL
8C-VE3,Malpais,-0.18,FRIES (5),M 42B 0,7T-0QS;IL-OL1;RWML-A
9F-ERQ,Malpais,-0.53,ITTY (5),M41B8,LH-PLU;NIM-FY
9NI-FW,Malpais,-0.65,UAFLH (5),M 17B 3,H-EBQG;TP-APY
A0M-R8,Malpais,-0.67,TD (5),M 36B 3,LY-WRW;QCGG-Q
APES-G,Malpais,-0.71,FRIES (5),M 31B 4,0J-MQW;J-Z8C2
AZA-QE,Malpais,-0.74,ITTY (5),M 73B 11,2XI8-Y;LH-PLU
B2J-5N,Malpais,-0.59,FRIES (5),M 51B 13,1-EVAX;XTVZ-E
B-VFDD,Malpais,-0.62,TD (5),M 95B 32,1NZV-7;7-2Z93;NIM-FY
C-KW6X,Malpais,-0.29,UAFLH (5),M 38B 16,DAI-SH
CLW-SI,Malpais,-0.22,FRIES (5),M 21B 0,5-A0PX;O7-RFZ;R-RMDH;SH-YZY
C-NMG9,Malpais,-0.64,FRIES (5),M 45B 6,NBW-GD;YM-SRU
DAI-SH,Malpais,-0.32,UAFLH (5),M 66B 9,C-KW6X;F-WZYG;V3P-AZ;X1W-AL
DOA-YU,Malpais,-0.14,UAFLH (5),M 71B 0,F-WZYG;N6NK-J;ZOPZ-6
FO9-FZ,Malpais,-0.12,SGGRN (5),M 31B 0,0-N1BJ;4QY-NT;POQP-K
F-TQWO,Malpais,-0.50,FRIES (5),M 9B 4,0-TRV1;6UT-1K;NBO-O0
F-WZYG,Malpais,-0.18,UAFLH (5),M 76B 0,DAI-SH;DOA-YU;X1W-AL
GL6S-2,Malpais,-0.43,FRIES (5),M 53B 12,06-70G;LO5-LN;UYG-YX
H-EBQG,Malpais,-0.64,UAFLH (5),M 33B 4,9NI-FW
HG-YEQ,Malpais,-0.07,SGGRN (5),M 62B 0,2FL-5W;863P-X;ND-X7X;RSE-PT;ZO-YJZ
I8-AJY,Malpais,-0.68,FRIES (5),M 69B 14,1-EVAX;6-WMKE;J-Z8C2
IBOX-2,Malpais,-0.11,FRIES (5),M 90B 0,TD-4XL;VW-PXL
IF-KD1,Malpais,-0.09,FRIES (5),M 7B 0,R-AG7W;VW-PXL;Z0H2-4
IL-OL1,Malpais,-0.12,FRIES (5),M 71B 0,8C-VE3;NBO-O0;V-JCJS
JA-G0T,Malpais,-0.53,FRIES (5),M 56B 4,1-EVAX;8AB-Q4
J-Z8C2,Malpais,-0.67,FRIES (5),M 7B 4,2Z-HPQ;APES-G;I8-AJY
LH-PLU,Malpais,-0.59,ITTY (5),M 63B 12,8-2JZA;9F-ERQ;AZA-QE;VVB-QH
LO5-LN,Malpais,-0.61,FRIES (5),M 53B 10,06-70G;GL6S-2;NBW-GD
LY-WRW,Malpais,-0.38,TD (5),M 67B 9,1NZV-7;A0M-R8
Malpais,Malpais,-0.14,,,AY9X-Q
N6NK-J,Malpais,-0.23,UAFLH (5),M 32B 0,DOA-YU;NIM-FY;TP-APY;ZOPZ-6
NBO-O0,Malpais,-0.14,FRIES (5),M 26B 0,0-TRV1;13-49W;F-TQWO;IL-OL1
NBW-GD,Malpais,-0.69,FRIES (5),M 61B 7,7-2Z93;C-NMG9;LO5-LN;YM-SRU
N-H95C,Malpais,-0.57,UAFLH (5),M 14B 3,N-YLOE;X-PQEX
NIM-FY,Malpais,-0.42,BIGAB (0),M 36B 6,9F-ERQ;B-VFDD;N6NK-J
NRD-5Q,Malpais,-0.50,FRIES (5),M 16B 6,T-4H0B;XCZ5-Y
NSI-MW,Malpais,-0.90,UAFLH (5),M 62B 10,Y6-9LF
N-YLOE,Malpais,-0.33,UAFLH (5),M 31B 13,N-H95C;TP-APY;WVJU-4
O7-RFZ,Malpais,-0.20,FRIES (5),M 22B 0,CLW-SI;SH-YZY
O8W-5O,Malpais,-0.14,FRIES (5),M 89B 0,0-TRV1;AY9X-Q;QB-AE6
P3X-TN,Malpais,-0.86,FRIES (5),M 49B 19,YM-SRU
POQP-K,Malpais,-0.12,SGGRN (5),M 79B 0,83-YGI;FO9-FZ
PWPY-4,Malpais,-0.96,FRIES (5),M 24B 6,5B-YDD;QZ1-OH
QCGG-Q,Malpais,-0.63,TD (5),M 57B 22,A0M-R8;B-B0ME
QSCO-D,Malpais,-0.12,SGGRN (5),M 36B 0,6A-FUY;863P-X;RXTY-4
QZ1-OH,Malpais,-0.97,FRIES (5),M 71B 16,PVF-N9;PWPY-4;Y-XZA7
RIU-GC,Malpais,-0.47,UAFLH (5),M 19B 5,S-R9J2;XU-BF8
R-RMDH,Malpais,-0.19,FRIES (5),M 49B 0,13-49W;5-A0PX;CLW-SI
RSE-PT,Malpais,-0.05,SGGRN (5),M 50B 0,HG-YEQ;RXTY-4
RUF3-O,Malpais,-0.59,FRIES (5),M 46B 15,06-70G;UYG-YX
RWML-A,Malpais,-0.16,FRIES (5),M 4B 0,7T-0QS;8C-VE3;WVJU-4
RXTY-4,Malpais,-0.18,SGGRN (5),M 36B 0,2FL-5W;QSCO-D;RSE-PT
S5W-1Z,Malpais,-0.03,FRIES (5),M 39B 0,V-JCJS
SH-YZY,Malpais,-0.19,FRIES (5),M 9B 0,CLW-SI;O7-RFZ;Z-EKCY
S-R9J2,Malpais,-0.77,UAFLH (5),M 61B 11,RIU-GC;V3P-AZ;XU-BF8
T-4H0B,Malpais,-0.27,FRIES (5),M 42B 0,NRD-5Q
T-8GWA,Malpais,-0.13,SGGRN (5),M 52B 0,0-N1BJ;UW-6MW
TD-4XL,Malpais,-0.15,FRIES (5),M 14B 0,13-49W;8AB-Q4;IBOX-2;VW-PXL
TP-APY,Malpais,-0.28,UAFLH (5),M 5B 2,9NI-FW;N6NK-J;N-YLOE
UW-6MW,Malpais,-0.18,SGGRN (5),M 2B 0,T-8GWA
UYG-YX,Malpais,-0.40,FRIES (5),M 66B 15,06-70G;GL6S-2;RUF3-O
V3P-AZ,Malpais,-0.49,UAFLH (5),M 31B 3,B1UE-J;DAI-SH;S-R9J2;The Kalevala Expanse
V-JCJS,Malpais,-0.10,FRIES (5),M 51B 0,7T-0QS;IL-OL1;S5W-1Z;WVJU-4
VVB-QH,Malpais,-0.37,ITTY (5),M 55B 13,8-2JZA;LH-PLU;Z-DDVJ
VW-PXL,Malpais,-0.08,FRIES (5),M 67B 0,IBOX-2;IF-KD1;TD-4XL
W5-205,Malpais,-0.16,FRIES (5),M 38B 0,63-7Q6
WVJU-4,Malpais,-0.15,FRIES (5),M 28B 0,7T-0QS;N-YLOE;RWML-A;V-JCJS
W-XY4J,Malpais,-0.92,ITTY (5),M 71B 23,5B-YDD
X1W-AL,Malpais,-0.24,UAFLH (5),M 42B 0,DAI-SH;F-WZYG
XCZ5-Y,Malpais,-0.54,FRIES (5),M 39B 13,NRD-5Q;Z0H2-4
X-PQEX,Malpais,-0.54,UAFLH (5),M 46B 12,7-YHRX;N-H95C
XTVZ-E,Malpais,-0.50,FRIES (5),M 39B 10,1-EVAX;B2J-5N
XU-BF8,Malpais,-0.86,UAFLH (5),M 14B 6,RIU-GC;S-R9J2
Y6-9LF,Malpais,-0.75,UAFLH (5),M 82B 24,7-YHRX;NSI-MW
YM-SRU,Malpais,-0.79,FRIES (5),M 12B 6,C-NMG9;NBW-GD;P3X-TN
Y-XZA7,Malpais,-0.96,ITTY (5),M 14B 4,5B-YDD;QZ1-OH
Z0H2-4,Malpais,-0.20,FRIES (5),M 21B 0,63-7Q6;IF-KD1;N06Z-Q;XCZ5-Y
Z-DDVJ,Malpais,-0.18,ITTY (5),M 42B 0,863P-X;VVB-QH
Z-EKCY,Malpais,-0.19,FRIES (5),M 6B 0,QZX-L9;SH-YZY
ZOPZ-6,Malpais,-0.08,UAFLH (5),M 21B 0,DOA-YU;N6NK-J
ZO-YJZ,Malpais,-0.18,SGGRN (5),M 45B 0,6A-FUY;863P-X;HG-YEQ
ZT-L3S,Malpais,-0.17,ITTY (3),M 27B 0,8-2JZA
Abrat,Metropolis,0.9,Minmatar,M 47B 10,Alf
Aderkan,Metropolis,0.6,Minmatar,M 77B 19,Ogoten
Agtver,Metropolis,0.9,Minmatar,M 31B 4,Datulen;Tamekamur;Totkubad
Aldagolf,Metropolis,0.6,Minmatar,M 8B 3,Earwik;Eram
Aldik,Metropolis,0.7,Minmatar,M 8B 3,Eldjaerin;Eurgrana
Aldilur,Metropolis,0.9,Minmatar,M 53B 12,Illuin
Aldrat,Metropolis,0.6,Minmatar,M 47B 9,Erstur;Eygfe;Fredagod;Hardbako;Urnhard
Alf,Metropolis,0.9,Minmatar,M 6B 5,Abrat;Arlulf;Brundakur;Illuin
Altrinur,Metropolis,0.8,Minmatar,M 75B 20,Eygfe;Olbra;Reset;Vilur
Amo,Metropolis,0.5,Minmatar,M 53B 4,Auner;Hror;Resbroko
Anbald,Metropolis,0.7,Minmatar,M 50B 16,Bongveber
Anher,Metropolis,0.5,Minmatar,M 50B 6,Evati;Hagilur
Ansen,Metropolis,0.1,Minmatar,M 8B 2,Arifsdald;Arwa
Ansher,Metropolis,0.9,Minmatar,M 65B 8,Hebisa
Anstard,Metropolis,0.5,Minmatar,M 31B 7,Erstet;Osvestmunnur
Ardar,Metropolis,0.4,Amarr,M 6B 4,Floseswin;Frerstorn;Hadozeko
Arifsdald,Metropolis,0.1,Minmatar,M 85B 20,Ansen;Arwa;Dudreda
Arlek,Metropolis,0.9,Minmatar,M 52B 8,Elgoi;Ryddinjorn
Arlulf,Metropolis,0.9,Minmatar,M 27B 3,Alf;Ameinaka;Brundakur;Orgron;Stirht
Arnher,Metropolis,0.2,Minmatar,M 100B 19,Egmar;Evati;Lasleinur
Arnstur,Metropolis,0.1,Minmatar,M 21B 8,Brin;Gultratren;Helgatild;Todifrauan
Arwa,Metropolis,0.1,Minmatar,M 57B 10,Ansen;Arifsdald;Hakisalki
Aset,Metropolis,0.4,Amarr,M 6B 6,Avenod;Eytjangard;Floseswin;Isbrabata;Turnur;Uisper;Vimeini
Asgeir,Metropolis,0.7,Minmatar,M 21B 5,Eiluvodi;Evuldgenzo
Atonder,Metropolis,0.8,Minmatar,M 38B 13,Engosi;Hotrardik;Klaevik;Ridoner
Auner,Metropolis,0.4,Minmatar,M 51B 14,Amo;Resbroko
Avenod,Metropolis,0.4,Amarr,M 66B 14,Aset;Audaerne;Eytjangard
Barkrik,Metropolis,0.6,Minmatar,M 49B 6,Hjoramold;Lanngisi;Nakugard;Traun;Tvink
Bei,Metropolis,0.6,Minmatar,M 60B 8,Colelie;Hagilur;Ongund;Uttindar
Bongveber,Metropolis,0.9,Minmatar,M 93B 17,Anbald;Freatlidur;Maturat
Brin,Metropolis,0.2,Minmatar,M 62B 7,Arnstur;Helgatild
Brundakur,Metropolis,0.9,Minmatar,M 77B 9,Alf;Arlulf;Nedegulf
Dantbeinn,Metropolis,0.7,Minmatar,M 65B 6,Josekorn
Datulen,Metropolis,0.9,Minmatar,M 47B 11,Agtver;Meimungen;Situner;Totkubad
Diromitur,Metropolis,0.5,Minmatar,M 51B 7,Eldjaerin;Erlendur;Lirerim
Dudreda,Metropolis,0.3,Minmatar,M 59B 9,Arifsdald;Hagilur;Hakisalki
Earled,Metropolis,0.8,Minmatar,M 34B 16,Tollus
Earwik,Metropolis,0.6,Minmatar,M 15B 2,Aldagolf;Finanar;Iluin;Moselgi
Ebolfer,Metropolis,0.3,Minmatar,M 28B 8,Eszur;Frerstorn;Gebuladi;Ontorn;Sirekur
Egbonbet,Metropolis,0.9,Minmatar,M 68B 17,Hjortur;Tamekamur
Egmar,Metropolis,0.3,Minmatar,M 45B 14,Arnher;Gulmorogod;Orfrold;Taff
Eiluvodi,Metropolis,0.8,Minmatar,M 71B 23,Asgeir;Freatlidur;Roleinn
Eldjaerin,Metropolis,0.6,Minmatar,M 33B 3,Aldik;Diromitur;Erlendur
Elgoi,Metropolis,0.9,Minmatar,M 57B 26,Arlek;Eram;Orduin
Embod,Metropolis,0.9,Minmatar,M 47B 10,Leurtmar
Enden,Metropolis,0.4,Minmatar,M 43B 7,Nein;Wirdalen
Engosi,Metropolis,0.8,Minmatar,M 55B 6,Atonder;Orduin;Ridoner
Eram,Metropolis,0.8,Minmatar,M 59B 13,Aldagolf;Elgoi;Vullat;Yrmori
Erego,Metropolis,0.9,Minmatar,M 47B 10,Meimungen
Erindur,Metropolis,0.6,Minmatar,M 55B 13,Hroduko
Erlendur,Metropolis,0.5,Minmatar,M 10B 9,Diromitur;Eldjaerin;Frulegur
Erstet,Metropolis,0.4,Minmatar,M 38B 5,Anstard;Nein
Erstur,Metropolis,0.6,Minmatar,M 9B 3,Aldrat;Libold;Urnhard
Eszur,Metropolis,0.2,Minmatar,M 2B 2,Ebolfer;Frerstorn;Gebuladi;Heimatar;Hofjaldgund;Siseide
Eurgrana,Metropolis,0.4,Minmatar,M58B 7,AD-5B8;Aldik
Eust,Metropolis,0.7,Minmatar,M 32B 4,Flost;Ongund;Todrir
Evati,Metropolis,0.2,Minmatar,M 60B 7,Anher;Arnher;Lasleinur;Ofstold;Todifrauan
Evettullur,Metropolis,0.8,Minmatar,M 22B 5,Hjortur;Tratokard
Evuldgenzo,Metropolis,0.7,Minmatar,M 18B 3,Asgeir;Flost;Ongund
Eygfe,Metropolis,0.7,Minmatar,M 40B 12,Aldrat;Altrinur;Reset;Wirdalen
Eytjangard,Metropolis,0.4,Amarr,M 43B 9,Aset;Avenod;Isbrabata;Uisper
Fildar,Metropolis,0.9,Minmatar,M 47B 10,Olbra
Finanar,Metropolis,0.5,Minmatar,M 51B 13,Earwik;Mateber
Floseswin,Metropolis,0.4,Amarr,M 62B 14,Ardar;Aset;Uisper
Flost,Metropolis,0.7,Minmatar,M 20B 6,Eust;Evuldgenzo;Jondik
Freatlidur,Metropolis,0.8,Minmatar,M 69B 16,Bongveber;Eiluvodi;Roleinn
Fredagod,Metropolis,0.8,Minmatar,M 54B 14,Aldrat;Hardbako
Frerstorn,Metropolis,0.3,Amarr,M 18B 10,Ardar;Ebolfer;Eszur;Gebuladi;Ontorn;Sirekur
Frulegur,Metropolis,0.4,Minmatar,M 41B 6,Erlendur;Hroduko
Gebuladi,Metropolis,0.3,Minmatar,M 40B 16,Ebolfer;Eszur;Frerstorn;Ontorn
Gedugaud,Metropolis,0.7,Minmatar,M 40B 6,Josekorn;Oppold;Tratokard
Geffur,Metropolis,0.7,Minmatar,M 45B 20,Hilfhurmur;Oppold
Gukarla,Metropolis,0.1,Minmatar,M 47B 20,Taff;Ualkin
Hadozeko,Metropolis,0.4,Minmatar,M 77B 26,Ardar;Klogori;Resbroko
Hagilur,Metropolis,0.4,Minmatar,M 17B 6,Anher;Bei;Dudreda;Ragnarg;Thelan
Hakeri,Metropolis,0.7,Minmatar,M 60B 12,Irgrus;Nifflung;Oraekja
Hakisalki,Metropolis,0.2,Minmatar,M 58B 19,Arwa;Dudreda
Hardbako,Metropolis,0.7,Minmatar,M 25B 12,Aldrat;Fredagod;Urnhard
Hebisa,Metropolis,0.9,Minmatar,M 23B 8,Ansher;Polstodur
Hek,Metropolis,0.8,Minmatar,M 42B 12,Eystur;Hror;Nakugard;Otou;Uttindar
Helgatild,Metropolis,0.2,Amarr,M 47B 7,Arnstur;Brin;Todifrauan
Hilfhurmur,Metropolis,0.8,Minmatar,M 24B 4,Geffur;Maturat;Oppold
Hjoramold,Metropolis,0.5,Minmatar,M 43B 12,Barkrik;Uriok
Hjortur,Metropolis,0.9,Minmatar,M 75B 31,Egbonbet;Evettullur;Illuin;Totkubad
Hodrold,Metropolis,0.6,Minmatar,M 67B 22,Hroduko;Konora;Odebeinn
Hofjaldgund,Metropolis,0.3,Amarr,M 37B 3,Dal;Eszur
Hotrardik,Metropolis,0.7,Minmatar,M 43B 14,Atonder;Klaevik;Orduin;Ridoner
Hroduko,Metropolis,0.7,Minmatar,M 67B 9,Erindur;Frulegur;Hodrold
Hror,Metropolis,0.5,Minmatar,M 16B 7,Amo;Hek;Resbroko
Illuin,Metropolis,0.9,Minmatar,M 61B 13,Aldilur;Alf;Hjortur;Leurtmar;Stirht
Iluin,Metropolis,0.7,Minmatar,M 63B 6,Earwik;Moselgi
Inder,Metropolis,0.5,Minmatar,M 26B 16,Nakugard;Tvink;Uriok
Irgrus,Metropolis,0.7,Minmatar,M 54B 13,Hakeri;Oraekja;Pakhshi
Isbrabata,Metropolis,0.4,Minmatar,M 40B 9,Aset;Eytjangard;Kurniainen;Turnur;Vimeini
Jondik,Metropolis,0.9,Minmatar,M 70B 8,Flost;Olbra
Josekorn,Metropolis,0.6,Minmatar,M 8B 13,Dantbeinn;Gedugaud;Nifflung
Klaevik,Metropolis,0.6,Minmatar,M 78B 18,Atonder;Hotrardik;Ridoner
Klogori,Metropolis,0.3,Minmatar,M 5B 4,Hadozeko;Orfrold
Konora,Metropolis,0.4,Minmatar,M 47B 19,Hodrold;N-RAEL;Odebeinn
Lanngisi,Metropolis,0.5,Minmatar,M 14B 6,Barkrik;Nakugard;Tvink
Lasleinur,Metropolis,0.2,Minmatar,M 67B 10,Arnher;Evati;Ofstold
Leurtmar,Metropolis,0.9,Minmatar,M 6B 6,Embod;Illuin;Ryddinjorn
Libold,Metropolis,0.6,Minmatar,M 66B 7,Erstur
Lirerim,Metropolis,0.6,Minmatar,M 47B 7,Diromitur;Offikatlin;Yrmori
Lumegen,Metropolis,0.6,Minmatar,M 8B 3,Tratokard
Mateber,Metropolis,0.3,Minmatar,M 63B 26,Finanar;Ofage;Wiskeber
Maturat,Metropolis,0.8,Minmatar,M 63B 12,Bongveber;Hilfhurmur;Roleinn;Vorsk
Meimungen,Metropolis,0.9,Minmatar,M 46B 9,Datulen;Erego;Situner;Totkubad
Moselgi,Metropolis,0.7,Minmatar,M 6B 5,Earwik;Iluin;Ofage;Osvestmunnur
Nakugard,Metropolis,0.5,Minmatar,M 60B 23,Barkrik;Hek;Inder;Lanngisi;Traun;Tvink;Uriok
Nedegulf,Metropolis,0.8,Minmatar,M 43B 6,Brundakur
Nein,Metropolis,0.5,Minmatar,M 12B 4,Enden;Erstet;Wirdalen
Nifflung,Metropolis,0.8,Minmatar,M 43B 14,Hakeri;Josekorn
Odebeinn,Metropolis,0.3,Minmatar,M 41B 1,Hodrold;Konora
Ofage,Metropolis,0.3,Minmatar,M 67B 14,Fuskunen;Mateber;Moselgi
Offikatlin,Metropolis,0.4,Minmatar,M 13B 8,Lirerim;Tabbetzur;Wiskeber
Ofstold,Metropolis,0.3,Minmatar,M 56B 25,Evati;Lasleinur
Ogoten,Metropolis,0.7,Minmatar,M 25B 16,Aderkan;Tollus
Olbra,Metropolis,0.9,Minmatar,M 40B8,Altrinur;Eystur;Fildar;Jondik
Ongund,Metropolis,0.6,Minmatar,M 54B 12,Bei;Eust;Evuldgenzo
Ontorn,Metropolis,0.3,Minmatar,M 65B 8,Ebolfer;Frerstorn;Gebuladi;Sirekur
Oppold,Metropolis,0.7,Minmatar,M 70B 11,Gedugaud;Geffur;Hilfhurmur;Tratokard
Oraekja,Metropolis,0.7,Minmatar,M 20B 6,Hakeri;Irgrus
Orduin,Metropolis,0.8,Minmatar,M 68B 6,Elgoi;Engosi;Hotrardik;Ridoner
Orfrold,Metropolis,0.2,Minmatar,M 32B 5,Egmar;Klogori
Orgron,Metropolis,0.9,Minmatar,M 5B 4,Arlulf
Osvestmunnur,Metropolis,0.5,Minmatar,M 78B 17,Anstard;Moselgi
Placid,Metropolis,0.3,,,Zarzakh
Polstodur,Metropolis,0.8,Minmatar,M 50B 6,Hebisa;Tollus;Vilur
Ragnarg,Metropolis,0.4,Minmatar,M 26B 3,Hagilur
Resbroko,Metropolis,0.4,Minmatar,M 20B 4,Amo;Auner;Hadozeko;Hror
Reset,Metropolis,0.7,Minmatar,M 63B 8,Altrinur;Eygfe
Ridoner,Metropolis,0.7,Minmatar,M 27B 5,Atonder;Engosi;Hotrardik;Klaevik;Orduin
Roleinn,Metropolis,0.9,Minmatar,M 32B 5,Eiluvodi;Freatlidur;Maturat
Ryddinjorn,Metropolis,0.9,Minmatar,M 47B 10,Arlek;Leurtmar;Meirakulf
Sirekur,Metropolis,0.3,Minmatar,M 77B 19,Ebolfer;Frerstorn;Ontorn
Situner,Metropolis,0.8,Minmatar,M 55B 6,Datulen;Meimungen
Stirht,Metropolis,0.9,Minmatar,M 30B 6,Arlulf;Illuin
Tabbetzur,Metropolis,0.3,Minmatar,M 21B 6,Ennur;Offikatlin
Taff,Metropolis,0.2,Minmatar,M 51B 11,Egmar;Gukarla;Ualkin
Tamekamur,Metropolis,0.9,Minmatar,M 57B 11,Agtver;Egbonbet
Todifrauan,Metropolis,0.1,Amarr,M 51B 6,Akkio;Arnstur;Evati;Helgatild
Todrir,Metropolis,0.9,Minmatar,M 39B 7,Eust
Tollus,Metropolis,0.8,Minmatar,M 34B 10,Earled;Ogoten;Polstodur
Totkubad,Metropolis,0.9,Minmatar,M 13B 2,Agtver;Datulen;Hjortur;Meimungen
Tratokard,Metropolis,0.6,Minmatar,M 47B 5,Evettullur;Gedugaud;Lumegen;Oppold
Traun,Metropolis,0.6,Minmatar,M 39B 8,Barkrik;Nakugard
Turnur,Metropolis,0.4,Amarr,M 40B 6,Aset;Isbrabata;Uisper;Zarzakh
Tvink,Metropolis,0.5,Minmatar,M 31B 3,Barkrik;Inder;Lanngisi;Nakugard
Ualkin,Metropolis,0.2,Minmatar,M 16B 4,Gukarla;Taff
Uisper,Metropolis,0.4,Amarr,M 54B 9,Aset;Eytjangard;Floseswin;Turnur
Uriok,Metropolis,0.5,Minmatar,M 21B 6,Hjoramold;Inder;Nakugard
Urnhard,Metropolis,0.6,Minmatar,M 19B 6,Aldrat;Erstur;Hardbako
Uttindar,Metropolis,0.5,Minmatar,M 43B 9,Bei;Hek
Vilur,Metropolis,0.8,Minmatar,M 15B 3,Altrinur;Polstodur
Vimeini,Metropolis,0.4,Amarr,M 63B 9,Aset;Isbrabata
Vorsk,Metropolis,0.6,Minmatar,M 50B 27,Maturat
Wirdalen,Metropolis,0.6,Minmatar,M 24B 9,Enden;Eygfe;Nein
Yrmori,Metropolis,0.6,Minmatar,M 52B 9,Eram;Lirerim
Aedald,Molden Heath,0.3,Minmatar,M 50B 18,Audesder;Heild;Muttokon
Aeddin,Molden Heath,0.6,Minmatar,M 33B 8,Austraka;Gulfonodi;Heimatar;Teonusude
Aeditide,Molden Heath,0.2,Minmatar,M 9B 1,Egbinger;Hegfunden;Kadlina;Weld
Altbrard,Molden Heath,0.3,Minmatar,M 71B 8,Istodard
Atlar,Molden Heath,0.4,Minmatar,M 47B 10,Gelfiven;Illamur;Oddelulf
Audesder,Molden Heath,0.3,Minmatar,M 23B 10,Aedald;Kenobanala
Bosena,Molden Heath,0.4,Minmatar,M 19B 5,Heild;Oddelulf;Teonusude
Egbinger,Molden Heath,0.0,Minmatar,M 36B 7,Aeditide;B-VIP9;Muttokon
Eldulf,Molden Heath,0.6,Minmatar,M 33B 4,Horaka;Varigne
Ennur,Molden Heath,0.1,Minmatar,M 63B 22,Meildolf;Tabbetzur
Fegomenko,Molden Heath,0.5,Minmatar,M 50B 16,Mimiror;Orien;Osvetur
Gelfiven,Molden Heath,0.6,Minmatar,M 42B 7,Atlar;Oddelulf;Teonusude
Gonheim,Molden Heath,0.3,Minmatar,M 62B 17,Half;Hedaleolfarber;Istodard
Gulfonodi,Molden Heath,0.5,Minmatar,M 41B 29,Aeddin;Teonusude
Half,Molden Heath,0.2,Minmatar,M 42B 14,Gonheim;Istodard;Sakulda
Hedaleolfarber,Molden Heath,0.3,Minmatar,M 70B 13,Gonheim
Hegfunden,Molden Heath,0.3,Minmatar,M 46B 10,Aeditide;Kadlina;Kattegaud
Heild,Molden Heath,0.3,Minmatar,M 53B 21,Aedald;Bosena;Hrokkur
Horaka,Molden Heath,0.6,Minmatar,M 80B 16,Eldulf;Illamur;Orien;Varigne
Hrober,Molden Heath,0.3,Minmatar,M 19B 7,Hrokkur
Hrokkur,Molden Heath,0.3,Minmatar,M 53B 7,Heild;Hrober
Illamur,Molden Heath,0.3,Minmatar,M 52B 11,Atlar;Horaka;Meildolf
Istodard,Molden Heath,0.3,Minmatar,M 57B 19,Altbrard;Gonheim;Half;Oddelulf
Kadlina,Molden Heath,0.4,Minmatar,M 75B 27,Aeditide;Hegfunden;Kattegaud
Kattegaud,Molden Heath,0.7,Minmatar,M 36B 14,Hegfunden;Kadlina;Weld
Klingt,Molden Heath,0.3,Minmatar,M 27B 16,Unertek;Weld
Meildolf,Molden Heath,0.3,Minmatar,M 49B 5,Ennur;Illamur;Orien
Mimiror,Molden Heath,0.2,Minmatar,M 12B 11,Fegomenko;Osvetur
Muttokon,Molden Heath,0.2,Minmatar,M 6B 2,Aedald;Egbinger
Oddelulf,Molden Heath,0.4,Minmatar,M 46B 4,Atlar;Bosena;Gelfiven;Istodard
Orien,Molden Heath,0.8,Minmatar,M 6B 4,Fegomenko;Horaka;Meildolf
Osvetur,Molden Heath,0.2,Minmatar,M 50B 20,Fegomenko;Mimiror;Unertek
Sakulda,Molden Heath,0.3,Minmatar,M 15B 6,Half
Teonusude,Molden Heath,0.6,Minmatar,M 52B 29,Aeddin;Bosena;Gelfiven;Gulfonodi;Magiko
Unertek,Molden Heath,0.3,Minmatar,M 54B 8,Klingt;Osvetur
Varigne,Molden Heath,0.6,Minmatar,M 62B 20,Eldulf;Horaka
Weld,Molden Heath,0.3,Minmatar,M 38B 1,Aeditide;Kattegaud;Klingt
0PU2-R,Oasa,-0.20,SGGRN (5),M 72B 0,91-KD8;B-ETDW;XM-RMD
0-QP56,Oasa,-0.21,SGGRN (5),M 22B 0,GTQ-C9;MTGF-2;ORB4-J
1-BK1Q,Oasa,-0.60,SGGRN (5),M 32B 6,RJBC-I;S7WI-F
1EO-OE,Oasa,-0.67,SGGRN (5),M 19B 11,1-HDQ4;5-9L3H;6U-MFQ;YQTK-R
1-HDQ4,Oasa,-0.73,SGGRN (5),M 29B 9,1EO-OE;WVMS-X
1P-QWR,Oasa,-0.61,SGGRN (5),M 55B 12,3-JG3X;BQ0-UU;GK3-RX;RF-X7V
21M1-B,Oasa,-0.51,B0SS (5),M 44B 4,QZ-DIZ;UGR-J2
2-WNTD,Oasa,-0.08,SGGRN (5),M 70B 0,DGDT-3;KH-EWC
3-JG3X,Oasa,-0.54,SGGRN (5),M 27B 8,1P-QWR;BQ0-UU;FJ-GUR;GK3-RX;RF-X7V
3VL6-I,Oasa,-0.04,SGGRN (5),M 85B 0,9G5J-1;F-816R;KH-EWC
5-9L3H,Oasa,-0.69,SGGRN (5),M 82B 12,1EO-OE;6U-MFQ;FZCR-3
5-IH57,Oasa,-0.28,SGGRN (5),M17B 0,QYT-X8
5JEZ-I,Oasa,-0.33,SGGRN (5),M 63B 0,R8WV-7;V-X0KM;XEF6-Z
6U-MFQ,Oasa,-0.59,SGGRN (5),M 71B 10,1EO-OE;5-9L3H;DYS-CG;FZCR-3;YQTK-R
7-UVMT,Oasa,-0.62,SGGRN (5),M 6B 2,Q-ITV5;WVMS-X
83-YGI,Oasa,-0.20,SGGRN (5),M 17B 0,DGDT-3;POQP-K
91-KD8,Oasa,-0.27,SGGRN (5),M 42B 0,0PU2-R;3ET-G8;9G5J-1
9G5J-1,Oasa,-0.03,SGGRN (5),M 70B 0,3VL6-I;91-KD8;B-ETDW
B-ETDW,Oasa,-0.04,SGGRN (5),M 15B 0,0PU2-R;9G5J-1
BQ0-UU,Oasa,-0.61,SGGRN (5),M 83B 30,1P-QWR;3-JG3X;FJ-GUR;GK3-RX;RF-X7V
DGDT-3,Oasa,-0.18,SGGRN (5),M 34B 0,2-WNTD;83-YGI;ND-X7X
DS3-6A,Oasa,-0.15,SGGRN (5),M 17B 0,F-816R;T-HMWP;V0-H4L
DYS-CG,Oasa,-0.34,SGGRN (5),M 63B 0,6U-MFQ;J9A-BH;T-HMWP
E6Q-LE,Oasa,-0.72,SGGRN (5),M 22B 5,HO4E-Q;YQTK-R
F-816R,Oasa,-0.09,SGGRN (5),M 50B 0,3VL6-I;DS3-6A
FJ-GUR,Oasa,-0.38,SGGRN (5),M 8B 2,3-JG3X;BQ0-UU;GK3-RX
FZCR-3,Oasa,-0.50,SGGRN (5),M 19B 5,5-9L3H;6U-MFQ
GGMF-J,Oasa,-0.29,SGGRN (5),M 50B 0,IG-4OF;M-NWLB
GK3-RX,Oasa,-0.49,SGGRN (5),M 51B 12,1P-QWR;3-JG3X;BQ0-UU;FJ-GUR
GTQ-C9,Oasa,-0.22,SGGRN (5),M 44B 0,0-QP56;M-NWLB;ORB4-J
G-W1ND,Oasa,-0.15,SGGRN (5),M 72B 0,MZLW-9;ND-X7X;QB-AE6
HF-K3O,Oasa,-0.68,SGGRN (5),M 54B 17,QE2-FS;Q-ITV5;R-ZESX;WVMS-X
H-MHWF,Oasa,-0.22,SGGRN (5),M 38B 0,J-D5U7;PND-SI
HO4E-Q,Oasa,-0.65,SGGRN (5),M 56B 3,E6Q-LE;QY2Y-N;VZEG-B;Y-BIPM
IAMJ-Q,Oasa,-1.00,B0SS (5),M 51B 4,EJ-5X2;U-RELP
IG-4OF,Oasa,-0.40,SGGRN (5),M 59B 7,GGMF-J;LQQH-J;M-NWLB
IO-R2S,Oasa,-0.61,SGGRN (5),M 44B 9,QE2-FS;Q-ITV5;R-ZESX
J-D5U7,Oasa,-0.28,SGGRN (5),M 13B 0,H-MHWF;W5-VBR
JXQJ-B,Oasa,-0.26,SGGRN (5),M 9B 0,PND-SI;QYT-X8;Y-BIPM
KED-2O,Oasa,-0.85,B0SS (5),M 23B 6,Y-0HVF
KH-EWC,Oasa,-0.10,SGGRN (5),M 15B 0,2-WNTD;3VL6-I
LA2-KV,Oasa,-0.21,SGGRN (5),M 46B 0,T-HMWP;WW-OVQ
LQQH-J,Oasa,-0.45,SGGRN (5),M 51B 2,IG-4OF;W5-VBR;X-Z4JW
M-NWLB,Oasa,-0.34,SGGRN (5),M35B 0,GGMF-J;GTQ-C9;IG-4OF;UGR-J2
MTGF-2,Oasa,-0.22,SGGRN (5),M 31B 0,0-QP56;5T-A3D;Perrigen Falls
MZLW-9,Oasa,-0.10,SGGRN (5),M 84B 0,G-W1ND;ND-X7X;QB-AE6
ND-X7X,Oasa,-0.12,SGGRN (5),M 39B 0,863P-X;DGDT-3;G-W1ND;HG-YEQ;MZLW-9
Oasa,Oasa,-0.82,,,FV-YEA;Y-RAW3
ORB4-J,Oasa,-0.20,SGGRN (5),M 90B 0,0-QP56;GTQ-C9
OZ-DS5,Oasa,-0.94,SGGRN (5),M 6B 3,XM-RMD
PND-SI,Oasa,-0.18,SGGRN (5),M 42B 0,H-MHWF;JXQJ-B;XKM-DE
P-ZWKH,Oasa,-1.00,SGGRN (5),M 16B 3,X-9ZZR
QB-AE6,Oasa,-0.12,SGGRN (5),M 53B 0,G-W1ND;MZLW-9;O8W-5O
QE2-FS,Oasa,-0.63,SGGRN (5),M 47B 3,HF-K3O;IO-R2S;R-ZESX;XY-ZCI
Q-ITV5,Oasa,-0.49,SGGRN (5),M 57B 17,7-UVMT;HF-K3O;IO-R2S;R-ZESX
QY2Y-N,Oasa,-0.83,SGGRN (5),M 8B 3,HO4E-Q;RO-AIQ;X-9ZZR
QYT-X8,Oasa,-0.26,SGGRN (5),M 45B 0,5-IH57;JXQJ-B;V0-H4L
QZ-DIZ,Oasa,-0.53,B0SS (5),M 80B 22,21M1-B;UGR-J2;U-RELP
R8WV-7,Oasa,-0.43,SGGRN (5),M 25B 5,5JEZ-I;FV-YEA;X-Z4JW
RF-X7V,Oasa,-0.62,SGGRN (5),M 71B 3,1P-QWR;3-JG3X;BQ0-UU;YQTK-R
RJBC-I,Oasa,-0.77,SGGRN (5),M 73B 13,1-BK1Q
RO-AIQ,Oasa,-0.98,SGGRN (5),M 36B 10,QY2Y-N
R-ZESX,Oasa,-0.60,SGGRN (5),M 50B 8,HF-K3O;IO-R2S;QE2-FS;Q-ITV5;WVMS-X
S7WI-F,Oasa,-0.36,SGGRN (5),M 66B 0,1-BK1Q;WW-OVQ;X-CYNC
SON-TW,Oasa,-0.43,SGGRN (5),M 51B 7,U9SE-N;XEF6-Z;XXZ-3W
T-HMWP,Oasa,-0.22,SGGRN (5),M 48B 0,DS3-6A;DYS-CG;LA2-KV
U9SE-N,Oasa,-0.29,SGGRN (5),M 54B 0,P-NRD3;SON-TW
UGR-J2,Oasa,-0.68,B0SS (5),M 39B 2,21M1-B;M-NWLB;QZ-DIZ;Y-0HVF
U-RELP,Oasa,-0.79,B0SS (5),M 61B 1,IAMJ-Q;QZ-DIZ
V0-H4L,Oasa,-0.16,SGGRN (5),M 53B 0,DS3-6A;QYT-X8
V-X0KM,Oasa,-0.35,SGGRN (5),M 37B 0,5JEZ-I;XEF6-Z
VZEG-B,Oasa,-0.47,SGGRN (5),M 49B 9,HO4E-Q;X-9ZZR
W5-VBR,Oasa,-0.40,SGGRN (5),M 38B 9,J-D5U7;LQQH-J;X-Z4JW;Y-770C
WVMS-X,Oasa,-0.67,SGGRN (5),M 7B 4,1-HDQ4;7-UVMT;HF-K3O;R-ZESX
WW-OVQ,Oasa,-0.13,SGGRN (5),M 51B 0,LA2-KV;S7WI-F
X-9ZZR,Oasa,-0.88,SGGRN (5),M 40B 4,P-ZWKH;QY2Y-N;VZEG-B
X-CYNC,Oasa,-0.50,SGGRN (5),M 83B 37,S7WI-F
XEF6-Z,Oasa,-0.38,SGGRN (5),M 57B 16,5JEZ-I;SON-TW;V-X0KM
XKM-DE,Oasa,-0.07,SGGRN (5),M 48B 0,PND-SI;Y-BIPM
XM-RMD,Oasa,-0.33,SGGRN (5),M 15B 0,0PU2-R;OZ-DS5
XXZ-3W,Oasa,-0.82,SGGRN (5),M 75B 29,SON-TW;Y-RAW3
X-Z4JW,Oasa,-0.23,SGGRN (5),M 40B 0,LQQH-J;R8WV-7;W5-VBR
Y-0HVF,Oasa,-0.75,B0SS (5),M 39B 6,C3I-D5;KED-2O;UGR-J2
Y-770C,Oasa,-0.55,SGGRN (5),M 70B 10,W5-VBR
Y-BIPM,Oasa,-0.25,SGGRN (5),M 26B 0,HO4E-Q;JXQJ-B;XKM-DE
YQTK-R,Oasa,-0.65,SGGRN (5),M 51B 17,1EO-OE;6U-MFQ;E6Q-LE;RF-X7V
0DD-MH,Omist,-0.41,CONDI (5),M 81B 0,99-0GS;NQH-MR
1I6F-9,Omist,-0.65,CONDI (5),M 44B 7,QSF-EJ;Z-7OK1
3FKU-H,Omist,-0.37,CONDI (5),M 72B 0,M9-FIB;Y-MSJN
66-PMM,Omist,-0.94,CONDI (5),M 71B 11,7-8EOE;OKEO-X;UEP0-A
6T3I-L,Omist,-0.46,CONDI (5),M 40B 6,NZPK-G;PEM-LC;QSF-EJ
73-JQO,Omist,-0.09,CONDI (5),M 16B 0,R2TJ-1
7-8EOE,Omist,-0.97,CONDI (5),M 34B 12,66-PMM;7L9-ZC
7L9-ZC,Omist,-1.00,CONDI (5),M 45B 14,7-8EOE;ZO-P5K
99-0GS,Omist,-0.35,CONDI (5),M28B0,0DD-MH;MMUF-8;NQH-MR;X-3AUU
9MWZ-B,Omist,-0.10,CONDI (5),M 19B 0,Feythabolis;LS-QLX;S-XZHU;TSG-NO
AXDX-F,Omist,-0.33,CONDI (5),M 81B 0,J-4FNO;LOI-L1;PEM-LC;QSF-EJ;X-EHHD
CO-7BI,Omist,-0.09,CONDI (5),M 70B 0,LS-QLX;ZJG-7D
C-WPWH,Omist,-0.10,CONDI (5),M 69B 0,LS-QLX;S-XZHU
D2EZ-X,Omist,-0.46,CONDI (5),M 38B 7,DJK-67;M9-FIB
DJK-67,Omist,-0.40,CONDI (5),M 77B 0,D2EZ-X
G-B3PR,Omist,-0.14,CONDI (5),M 54B 0,VULA-I;XPUM-L
H90-C9,Omist,-0.53,CONDI (5),M 4B 7,K-1OY3
J-4FNO,Omist,-0.34,CONDI (5),M 27B 0,AXDX-F;PEM-LC
K-1OY3,Omist,-0.42,CONDI (5),M 10B 0,H90-C9;MMUF-8;NZPK-G
KR8-27,Omist,-0.26,CONDI (5),M 51B 0,LOI-L1;VULA-I;XPUM-L
L-AS00,Omist,-0.74,CONDI (5),M 47B 13,QSF-EJ
LOI-L1,Omist,-0.30,CONDI (5),M 26B 0,AXDX-F;KR8-27;Y-MSJN
LQ-AHE,Omist,-0.10,CONDI (5),M 38B 0,R2TJ-1
LS-QLX,Omist,-0.09,CONDI (5),M 60B 0,9MWZ-B;CO-7BI;C-WPWH;S-XZHU
M9-FIB,Omist,-0.41,CONDI (5),M43B 0,3FKU-H;D2EZ-X;MJ-X5V
MJ-X5V,Omist,-0.38,CONDI (5),M 66B 0,M9-FIB;Y-MSJN
MMUF-8,Omist,-0.43,CONDI (5),M 34B 0,99-0GS;K-1OY3;NQH-MR
NQH-MR,Omist,-0.34,CONDI (5),M 32B 0,0DD-MH;99-0GS;MMUF-8
NZPK-G,Omist,-0.47,CONDI (5),M 38B 18,6T3I-L;K-1OY3
OKEO-X,Omist,-0.90,CONDI (5),M 5B 3,66-PMM;6-ELQP
PEM-LC,Omist,-0.38,CONDI (5),M 55B 0,6T3I-L;AXDX-F;J-4FNO
QSF-EJ,Omist,-0.61,CONDI (5),M 44B 13,1I6F-9;6T3I-L;AXDX-F;L-AS00
R2TJ-1,Omist,-0.10,CONDI (5),M 36B 0,73-JQO;LQ-AHE;VULA-I
RI-JB1,Omist,-0.26,CONDI (5),M 33B 0,X-3AUU
S-XZHU,Omist,-0.10,CONDI (5),M 81B 0,9MWZ-B;C-WPWH;LS-QLX
UEP0-A,Omist,-0.75,CONDI (5),M 26B 7,66-PMM;Z-7OK1
VULA-I,Omist,-0.11,CONDI (5),M 52B 0,G-B3PR;KR8-27;R2TJ-1;ZJG-7D
X-3AUU,Omist,-0.26,CONDI (5),M 57B 0,99-0GS;RI-JB1
X-EHHD,Omist,-0.31,CONDI (5),M 16B 0,AXDX-F
XPUM-L,Omist,-0.20,CONDI (5),M 62B 0,G-B3PR;KR8-27
Y-MSJN,Omist,-0.36,CONDI (5),M 45B 0,3FKU-H;LOI-L1;MJ-X5V
Z-7OK1,Omist,-0.72,CONDI (5),M 37B 2,1I6F-9;UEP0-A
ZJG-7D,Omist,-0.08,CONDI (5),M 36B 0,CO-7BI;VULA-I
0-4VQL,Outer Passage,-0.49,ASDFW (5),M 15B 0,FVQF-W;SN-DZ6
1-10QG,Outer Passage,-0.02,LUNAR (5),M 58B 0,6-GRN7;WIO-OL
24I-FE,Outer Passage,-0.72,ASDFW (4),M 51B 8,2-84WC;QOK-SX
2-84WC,Outer Passage,-0.89,ASDFW (4),M 54B 10,24I-FE
2EV-BA,Outer Passage,-0.25,C-D (1),M 81B 0,HLR-GL;W9-TFD
2ID-87,Outer Passage,-0.34,ASDFW (4),M 65B 0,8K-QCZ;FVQF-W;SK7-G6
2ULC-J,Outer Passage,-0.75,TURKS (5),M 48B 17,EZWQ-X;T0DT-T
2WU-XT,Outer Passage,-0.12,ASDFW (3),M 56B 0,9S-GPT;F-WCLC
3-QNM4,Outer Passage,-0.74,PRJ-0 (5),M 50B 9,MC4C-H
4AZV-W,Outer Passage,-0.85,Renzy (3),M 59B 16,7F-2FB;J-0KB3
4H-YJZ,Outer Passage,-0.76,ASDFW (3),M 29B 6,QOK-SX
4O-ZRI,Outer Passage,-0.75,SUETU (5),M 54B 8,NEU-UD;RQNF-9
6-GRN7,Outer Passage,-0.01,LUNAR(5),M 90B 0,1-10QG;TFPT-U
7F-2FB,Outer Passage,-0.92,Renzy (3),M 38B 11,4AZV-W
80G-H5,Outer Passage,-0.49,C-D (1),M 96B 0,HLR-GL;M1-PX9;QHH-13
8-AA98,Outer Passage,-0.37,PRJ-0 (5),M 34B 0,EZWQ-X;HZID-J;QG3-Z0;T0DT-T;VE-W7O
8K-QCZ,Outer Passage,-0.36,ASDFW (4),M 50B 0,2ID-87;JBUH-H;XDTW-F
8RL-OG,Outer Passage,-0.54,SUETU (3),M 55B 13,DJ-GBH;R3P0-Z
90-A1P,Outer Passage,-0.70,Renzy (3),M 55B 18,CNHV-M;GA58-7;UC-8XF
9S-GPT,Outer Passage,-0.25,C-D (0),M 56B 0,2WU-XT;PFV-ZH;UAJ5-K;XJ-AG7
9Z-XJN,Outer Passage,-0.26,PRJ-0 (5),M 70B 0,K4UV-G;Q7E-DU;QFRV-2
CNHV-M,Outer Passage,-0.70,SUETU (5),M 37B 12,90-A1P;NEU-UD;ZEZ1-9
DJ-GBH,Outer Passage,-0.63,ASDFW (4),M 57B 4,8RL-OG;QOK-SX;SN-DZ6
D-JVGJ,Outer Passage,-0.22,PLAY (3),M 72B 0,K4UV-G;TFPT-U;YQM-P1
EZWQ-X,Outer Passage,-0.66,PRJ-0 (5),M 41B 9,2ULC-J;8-AA98
FVQF-W,Outer Passage,-0.33,ASDFW (4),M 27B 0,0-4VQL;2ID-87
F-WCLC,Outer Passage,-0.08,SPM (3),M 50B 0,2WU-XT
GA58-7,Outer Passage,-0.70,Renzy (3),M 5B 7,90-A1P;J-0KB3;UC-8XF;ZJ-5IS
G-HE0N,Outer Passage,-0.23,C-D (1),M 27B 0,J7X-VN;JUE-DX;UAJ5-K;YC-ANK
HLR-GL,Outer Passage,-0.25,C-D (1),M 60B 0,2EV-BA;80G-H5;JUE-DX
HZID-J,Outer Passage,-0.23,PRJ-0 (5),M 17B 0,8-AA98;Q7E-DU
I0N-BM,Outer Passage,-0.75,ASDFW (4),M 46B 3,SN-DZ6
I-HRX3,Outer Passage,-0.17,C-D (1),M 42B 0,O-O2GN
J-0KB3,Outer Passage,-0.82,Renzy (3),M 29B 5,4AZV-W;GA58-7;UNV-3J
J4AQ-O,Outer Passage,-0.61,C-D (1),M 30B 11,M4U-EH;O-O2GN;QHH-13
J7X-VN,Outer Passage,-0.18,C-D (1),M 54B 0,G-HE0N;UAJ5-K
JBUH-H,Outer Passage,-0.48,ASDFW (4),M 51B 0,8K-QCZ;NHKO-4;XDTW-F
JUE-DX,Outer Passage,-0.35,C-D (1),M 39B 0,G-HE0N;HLR-GL;K-YL9T;UAJ5-K
JX-SOA,Outer Passage,-0.90,PRJ-0 (5),M 17B 9,KGCF-5;VH-9VO;XME-SW
K4UV-G,Outer Passage,-0.27,SUETU (5),M 11B 0,9Z-XJN;D-JVGJ;Q7E-DU;ZEZ1-9
KGCF-5,Outer Passage,-0.83,PRJ-0 (5),M 54B 16,JX-SOA;NHKO-4;XME-SW;Y-UO9U
L1YK-V,Outer Passage,-0.50,ASDFW (3),M 36B 0,R3P0-Z;SN-Q1T;The Spire;ZWM-BB
LTT-AP,Outer Passage,-0.09,FNT (5),M 47B 0,K85Y-6;YC-ANK
M1-PX9,Outer Passage,-0.34,C-D (1),M 41B 0,80G-H5;W9-TFD
M4U-EH,Outer Passage,-0.63,C-D (1),M 58B 10,J4AQ-O
MC4C-H,Outer Passage,-0.53,PRJ-0 (5),M 41B 9,3-QNM4;OW-QXW;UNV-3J
NEU-UD,Outer Passage,-0.68,SUETU (5),M 55B 9,4O-ZRI;CNHV-M;N-I024;Y-7XVJ
NHKO-4,Outer Passage,-0.76,PRJ-0 (5),M 58B 12,JBUH-H;KGCF-5;VH-9VO
N-I024,Outer Passage,-0.54,SUETU (5),M 8B 4,NEU-UD;Y-7XVJ
NQ-M6W,Outer Passage,-0.57,PRJ-0 (5),M 101B 19,P-8PDJ;UEPO-D;VE-W7O
O-O2GN,Outer Passage,-0.24,C-D (1),M 69B 0,I-HRX3;J4AQ-O;XUPK-Z
OW-QXW,Outer Passage,-0.40,PRJ-0 (5),M 60B 0,MC4C-H;UEPO-D
P-8PDJ,Outer Passage,-0.34,PRJ-0 (5),M 56B 0,NQ-M6W
P-T9VC,Outer Passage,-1.00,PRJ-0 (5),M 76B 9,T0DT-T;VH-9VO
Q7E-DU,Outer Passage,-0.26,PRJ-0 (5),M 77B 0,9Z-XJN;HZID-J;K4UV-G
QFRV-2,Outer Passage,-0.46,PRJ-0 (5),M 82B 0,9Z-XJN
QG3-Z0,Outer Passage,-0.33,PRJ-0 (5),M 41B 0,8-AA98;RT64-C
QHH-13,Outer Passage,-0.58,C-D (1),M 53B 5,80G-H5;J4AQ-O
QOK-SX,Outer Passage,-0.61,ASDFW (4),M 39B 16,24I-FE;4H-YJZ;DJ-GBH;V-SEE6
R3P0-Z,Outer Passage,-0.75,SUETU (3),M 5B 9,8RL-OG;L1YK-V;SN-Q1T;ZZK-VF
RQNF-9,Outer Passage,-0.77,SUETU (5),M 41B 13,4O-ZRI
RT64-C,Outer Passage,-0.23,FNT (5),M 29B 0,LJ-RJK;QG3-Z0
SN-DZ6,Outer Passage,-0.67,ASDFW (4),M 43B 17,0-4VQL;DJ-GBH;I0N-BM
SN-Q1T,Outer Passage,-0.74,SUETU (3),M 59B 20,L1YK-V;R3P0-Z;ZZK-VF
T0DT-T,Outer Passage,-0.85,PRJ-0 (5),M 71B 18,2ULC-J;8-AA98;P-T9VC
TFPT-U,Outer Passage,-0.01,PLAY (1),M 90B 0,6-GRN7;D-JVGJ
UAJ5-K,Outer Passage,-0.23,ASDFW (3),M 38B 0,9S-GPT;G-HE0N;J7X-VN;JUE-DX;XJ-AG7
UC-8XF,Outer Passage,-0.74,Renzy (3),M 50B 6,90-A1P;GA58-7
UEPO-D,Outer Passage,-0.39,PRJ-0 (5),M 62B 0,NQ-M6W;OW-QXW
U-FQ21,Outer Passage,-0.90,ASDFW (4),M 4B 5,V-SEE6
UNV-3J,Outer Passage,-0.71,Renzy (3),M 33B 6,J-0KB3;MC4C-H
VE-W7O,Outer Passage,-0.75,PRJ-0 (5),M 63B 21,8-AA98;NQ-M6W
VH-9VO,Outer Passage,-0.98,PRJ-0 (5),M 16B 2,JX-SOA;NHKO-4;P-T9VC
V-SEE6,Outer Passage,-0.70,ASDFW (4),M 78B 5,QOK-SX;U-FQ21
W9-TFD,Outer Passage,-0.14,C-D (1),M 62B 0,2EV-BA;M1-PX9;WK2F-Y
WIO-OL,Outer Passage,-0.14,LUNAR (5),M 37B 0,1-10QG;WK2F-Y
WK2F-Y,Outer Passage,-0.20,PLAY (1),M 22B 0,W9-TFD;WIO-OL;YQM-P1
XDTW-F,Outer Passage,-0.43,ASDFW (4),M 40B 0,8K-QCZ;JBUH-H
XJ-AG7,Outer Passage,-0.26,C-D (0),M 28B 0,9S-GPT;UAJ5-K
XME-SW,Outer Passage,-0.83,PRJ-0 (5),M 46B 5,JX-SOA;KGCF-5
XUPK-Z,Outer Passage,-0.18,FNT (5),M 10B 0,O-O2GN;PKN-NJ;XR-ZL7
Y-7XVJ,Outer Passage,-0.65,SUETU (5),M 68B 11,NEU-UD;N-I024
YC-ANK,Outer Passage,-0.16,ASDFW (3),M 43B 0,G-HE0N;LTT-AP
YQM-P1,Outer Passage,-0.17,LUNAR (5),M 47B 0,D-JVGJ;WK2F-Y
Y-UO9U,Outer Passage,-0.83,PRJ-0 (5),M 44B 6,KGCF-5
ZEZ1-9,Outer Passage,-0.41,SUETU (5),M 11B 0,CNHV-M;K4UV-G
ZJ-5IS,Outer Passage,-0.43,SUETU (3),M 17B 0,GA58-7;ZZK-VF
ZZK-VF,Outer Passage,-0.62,SUETU (3),M 36B 10,R3P0-Z;SN-Q1T;ZJ-5IS
0-9UHT,Outer Ring,-0.03,ORE,M 43B 12,0-WVQS;5WAE-M;J1H-R4
0D-CHA,Outer Ring,-0.79,ORE,M 17B 1,A2V6-6;YVA-F0
0-WVQS,Outer Ring,-0.07,ORE,M 6B 7,0-9UHT;5WAE-M
1L-BHT,Outer Ring,0.00,ORE,M 40B 9,D5IW-F;E9G-MT
2JJ-0E,Outer Ring,-0.65,ORE,M 40B 4,CT7-5V
33FN-P,Outer Ring,-0.33,ORE,M 58B 14,JKJ-VJ;MT-2VJ;NM-OEA
3HQC-6,Outer Ring,-0.04,ORE,M 50B 10,JKJ-VJ;OX-RGN;R-OCBA
4C-B7X,Outer Ring,-0.01,ORE,M 39B 5,BF-SDP;F-XWIN;LGUZ-1
5WAE-M,Outer Ring,-0.05,ORE,M 57B 11,0-9UHT;0-WVQS;BF-SDP;H-M1BY;M-NKZM
7-692B,Outer Ring,0.00,ORE,M 69B 15,DB-6W4;Fountain;XF-TQL
A2V6-6,Outer Ring,-0.85,ORE,M 39B 6,0D-CHA
A-5M31,Outer Ring,-0.15,ORE,M 9B 2,BOE7-P;O-RIDF
AN-G54,Outer Ring,-0.13,ORE,M 64B 9,CT7-5V;L3-XYO;T-Z6J2;ZXI-K2
B0C-LD,Outer Ring,-0.23,ORE,M 4B 4,NP6-38;W-Z3HW;ZXI-K2
BF-SDP,Outer Ring,-0.04,ORE,M 38B 7,4C-B7X;5WAE-M;L3-XYO
BMU-V1,Outer Ring,0.00,ORE,M 43B 17,W2F-ZH;ZXC8-1
BOE7-P,Outer Ring,-0.08,ORE,M 53B 15,A-5M31;E-GCX0
C0T-77,Outer Ring,-0.01,ORE,M 17B 3,3KNK-A;Outer Ring;P-NUWP;RL-KT0;TQ-RR8
CT7-5V,Outer Ring,-0.42,ORE,M 59B 7,2JJ-0E;AN-G54
D5IW-F,Outer Ring,0.00,ORE,M 37B 10,1L-BHT;F-XWIN
DB-6W4,Outer Ring,0.00,ORE,M 45B 8,7-692B;GA-2V7;R-OCBA
E9G-MT,Outer Ring,0.00,ORE,M 85B 27,1L-BHT;UO9-YG;VSIG-K
E-GCX0,Outer Ring,-0.06,ORE,M 4B 3,BOE7-P;VBFC-8;VJ0-81
F5FO-U,Outer Ring,0.00,ORE,M 37B 12,LGUZ-1
F-XWIN,Outer Ring,0.00,ORE,M 48B 9,4C-B7X;D5IW-F
G5-EN3,Outer Ring,-0.02,ORE,M 51B 21,G-YT55;IZ-AOB;NP6-38
GA-2V7,Outer Ring,0.00,ORE,M 42B 4,DB-6W4;R-OCBA
G-YT55,Outer Ring,-0.04,ORE,M 14B 4,G5-EN3;IZ-AOB;NP6-38
H-M1BY,Outer Ring,0.00,ORE,M 14B 3,5WAE-M
IZ-AOB,Outer Ring,-0.02,ORE,M 82B 24,5-MLDT;G5-EN3;G-YT55;NP6-38
J1H-R4,Outer Ring,0.00,ORE,M 66B 14,0-9UHT
J9SH-A,Outer Ring,-0.01,ORE,M 35B 16,JKJ-VJ;LGUZ-1
JKJ-VJ,Outer Ring,-0.16,ORE,M 40B 6,33FN-P;3HQC-6;J9SH-A;MT-2VJ;RTX0-S
L3-XYO,Outer Ring,-0.10,ORE,M 4B 3,AN-G54;BF-SDP;T-Z6J2
LBV-Q1,Outer Ring,0.00,ORE,M 54B 12,Z-40CG;ZXC8-1
LGUZ-1,Outer Ring,0.00,ORE,M 34B 6,4C-B7X;F5FO-U;J9SH-A
M-NKZM,Outer Ring,-0.05,ORE,M 14B 3,5WAE-M;W2F-ZH
MT-2VJ,Outer Ring,-0.10,ORE,M 14B 4,33FN-P;JKJ-VJ;RTX0-S
NM-OEA,Outer Ring,-0.40,ORE,M 42B 6,33FN-P
NP6-38,Outer Ring,-0.17,ORE,M23B6,B0C-LD;G5-EN3;G-YT55;IZ-AOB;W-Z3HW
O-RIDF,Outer Ring,-0.06,ORE,M 40B 9,A-5M31;Z-40CG
OX-RGN,Outer Ring,0.00,ORE,M 51B 3,3HQC-6
P-NUWP,Outer Ring,-0.02,ORE,M 60B 19,C0T-77;EF-F36;ZQP-QV
RL-KT0,Outer Ring,-0.01,ORE,M 24B 8,C0T-77;UO9-YG;ZJQH-S;ZQP-QV
R-OCBA,Outer Ring,0.00,ORE,M 28B 5,3HQC-6;DB-6W4;GA-2V7
RTX0-S,Outer Ring,-0.21,ORE,M 18B 3,JKJ-VJ;MT-2VJ
TQ-RR8,Outer Ring,-0.01,ORE,M 58B 21,0T-AMZ;C0T-77;ZQP-QV
T-Z6J2,Outer Ring,-0.15,ORE,M 38B 22,AN-G54;L3-XYO
UO9-YG,Outer Ring,-0.01,ORE,M 9B 5,E9G-MT;RL-KT0;ZJQH-S;ZQP-QV
VBFC-8,Outer Ring,-0.18,ORE,M 68B 15,E-GCX0;VJ0-81;YVA-F0
VJ0-81,Outer Ring,-0.03,ORE,M 29B 10,E-GCX0;VBFC-8
W2F-ZH,Outer Ring,-0.01,ORE,M 53B 18,BMU-V1;M-NKZM
W-Z3HW,Outer Ring,-0.03,ORE,M 36B 13,B0C-LD;NP6-38
YVA-F0,Outer Ring,-0.70,ORE,M 57B 29,0D-CHA;VBFC-8
Z-40CG,Outer Ring,-0.01,ORE,M 60B 16,LBV-Q1;O-RIDF
ZJQH-S,Outer Ring,-0.01,ORE,M 55B 3,RL-KT0;UO9-YG;ZQP-QV
ZQP-QV,Outer Ring,-0.01,ORE,M 40B 8,P-NUWP;RL-KT0;TQ-RR8;UO9-YG;ZJQH-S
ZXC8-1,Outer Ring,0.00,ORE,M 89B 16,BMU-V1;LBV-Q1
ZXI-K2,Outer Ring,-0.08,ORE,M 48B 18,AN-G54;B0C-LD
0-MX34,Paragon Soul,-0.09,D.C (5),M 26B 2,4Y-OBL;5AQ-5H;T-ZFID
0SUF-3,Paragon Soul,-0.29,D.C (5),M 46B 5,G-M4GK;GQ2S-8;O1Q-P1
0ZN7-G,Paragon Soul,-0.05,D.C (5),M 43B 22,H8-ZTO;T-ZFID
1DDR-X,Paragon Soul,-0.18,D.C (5),M 86B 22,AA-GWF;HHJD-5;ZWV-GD
2I-520,Paragon Soul,-0.15,D.C (5),M 67B 30,GQ2S-8;O-97ZG
33-JRO,Paragon Soul,-0.20,D.C (5),M 14B 2,4Y-OBL;5-CSE3;9T-APQ;ARBX-9;JI-K5H
3PPT-9,Paragon Soul,-0.02,D.C (5),M 29B 13,8Q-UYU;S-KU8B;UAAU-C
4Y-OBL,Paragon Soul,-0.26,D.C (5),M72B14,0-MX34;33-JRO;5AQ-5H
5AQ-5H,Paragon Soul,-0.19,D.C (5),M 74B 19,0-MX34;4Y-OBL
5-CSE3,Paragon Soul,-0.20,D.C (5),M 89B 8,33-JRO
8Q-UYU,Paragon Soul,-0.02,D.C (5),M44B 6,3PPT-9;LUL-WX;UAAU-C;YV-FDG
9T-APQ,Paragon Soul,-0.12,D.C (5),M 60B 16,33-JRO;ARBX-9;O-MCZR
AA-GWF,Paragon Soul,-0.24,D.C (5),M 31B 8,1DDR-X;HHJD-5;LG-WA9;ZWV-GD
ARBX-9,Paragon Soul,-0.18,D.C (5),M 26B 6,33-JRO;9T-APQ;JI-K5H
G1D0-G,Paragon Soul,-0.06,D.C (5),M 53B 9,GQ2S-8
G-M4GK,Paragon Soul,-1.00,D.C (5),M 32B 13,0SUF-3;Period Basis;TCAG-3
GQ2S-8,Paragon Soul,-0.26,D.C (5),M 64B 19,0SUF-3;2I-520;G1D0-G;KU3-BB
H8-ZTO,Paragon Soul,-0.13,D.C (5),M 49B 18,0ZN7-G;HHJD-5;YV-FDG
HHJD-5,Paragon Soul,-0.26,D.C (5),M 56B 12,1DDR-X;AA-GWF;H8-ZTO;ZWV-GD
JI-K5H,Paragon Soul,-0.04,D.C (5),M 13B 11,33-JRO;ARBX-9;O-MCZR;SN9S-N
JK-GLL,Paragon Soul,-0.07,D.C (5),M 61B 13,LD-2VL;S-KU8B
KU3-BB,Paragon Soul,-0.21,D.C (5),M 50B 4,GQ2S-8
LD-2VL,Paragon Soul,-0.20,D.C (5),M 61B 17,JK-GLL;ZBY-0I
LG-WA9,Paragon Soul,-0.15,D.C (5),M 46B 15,AA-GWF;O4T-Z5;ZWV-GD
LUL-WX,Paragon Soul,-0.03,D.C (5),M 71B 10,8Q-UYU;YV-FDG
LX5K-W,Paragon Soul,-0.67,D.C (5),M 80B 16,O-N589;ZDYA-G
MP5-KR,Paragon Soul,-0.60,D.C (5),M 53B 13,O-N589;ZBY-0I
O1Q-P1,Paragon Soul,-0.46,D.C (5),M 52B 10,0SUF-3
O4T-Z5,Paragon Soul,-0.06,D.C (5),M 87B 38,LG-WA9;O-97ZG;R-ARKN
O-97ZG,Paragon Soul,-0.06,D.C (5),M 35B 4,2I-520;O4T-Z5
O-MCZR,Paragon Soul,-0.08,D.C (5),M 43B 10,9T-APQ;JI-K5H;KSM-1T
O-N589,Paragon Soul,-0.93,D.C (5),M 67B 17,LX5K-W;MP5-KR;ZDYA-G
S-KU8B,Paragon Soul,-0.03,D.C (5),M 4B 2,3PPT-9;JK-GLL
Stain,Paragon Soul,-0.04,,,Saminer;VYJ-DA
T-ZFID,Paragon Soul,-0.07,D.C (5),M 5B 3,0-MX34;0ZN7-G
UAAU-C,Paragon Soul,-0.01,D.C (5),M 63B 16,3PPT-9;8Q-UYU;YV-FDG
YV-FDG,Paragon Soul,-0.14,D.C (5),M 32B 11,8Q-UYU;H8-ZTO;LUL-WX;UAAU-C
ZBY-0I,Paragon Soul,-0.44,D.C (5),M 88B 13,LD-2VL;MP5-KR
ZDYA-G,Paragon Soul,-1.00,D.C (5),M 4B 1,LX5K-W;O-N589
ZWV-GD,Paragon Soul,-0.34,D.C (5),M 48B 14,1DDR-X;AA-GWF;HHJD-5;LG-WA9
08S-39,Period Basis,-0.85,D.C (5),M 49B 6,0A-KZ0
0A-KZ0,Period Basis,-0.66,D.C (5),M 38B 10,08S-39;E-DOF2;UR-E46
0-NTIS,Period Basis,-0.03,D.C (5),M 26B 3,35-JWD;I6M-9U;XZ-SKZ
0OTX-J,Period Basis,-0.42,D.C (5),M 50B 4,3OP-3E;48I1-X;E-DOF2
1E-W5I,Period Basis,-0.37,D.C (5),M 29B 7,RYQC-I
1-NJLK,Period Basis,-0.30,D.C (5),M 91B 25,8KR9-5;G-C8QO;VR-YIQ;Y-CWQY
35-JWD,Period Basis,-0.02,D.C (5),M 0B 2,0-NTIS;F-M1FU;L-YMYU;XZ-SKZ
3OP-3E,Period Basis,-0.30,D.C (5),M 20B 5,0OTX-J;JZL-VB;RJ3H-0
48I1-X,Period Basis,-0.56,D.C (5),M 25B 4,0OTX-J;E-DOF2;JZL-VB
8KR9-5,Period Basis,-0.23,D.C (5),M 33B 8,1-NJLK;VQE-CN;Y-CWQY
CW9-1Y,Period Basis,-0.16,D.C (5),M 20B 2,VYO-68;ZU-MS3
E2-RDQ,Period Basis,-0.92,D.C (5),M 77B 26,OY0-2T
E-DOF2,Period Basis,-0.48,D.C (5),M 84B 21,0A-KZ0;0OTX-J;48I1-X
EIMJ-M,Period Basis,-0.92,D.C (5),M 45B 9,Y-CWQY
F-M1FU,Period Basis,-0.32,D.C (5),M 43B 22,35-JWD;VR-YIQ
G-C8QO,Period Basis,-0.22,D.C (5),M 8B 2,1-NJLK
G-Q5JU,Period Basis,-0.73,D.C (5),M 12B 5,PA-VE3;Z-M5A1
GR-J8B,Period Basis,-0.37,D.C (5),M 84B 19,HIX4-H
HIX4-H,Period Basis,-0.37,D.C (5),M 13B 8,GR-J8B;OY0-2T;TN25-J;ZU-MS3
I6M-9U,Period Basis,-0.04,D.C (5),M 50B 4,0-NTIS;MG0-RD;VR-YIQ
JZL-VB,Period Basis,-0.08,D.C (5),M 24B 8,3OP-3E;48I1-X
L5D-ZL,Period Basis,-0.92,D.C (5),M 10B 3,Y-CWQY
L-YMYU,Period Basis,-0.09,D.C (5),M 12B 5,1-2J4P;35-JWD
MG0-RD,Period Basis,-0.07,D.C (5),M 68B 6,I6M-9U;TPAR-G;VYO-68
MVUO-F,Period Basis,-1.00,D.C (5),M 26B 6,Z-M5A1
OY0-2T,Period Basis,-0.55,D.C (5),M 12B 1,E2-RDQ;HIX4-H
PA-VE3,Period Basis,-0.45,D.C (5),M 43B 6,G-Q5JU;RJ3H-0;RYQC-I
RJ3H-0,Period Basis,-0.53,D.C (5),M 89B 22,3OP-3E;PA-VE3
RYQC-I,Period Basis,-0.37,D.C (5),M 45B 2,1E-W5I;PA-VE3
TCAG-3,Period Basis,-0.37,D.C (5),M 38B 13,G-M4GK;TPAR-G;UR-E46;VYO-68
TN25-J,Period Basis,-0.95,D.C (5),M 50B 15,Delve;HIX4-H;LWX-93
TPAR-G,Period Basis,-0.14,D.C (5),M 82B 20,MG0-RD;TCAG-3
UR-E46,Period Basis,-0.54,D.C (5),M 20B 8,0A-KZ0;TCAG-3
VQE-CN,Period Basis,-0.56,D.C (5),M 82B 10,8KR9-5;Y-CWQY
VR-YIQ,Period Basis,-0.07,D.C (5),M 30B 6,1-NJLK;F-M1FU;I6M-9U
VYO-68,Period Basis,-0.19,D.C (5),M 50B 11,CW9-1Y;MG0-RD;TCAG-3
XZ-SKZ,Period Basis,-0.04,D.C (5),M 52B 7,0-NTIS;35-JWD;CJF-1P
Y-CWQY,Period Basis,-0.76,D.C (5),M 13B 4,1-NJLK;8KR9-5;EIMJ-M;L5D-ZL;VQE-CN
Z-M5A1,Period Basis,-0.92,D.C (5),M 61B 18,G-Q5JU;MVUO-F
ZU-MS3,Period Basis,-0.26,D.C (5),M34B 9,CW9-1Y;HIX4-H
01B-88,Perrigen Falls,-0.74,B0SS (5),M 26B 5,0-U2M4;5-U12M;F18-AY
0FG-KS,Perrigen Falls,-0.20,STKN (5),M 60B 0,F-5WYK;FLK-LJ;RZ3O-K
0-U2M4,Perrigen Falls,-0.90,B0SS (5),M 65B 8,01B-88;RZ8A-P
0XN-SK,Perrigen Falls,-0.58,CP. (3),M 66B 6,4F9Y-3;5V-Q1R;M4-KX5;RZ3O-K
1A8-6G,Perrigen Falls,-0.27,B0SS (3),M 15B 0,2V-ZHM;H-FOYG;PE-SAM;RY-2FX
2AUL-X,Perrigen Falls,-0.35,STKN (5),M 22B 3,9IZ-HU;OBV-YC;PA-ALN
2V-ZHM,Perrigen Falls,-0.35,CP. (3),M 77B 10,1A8-6G;AK-L0Z;H-FOYG;V-3K7C;XU7-CH
2-YO2K,Perrigen Falls,-0.18,B0SS (3),M 36B 0,AK-L0Z;M-SG47;QHY-RU;SR-10Z;TAL1-3
3LL-O0,Perrigen Falls,-0.52,B0SS (4),M 78B 13,4F6-VZ;A1F-22;JM0A-4
4-1ECP,Perrigen Falls,-0.47,B0SS (5),M 13B 3,5-U12M;7AH-SF;9-EXU9;UYOC-1
49V-E4,Perrigen Falls,-0.19,B0SS (4),M 56B 0,B-7LYC
4F6-VZ,Perrigen Falls,-0.48,B0SS (4),M 35B 8,3LL-O0;J9A-BH;JM0A-4;L-POLO
4F9Y-3,Perrigen Falls,-0.59,B0SS (3),M 15B 6,0XN-SK;5V-Q1R;RZ3O-K;U-3FKL
4-M1TY,Perrigen Falls,-0.81,CP. (3),M 6B 6,K-3PQW
5T-A3D,Perrigen Falls,-0.20,B0SS (5),M 32B 0,5ZU-VG;LW-YEW;MTGF-2
5-U12M,Perrigen Falls,-0.68,B0SS (5),M 61B 16,01B-88;4-1ECP;7AH-SF;7MMJ-3;PVF-N9
5V-Q1R,Perrigen Falls,-0.68,CP. (3),M 58B 19,0XN-SK;4F9Y-3;C6CG-W;M4-KX5;MS-RXH
5ZU-VG,Perrigen Falls,-0.20,B0SS (5),M 47B 0,5T-A3D;6-1T6Z;H-29TM;OP7-BP
6-1T6Z,Perrigen Falls,-0.52,B0SS (5),M 43B 27,5ZU-VG;7AH-SF;HB-KSF
6-8QLA,Perrigen Falls,-0.52,B0SS (4),M 59B 14,EH2I-P;LW-YEW
6Q4-X6,Perrigen Falls,-0.08,B0SS (5),M 7B 0,B9N2-2;U4-V3J
7AH-SF,Perrigen Falls,-0.53,B0SS (5),M 14B 2,4-1ECP;5-U12M;6-1T6Z;7MMJ-3;9-EXU9;UYOC-1
7JRA-G,Perrigen Falls,-0.73,CP. (3),M 50B 9,SY-OLX;W-CSFY
7M4-4C,Perrigen Falls,-0.47,CP. (3),M 56B 4,JZ-UQC;M5NO-B
7MMJ-3,Perrigen Falls,-0.58,B0SS (5),M 61B 5,5-U12M;7AH-SF;9-EXU9;PVF-N9
8B-A4E,Perrigen Falls,-0.46,B0SS (4),M 23B 6,L-POLO
972C-1,Perrigen Falls,-0.37,CP. (3),M 88B 15,BEG-RL;U-W436
9-EXU9,Perrigen Falls,-0.34,B0SS (5),M 43B 6,4-1ECP;7AH-SF;7MMJ-3;PVF-N9
9IZ-HU,Perrigen Falls,-0.38,STKN (5),M 7B 6,2AUL-X;9-ZA4Z;F-A3TR;F-HQWV;OBV-YC
9WVY-F,Perrigen Falls,-0.78,CP. (3),M 19B 4,JZ-UQC
9-ZA4Z,Perrigen Falls,-0.41,CP. (2),M 55B 6,9IZ-HU;IU-E9T;NGM-OK;U-3FKL
A1F-22,Perrigen Falls,-0.78,B0SS (4),M 19B 4,3LL-O0;JM0A-4
A9-F18,Perrigen Falls,-0.18,CP. (3),M 37B 0,H-FOYG;H-HGGJ
AK-L0Z,Perrigen Falls,-0.20,B0SS (3),M 27B 0,2V-ZHM;2-YO2K;H-FOYG
AY9X-Q,Perrigen Falls,-0.17,CP. (3),M 63B 0,Malpais;O8W-5O;R-AG7W;XU7-CH
B-7LYC,Perrigen Falls,-0.21,B0SS (4),M 18B 0,49V-E4;J9A-BH;OP7-BP;PT-2KR
B9N2-2,Perrigen Falls,-0.06,B0SS (5),M 27B 0,6Q4-X6;D-QJR9
B-B0ME,Perrigen Falls,-0.52,CP. (3),M 55B 10,H-HGGJ;QCGG-Q;TDP-T3
BEG-RL,Perrigen Falls,-0.60,CP. (3),M 53B 22,972C-1;Z-DRIY;Z-ENUD
C3I-D5,Perrigen Falls,-0.98,B0SS (5),M62B 13,RZ8A-P;Y-0HVF
C6CG-W,Perrigen Falls,-0.62,CP. (3),M 39B 3,5V-Q1R;K-3PQW;PE-SAM
DE-IHK,Perrigen Falls,-0.51,CP. (3),M 40B 7,LW-YEW;OJT-J3
D-QJR9,Perrigen Falls,-0.07,B0SS (5),M 42B 0,B9N2-2;H-29TM;KOI8-Z
EF-QZK,Perrigen Falls,-0.65,STKN (2),M 61B 7,F-5WYK
EH2I-P,Perrigen Falls,-0.41,B0SS (5),M 9B 3,6-8QLA;LW-YEW;OP7-BP;R-AYGT
E-WMT7,Perrigen Falls,-0.14,STKN (2),M 67B 0,EU-WFW;F-5WYK;FLK-LJ
F18-AY,Perrigen Falls,-0.82,B0SS (5),M 32B 4,01B-88;RZ8A-P
F-5WYK,Perrigen Falls,-0.47,STKN (5),M 45B 12,0FG-KS;EF-QZK;E-WMT7;OTJ9-E
F-A3TR,Perrigen Falls,-0.48,STKN (5),M 49B 7,9IZ-HU;F-HQWV;OBV-YC
F-HQWV,Perrigen Falls,-0.54,STKN (5),M 15B 2,9IZ-HU;F-A3TR;OBV-YC
FLK-LJ,Perrigen Falls,-0.18,STKN (2),M 16B 0,0FG-KS;E-WMT7
G-GRSZ,Perrigen Falls,-0.59,B0SS (5),M 16B 2,R-AYGT
H-29TM,Perrigen Falls,-0.12,B0SS (5),M 62B 0,5ZU-VG;D-QJR9;KOI8-Z;U4-V3J
HB-KSF,Perrigen Falls,-0.44,B0SS (5),M 58B 8,6-1T6Z;LW-YEW
H-FOYG,Perrigen Falls,-0.19,CP. (3),M 88B 0,1A8-6G;2V-ZHM;A9-F18;AK-L0Z
H-HGGJ,Perrigen Falls,-0.20,CP. (3),M 9B 0,A9-F18;B-B0ME;XU7-CH
IU-E9T,Perrigen Falls,-0.43,CP. (3),M 49B 2,9-ZA4Z;NGM-OK;O-QKSM
J9A-BH,Perrigen Falls,-0.28,B0SS (5),M 43B 11,4F6-VZ;B-7LYC;DYS-CG;PT-2KR
JM0A-4,Perrigen Falls,-0.58,B0SS (4),M 56B 2,3LL-O0;4F6-VZ;A1F-22
JPEZ-R,Perrigen Falls,-0.28,CP. (3),M 10B 0,M5NO-B
JZ-UQC,Perrigen Falls,-0.69,CP. (3),M 52B 10,7M4-4C;9WVY-F;U-W436
K-3PQW,Perrigen Falls,-0.63,CP. (3),M 64B 27,4-M1TY;C6CG-W;PE-SAM;RY-2FX
KOI8-Z,Perrigen Falls,-0.10,B0SS (5),M 50B 0,D-QJR9;H-29TM
L5Y4-M,Perrigen Falls,-0.17,CP. (3),M 46B 0,PFV-ZH
L-POLO,Perrigen Falls,-0.41,B0SS (5),M 69B 9,4F6-VZ;8B-A4E
LW-YEW,Perrigen Falls,-0.49,B0SS (5),M 51B 6,5T-A3D;6-8QLA;DE-IHK;EH2I-P;HB-KSF
M4-KX5,Perrigen Falls,-0.59,CP. (3),M 34B 8,0XN-SK;5V-Q1R
M5NO-B,Perrigen Falls,-0.32,CP. (3),M 66B 8,7M4-4C;JPEZ-R;Z-ENUD
MJ-5F9,Perrigen Falls,-0.62,CP. (3),M 6B 4,TDP-T3;Z-ENUD
M-SG47,Perrigen Falls,-0.19,B0SS (3),M 24B 0,2-YO2K;SR-10Z;TAL1-3;W-KXEX
MS-RXH,Perrigen Falls,-0.63,CP. (3),M 52B 15,5V-Q1R;U-3FKL
MTO2-2,Perrigen Falls,-1.00,B0SS (5),M 7B 0,HD-JVQ;RZ8A-P
NGM-OK,Perrigen Falls,-0.42,CP. (2),M 8B 2,9-ZA4Z;IU-E9T;O-QKSM
OBV-YC,Perrigen Falls,-0.33,STKN (5),M 55B 8,2AUL-X;9IZ-HU;F-A3TR;F-HQWV
OJT-J3,Perrigen Falls,-0.35,CP. (3),M 64B 14,DE-IHK;TDP-T3
OP7-BP,Perrigen Falls,-0.30,B0SS (5),M 31B 5,5ZU-VG;B-7LYC;EH2I-P
O-QKSM,Perrigen Falls,-0.41,CP. (3),M 53B 15,IU-E9T;NGM-OK;QKQ3-L
PA-ALN,Perrigen Falls,-0.47,STKN (5),M 44B 9,2AUL-X;EU-WFW;L-EUY2
Perrigen Falls,Perrigen Falls,-0.20,,,MTGF-2
PE-SAM,Perrigen Falls,-0.35,CP. (3),M 61B 10,1A8-6G;C6CG-W;K-3PQW
PFV-ZH,Perrigen Falls,-0.31,CP. (3),M 38B 9,9S-GPT;L5Y4-M;W-CSFY
PT-2KR,Perrigen Falls,-0.23,B0SS (4),M 62B 0,B-7LYC;J9A-BH
PVF-N9,Perrigen Falls,-0.62,B0SS (5),M 44B 9,5-U12M;7MMJ-3;9-EXU9;QZ1-OH
QHY-RU,Perrigen Falls,-0.16,B0SS (3),M 16B 0,2-YO2K;SR-10Z;TAL1-3
QKQ3-L,Perrigen Falls,-0.64,CP. (2),M 53B 15,O-QKSM;VWES-Y
R-AG7W,Perrigen Falls,-0.28,CP. (3),M 36B 0,AY9X-Q;IF-KD1;XU7-CH
R-AYGT,Perrigen Falls,-0.57,B0SS (5),M 16B 1,EH2I-P;G-GRSZ
RY-2FX,Perrigen Falls,-0.36,CP. (3),M 54B 7,1A8-6G;K-3PQW
RZ3O-K,Perrigen Falls,-0.43,CP. (3),M 32B 8,0FG-KS;0XN-SK;4F9Y-3
RZ8A-P,Perrigen Falls,-0.96,B0SS (5),M68B15,0-U2M4;C3I-D5;F18-AY;MTO2-2
SR-10Z,Perrigen Falls,-0.17,B0SS (3),M 58B 0,2-YO2K;M-SG47;QHY-RU
SY-OLX,Perrigen Falls,-0.62,CP. (3),M 44B 6,7JRA-G;U-3FKL;W-CSFY;XY-ZCI
TAL1-3,Perrigen Falls,-0.17,B0SS (3),M 86B 0,2-YO2K;M-SG47;QHY-RU
TDP-T3,Perrigen Falls,-0.48,CP. (3),M 35B 5,B-B0ME;MJ-5F9;OJT-J3
U-3FKL,Perrigen Falls,-0.45,CP. (3),M 33B 5,4F9Y-3;9-ZA4Z;MS-RXH;SY-OLX
U4-V3J,Perrigen Falls,-0.13,B0SS (5),M 65B 0,6Q4-X6;H-29TM
U-W436,Perrigen Falls,-0.55,CP. (3),M 57B 23,972C-1;JZ-UQC;Z-ENUD
UYOC-1,Perrigen Falls,-0.50,B0SS (5),M 55B 6,4-1ECP;7AH-SF
V-3K7C,Perrigen Falls,-0.44,CP. (3),M 24B 6,2V-ZHM
VWES-Y,Perrigen Falls,-1.00,CP. (3),M 33B 8,QKQ3-L
W-CSFY,Perrigen Falls,-0.62,CP. (3),M 2B 6,7JRA-G;PFV-ZH;SY-OLX
W-KXEX,Perrigen Falls,-0.33,B0SS (3),M 2B 2,M-SG47
XU7-CH,Perrigen Falls,-0.35,CP. (3),M 70B 12,2V-ZHM;AY9X-Q;H-HGGJ;R-AG7W
XY-ZCI,Perrigen Falls,-0.83,CP. (3),M 35B 7,QE2-FS;SY-OLX
Z-ENUD,Perrigen Falls,-0.50,CP. (3),M 45B 7,BEG-RL;M5NO-B;MJ-5F9;U-W436
Adacyne,Placid,0.5,Gallente,M 77B 24,Chardalane;Maut;Osmeden
Agoze,Placid,0.2,Caldari,M 42B 13,Annancale;Intaki;Loes;Ostingele;Vey
Alamel,Placid,0.2,Caldari,M 47B 25,Arderonne;Mantenault;Odamia
Aldranette,Placid,0.4,Gallente,M 13B 4,Evaulon;Nennamaila;Vlillirier
Algasienan,Placid,0.7,Gallente,M 38B 17,Archavoinet;Osmallanais;Vivanier
Alparena,Placid,0.1,Gallente,M 54B 7,Maut;Reschard
Alperaute,Placid,0.2,Gallente,M 24B 11,Aunsou;Ostingele
Alsavoinon,Placid,0.3,Caldari,M 11B 2,F7C-H0;Vlillirier;Zarzakh
Amasiree,Placid,0.4,Gallente,M 48B 7,Amoen;Aubonnie
Amoen,Placid,0.3,Gallente,M 54B 15,Amasiree;Ruerrotta;Slays
Anchauttes,Placid,0.3,Gallente,M 56B 4,Esesier;Evaulon;Odamia
Annancale,Placid,0.1,Caldari,M 66B 5,Agoze;Brarel
Archavoinet,Placid,0.6,Gallente,M 44B 13,Algasienan;Aubenall;Eugales
Arderonne,Placid,0.2,Caldari,M 45B 5,Alamel;Odamia;Reschard
Athounon,Placid,0.1,Caldari,M 47B 10,Mercomesier;Samanuni
Aubenall,Placid,0.4,Gallente,M 44B 8,Archavoinet;Eugales;Oulley;Renarelle
Aubonnie,Placid,0.4,Gallente,M 10B 6,Amasiree;Hedoubel
Aulbres,Placid,0.1,Gallente,M 103B 27,Barleguet;Gare
Aunsou,Placid,0.2,Gallente,M 10B 1,Alperaute;Cumemare;Gare;Reynire
Ausmaert,Placid,0.1,Gallente,M 31B 7,Barleguet;Kenninck
Avaux,Placid,0.4,Gallente,M 70B 22,Aidart;Gallusiene
Barleguet,Placid,0.1,Gallente,M 39B 17,Aulbres;Ausmaert;Vestouve
Brarel,Placid,0.1,Caldari,M 40B 10,Annancale;Intaki
Brellystier,Placid,0.5,Gallente,M 75B 12,Grispire;Vivanier
Chardalane,Placid,0.4,Gallente,M 6B 2,Adacyne
Covryn,Placid,0.4,Gallente,M 28B 6,Cumemare;Iges;Stacmon
Cumemare,Placid,0.1,Gallente,M 22B 5,Aunsou;Covryn
Dastryns,Placid,0.3,Caldari,M 30B 8,Iges;Ostingele;Stacmon;Uphallant
Dour,Placid,0.4,Gallente,M 50B 8,Pelille;Vivanier
Esesier,Placid,0.3,Gallente,M 33B 8,Anchauttes
Espigoure,Placid,0.0,Gallente,M 21B 6,Vestouve
Eugales,Placid,0.4,Gallente,M 21B 7,Archavoinet;Aubenall;Frarie;Moclinamaud
Evaulon,Placid,0.4,Gallente,M 7B 4,Aldranette;Anchauttes
Frarie,Placid,0.4,Gallente,M 30B 10,Eugales;Moclinamaud;Vey
Gallusiene,Placid,0.3,Gallente,M 70B 17,Avaux;Ruerrotta
Gare,Placid,0.1,Gallente,M 52B 15,Aulbres;Aunsou
Grispire,Placid,0.2,Gallente,M 49B 6,Brellystier;Pelille
Harroule,Placid,0.1,Caldari,M 54B 6,MHC-R3;Ostingele
Hedoubel,Placid,0.3,Gallente,M 8B 2,Aubonnie;Ruerrotta
Iffrue,Placid,0.7,Gallente,M 36B 12,Ivorider;Mollin;Ommaerrer;Osmallanais;Vilinnon
Iges,Placid,0.3,Caldari,M27B13,Covryn;Dastryns;Slays;Uphallant
Intaki,Placid,0.6,Caldari,M 43B 7,Agoze;Amygnon;Brarel;Vey
Ivorider,Placid,0.7,Gallente,M 68B 9,Iffrue;Mollin;Osmallanais
Kenninck,Placid,0.1,Gallente,M 39B 7,Ausmaert;Eggheron
Mantenault,Placid,0.1,Caldari,M 63B 16,Alamel;RQH-MY
Maut,Placid,0.2,Gallente,M 42B 10,Adacyne;Alparena;Osmeden
Mercomesier,Placid,0.1,Caldari,M 49B 22,Athounon;Reschard
Moclinamaud,Placid,0.4,Gallente,M 47B 6,Eugales;Frarie;Renarelle
Mollin,Placid,0.7,Gallente,M 16B 6,Iffrue;Ivorider
Odamia,Placid,0.2,Gallente,M 11B 6,Alamel;Anchauttes;Arderonne
Oicx,Placid,0.3,Caldari,M 42B 9,Eha;Vlillirier
Ommaerrer,Placid,0.6,Gallente,M 68B 16,Iffrue
Orvolle,Placid,0.7,Gallente,M 11B 2,Mesybier;Osmeden;Oulley;PF-346
Osmallanais,Placid,0.8,Gallente,M 52B 7,Algasienan;Iffrue;Ivorider
Osmeden,Placid,0.7,Gallente,M 71B 9,Adacyne;Maut;Orvolle
Ostingele,Placid,0.2,Caldari,M 16B 1,Agoze;Alperaute;Dastryns;Harroule;Pelille;Stacmon
Oulley,Placid,0.3,Gallente,M 6B 5,Aubenall;Orvolle
Pain,Placid,0.1,Gallente,M 18B 6,Reynire
Pelille,Placid,0.2,Gallente,M 62B 13,Dour;Grispire;Ostingele
Renarelle,Placid,0.3,Caldari,M 30B 7,Aubenall;Moclinamaud;Vlillirier
Reschard,Placid,0.1,Caldari,M 63B 18,Alparena;Arderonne;Mercomesier
Reynire,Placid,0.2,Gallente,M 10B 7,Aunsou;Pain
Ruerrotta,Placid,0.3,Gallente,M 29B 0,Amoen;Gallusiene;Hedoubel
Slays,Placid,0.5,Gallente,M 32B 7,Amoen;Iges;Stacmon
Stacmon,Placid,0.6,Gallente,M 68B 10,Aidart;Covryn;Dastryns;Ostingele;Slays
Uphallant,Placid,0.2,Gallente,M 31B 5,Dastryns;Iges
Vestouve,Placid,0.0,Gallente,M 40B 9,Barleguet;Espigoure;Syndicate;TXW-EI
Vey,Placid,0.2,Caldari,M 68B 12,Agoze;Frarie;Intaki
Vilinnon,Placid,0.6,Gallente,M 10B 7,Iffrue
Vivanier,Placid,0.5,Gallente,M 56B 12,Algasienan;Brellystier;Dour
Vlillirier,Placid,0.3,Caldari,M 43B 9,Aldranette;Alsavoinon;Oicx;Renarelle
08Z-JJ,Providence,-0.18,BCHLD (5),M 36B 0,6-OQJV;S9X-AX;X-4WZD
0B-HLZ,Providence,-0.11,OUT (5),M 49B 0,3D-CQU;3KB-J0;I-MGAB
1-1I53,Providence,-0.07,DIPLO (5),M 30B 0,18-GZM;N8XA-L;ZT-LPU
18-GZM,Providence,-0.10,DIPLO (5),M 85B 0,1-1I53
18XA-C,Providence,-0.14,OUT (5),M 42B 0,I-MGAB;Z-RFE3
2-TEGJ,Providence,-0.17,DIPLO (5),M 43B 0,AY-24I;K1I1-J;MH9C-S;MVCJ-E
2V-CS5,Providence,-0.07,BCHLD (5),M 12B 0,AY-YCU;H9-J8N
3D-CQU,Providence,-0.10,OUT (5),M 36B 0,0B-HLZ;3KB-J0;F-YH5B
3GXF-U,Providence,-0.08,OUT (5),M 60B 0,49GC-R;8P9-BM;VKI-T7
3KB-J0,Providence,-0.12,OUT (5),M 45B 0,0B-HLZ;3D-CQU;IS-R7P;Z-RFE3
49GC-R,Providence,-0.08,CVA (5),M 40B 0,3GXF-U;9UY4-H
4B-NQN,Providence,-0.10,CVA (5),M 47B 0,9-F0B2;9UY4-H;YWS0-Z
5IO8-U,Providence,-0.05,CVA (5),M 53B 0,DP-JD4;FC-3YI;QR-K85;U-HYMT
5KG-PY,Providence,-0.32,SFPAS (5),M 65B 0,F-DTOO
6-OQJV,Providence,-0.15,BCHLD (5),M 49B 0,08Z-JJ;S9X-AX;X-4WZD
7YWV-S,Providence,-0.08,BCHLD (5),M 67B 0,GA9P-0;HP-6Z6
8B-VLX,Providence,-0.05,DIPLO (5),M 17B 0,G-B22J;X6AB-Y;X-R3NM
8P9-BM,Providence,-0.10,OUT (5),M 85B 0,3GXF-U;F-YH5B
9-F0B2,Providence,-0.17,CVA (5),M 43B 0,4B-NQN;G-5EN2;YWS0-Z
9UY4-H,Providence,-0.08,CVA (5),M 55B 0,49GC-R;4B-NQN;H6-CX8;U-HYMT;ZQ-Z3Y
AY-24I,Providence,-0.17,DIPLO (5),M 20B 0,2-TEGJ;K1I1-J;X6AB-Y
AY-YCU,Providence,-0.08,BCHLD (5),M 20B 0,2V-CS5;TU-RI6;ZT-LPU
BK4-YC,Providence,-0.11,DIPLO (5),M 36B 0,MVCJ-E
B-WPLZ,Providence,-0.20,CVA (5),M 48B 0,E-YCML;KBP7-G;TU-O0T;Y9-MDG
C1-HAB,Providence,-0.06,BCHLD (5),M 37B 0,GA9P-0;H9-J8N;HP-6Z6
D61A-G,Providence,-0.09,RED (5),M 39B 0,H6-CX8;Y-MPWL
D-6WS1,Providence,-0.11,RED (5),M 12B 0,Shintaht;SI-I89
D-GTMI,Providence,-0.32,DIPLO (4),M 44B 0,F9E-KX;FSW-3C;T-RPFU
DNR-7M,Providence,-0.10,CVA (5),M 40B 0,JEIV-E;K1Y-5H
DP-JD4,Providence,-0.06,CVA (5),M 68B 0,5IO8-U;OXIY-V;QR-K85
E-YCML,Providence,-0.15,CVA (5),M 60B 0,B-WPLZ;TU-O0T;Y9-MDG
FC-3YI,Providence,-0.08,CVA (5),M 52B 0,5IO8-U;QR-K85;U-HYMT
F-DTOO,Providence,-0.39,SFPAS (5),M 35B 0,5KG-PY;GN7-XY
FSW-3C,Providence,-0.26,DIPLO (3),M 62B 0,D-GTMI;FX-7EM;G7AQ-7
FX-7EM,Providence,-0.27,DIPLO (3),M 28B 0,FSW-3C;MH9C-S
F-YH5B,Providence,-0.12,OUT (5),M 54B 0,3D-CQU;8P9-BM;LF-2KP
G-5EN2,Providence,-0.20,CVA (5),M 59B 0,9-F0B2;Assah
G7AQ-7,Providence,-0.32,DIPLO (3),M 69B 0,FSW-3C;I7S-1S;QBL-BV
GA9P-0,Providence,-0.04,BCHLD (5),M 89B 0,7YWV-S;C1-HAB;H9-J8N;HP-6Z6;TXJ-II
G-B22J,Providence,-0.07,DIPLO (5),M 65B 0,8B-VLX;X6AB-Y;X-R3NM
GN7-XY,Providence,-0.33,SFPAS (5),M 58B 0,F-DTOO;INQ-WR;PI5-39;QO-SRI
H6-CX8,Providence,-0.07,RED (5),M 26B 0,9UY4-H;D61A-G;Shintaht
H9-J8N,Providence,-0.06,BCHLD (5),M 14B 0,2V-CS5;C1-HAB;GA9P-0;HP-6Z6
H-GKI6,Providence,-0.06,OUT (5),M 41B 0,VKI-T7;YQB-22
HP-6Z6,Providence,-0.06,BCHLD (5),M 26B 0,7YWV-S;C1-HAB;GA9P-0;H9-J8N
I7S-1S,Providence,-0.30,DIPLO (3),M 10B 0,G7AQ-7;S9X-AX
I-MGAB,Providence,-0.10,OUT (5),M 7B 0,0B-HLZ;18XA-C
INQ-WR,Providence,-0.31,SFPAS (5),M 35B 0,GN7-XY;PI5-39
IWZ3-C,Providence,-0.09,CVA (5),M 33B 0,K1Y-5H;N-RMSH
JEIV-E,Providence,-0.14,CVA (5),M 54B 0,DNR-7M;N-RMSH;O-Y5JQ;XHQ-7V
K1I1-J,Providence,-0.17,DIPLO (5),M 36B 0,2-TEGJ;AY-24I;LF-2KP
K1Y-5H,Providence,-0.08,CVA (5),M 91B 0,DNR-7M;IWZ3-C
KBP7-G,Providence,-0.26,CVA (5),M 60B 0,B-WPLZ;Dital;XHQ-7V
LF-2KP,Providence,-0.13,DIPLO (5),M 39B 0,F-YH5B;K1I1-J;MVCJ-E
MH9C-S,Providence,-0.21,REE (5),M 21B 0,2-TEGJ;FX-7EM;T-RPFU
MVCJ-E,Providence,-0.14,DIPLO (5),M 27B 0,2-TEGJ;BK4-YC;LF-2KP
N8XA-L,Providence,-0.07,DIPLO (5),M 50B 0,1-1I53;R3-K7K
N-RMSH,Providence,-0.11,CVA (5),M 39B 0,IWZ3-C;JEIV-E;O-Y5JQ
OXIY-V,Providence,-0.15,CVA (5),M 70B 0,DP-JD4;UL-7I8
O-Y5JQ,Providence,-0.14,CVA (5),M 50B 0,JEIV-E;N-RMSH
PI5-39,Providence,-0.43,SFPAS (5),M 61B 0,GN7-XY;INQ-WR;QBL-BV
QBL-BV,Providence,-0.40,SFPAS (5),M 56B 0,G7AQ-7;PI5-39
QO-SRI,Providence,-0.23,SFPAS (5),M 77B 0,GN7-XY
QR-K85,Providence,-0.06,CVA (5),M 57B 0,5IO8-U;DP-JD4;FC-3YI;U-HYMT
R3-K7K,Providence,-0.03,DIPLO (5),M 52B 0,Domain;Misaba;N8XA-L;X-R3NM
S9X-AX,Providence,-0.19,BCHLD (5),M 74B 0,08Z-JJ;6-OQJV;I7S-1S;TU-RI6
Shintaht,Providence,-0.09,RED (5),M 21B 0,D-6WS1;H6-CX8
SI-I89,Providence,-0.07,RED (5),M 12B 0,D-6WS1
T-RPFU,Providence,-0.18,DIPLO (3),M 22B 0,7MD-S1;D-GTMI;MH9C-S
TU-O0T,Providence,-0.15,CVA (5),M 17B 0,B-WPLZ;E-YCML;Y9-MDG
TU-RI6,Providence,-0.14,BCHLD (5),M 34B 0,AY-YCU;S9X-AX
TXJ-II,Providence,-0.02,BCHLD (5),M 19B 0,GA9P-0
U-HYMT,Providence,-0.07,CVA (5),M 61B 0,5IO8-U;9UY4-H;FC-3YI;QR-K85
VKI-T7,Providence,-0.07,OUT (5),M 81B 0,3GXF-U;H-GKI6
X-4WZD,Providence,-0.16,BCHLD (5),M 30B 0,08Z-JJ;6-OQJV
X6AB-Y,Providence,-0.07,DIPLO (5),M 75B 0,8B-VLX;AY-24I;G-B22J;X-R3NM
XHQ-7V,Providence,-0.17,CVA (5),M 43B 0,JEIV-E;KBP7-G;YWS0-Z
X-R3NM,Providence,-0.05,DIPLO (5),M 4B 0,8B-VLX;G-B22J;R3-K7K;X6AB-Y
Y9-MDG,Providence,-0.19,CVA (5),M 26B 0,B-WPLZ;E-YCML;TU-O0T
Y-MPWL,Providence,-0.09,RED (5),M 23B 0,D61A-G;Kari
YQB-22,Providence,-0.05,OUT (5),M8B0,H-GKI6
YWS0-Z,Providence,-0.14,CVA (5),M 92B 0,4B-NQN;9-F0B2;XHQ-7V
Z-RFE3,Providence,-0.14,OUT (5),M 44B 0,18XA-C;3KB-J0
ZT-LPU,Providence,-0.08,BCHLD (5),M3B 0,1-1I53;AY-YCU
12YA-2,Pure Blind,-0.18,TEST (3),M 48B 13,5-9WNU;BDV3-T
2-6TGQ,Pure Blind,-0.21,Mordu's Legion,M 70B 22,5ZXX-K;DP-1YE
2D-0SO,Pure Blind,-0.15,TEST (3),M 61B 20,D7T-C0;O-BY0Y;UR-E6D
3V8-LJ,Pure Blind,-0.17,TEST (3),M 5B 3,B8EN-S;DP-1YE;R6XN-9;R-LW2I
4-ABS8,Pure Blind,-0.19,TEST (3),M 48B 10,DP-1YE;J-CIJV;R-LW2I
5-9WNU,Pure Blind,-0.19,TEST (3),M 33B 16,12YA-2;EL8-4Q
5ZXX-K,Pure Blind,-0.23,Mordu's Legion,M 82B 15,2-6TGQ;8S-0E1;JE-D5U
6GWE-A,Pure Blind,-0.08,TEST (4),M 63B 16,J-OK0C;KDV-DE;MT9Q-S;UC3H-Y
7D-0SQ,Pure Blind,-0.12,FRT (5),M 44B 13,Y-C3EQ;Z-Y7R7
7RM-N0,Pure Blind,-0.06,TEST (4),M 53B 11,F-NMX6;GA-P6C;KLY-C0;S-MDYI
7X-VKB,Pure Blind,-0.07,FRT (5),M 46B 25,B-9C24;P-2TTL
8S-0E1,Pure Blind,-0.23,Mordu's Legion,M 28B 8,5ZXX-K;D7T-C0
93PI-4,Pure Blind,-0.17,TEST (3),M38B5,G-M4I8;Saranen
A8I-C5,Pure Blind,-0.12,TEST (3),M 44B 21,C-H9X7;DK-FXK;U-INPD
B8EN-S,Pure Blind,-0.16,TEST (3),M 45B 5,3V8-LJ;X-7OMU
B-9C24,Pure Blind,-0.07,FRT (5),M 65B 25,7X-VKB;F-NMX6;P-2TTL
BDV3-T,Pure Blind,-0.16,TEST (3),M 32B 8,12YA-2;ION-FG;WW-KGD
C-H9X7,Pure Blind,-0.11,TEST (3),M 48B 11,A8I-C5;ION-FG
CL6-ZG,Pure Blind,-0.12,Sisters of EVE,M 48B 8,CXN1-Z;KLY-C0;RD-G2R
CR-AQH,Pure Blind,-0.28,TEST (3),M 36B 13,Q-5211;R-2R0G;XQ-PXU
CXN1-Z,Pure Blind,-0.12,Sisters of EVE,M 61B 12,CL6-ZG;KLY-C0;X-7OMU
D2-HOS,Pure Blind,-0.03,TEST (4),M 44B 5,HPS5-C;MQ-NPY;RQH-MY;Y2-6EA
D7T-C0,Pure Blind,-0.20,TEST (3),M 7B 2,2D-0SO;8S-0E1;KI-TL0
DK-FXK,Pure Blind,-0.08,TEST (3),M 32B 6,A8I-C5;M-76XI;U-INPD;ZJET-E
DP-1YE,Pure Blind,-0.17,TEST (3),M 10B 6,2-6TGQ;3V8-LJ;4-ABS8
DT-TCD,Pure Blind,-0.02,TEST (4),M 40B 12,Y2-6EA
EC-P8R,Pure Blind,-0.45,TEST (3),M 64B 16,EWOK-K;G-M4I8;Torrinos
EL8-4Q,Pure Blind,-0.16,TEST (3),M 68B 13,5-9WNU;JC-YX8;KI-TL0;N-H32Y
EWOK-K,Pure Blind,-0.31,TEST (3),M 60B 8,EC-P8R;G-M4I8;O-N8XZ
E-Z2ZX,Pure Blind,-0.12,FRT (5),M 29B 5,P-2TTL;RORZ-H;VRH-H7
F-NMX6,Pure Blind,-0.06,TEST (4),M 66B 11,7RM-N0;B-9C24;ZKYV-W
FWA-4V,Pure Blind,-0.02,TEST (4),M 31B 7,RZC-16;ZKYV-W
G95-VZ,Pure Blind,-0.24,Sisters of EVE,M 39B 8,J-CIJV;KLY-C0;ROIR-Y
GA-P6C,Pure Blind,-0.08,TEST (4),M 48B 16,7RM-N0
G-M4I8,Pure Blind,-0.30,TEST (3),M 30B 6,93PI-4;EC-P8R;EWOK-K;Pure Blind;R-2R0G
H1-J33,Pure Blind,-0.20,FRT (5),M 97B 14,KU5R-W;Y-C3EQ
HPS5-C,Pure Blind,-0.04,TEST (4),M 28B 1,D2-HOS
ION-FG,Pure Blind,-0.13,TEST (3),M 42B 16,BDV3-T;C-H9X7
J-CIJV,Pure Blind,-0.24,Sisters of EVE,M 26B 8,4-ABS8;G95-VZ;X47L-Q;X-7OMU
JC-YX8,Pure Blind,-0.13,TEST (3),M 28B 5,EL8-4Q
JE-D5U,Pure Blind,-0.22,Mordu's Legion,M 50B 4,5ZXX-K;OE-9UF;PFU-LH;R6XN-9
J-OK0C,Pure Blind,-0.06,TEST (4),M 57B 7,6GWE-A
KDV-DE,Pure Blind,-0.09,TEST (4),M 53B 29,6GWE-A;MT9Q-S;UC3H-Y
KI-TL0,Pure Blind,-0.18,TEST (3),M 26B 12,D7T-C0;EL8-4Q;XI-VUF
KLY-C0,Pure Blind,-0.10,Sisters of EVE,M 65B 10,7RM-N0;CL6-ZG;CXN1-Z;G95-VZ;X-7OMU
KQK1-2,Pure Blind,-0.16,TEST (3),M 79B 10,0-YMBJ;O-BY0Y;X47L-Q
KU5R-W,Pure Blind,-0.17,FRT (5),M 52B 18,H1-J33;RORZ-H
L-TS8S,Pure Blind,-0.21,TEST (3),M 7B 4,O-N8XZ;R6XN-9;X-7OMU
M-76XI,Pure Blind,-0.08,TEST (3),M 37B 14,DK-FXK;ZJET-E
MI6O-6,Pure Blind,-0.13,TEST (3),M 59B 12,O-N8XZ
MQ-NPY,Pure Blind,-0.03,TEST (4),M47B5,D2-HOS;RQH-MY;RZC-16;TFA0-U
MT9Q-S,Pure Blind,-0.09,TEST (4),M 63B 13,6GWE-A;KDV-DE;UC3H-Y
M-YCD4,Pure Blind,-0.18,TEST (3),M 42B 11,Q-5211;R-2R0G;XQ-PXU
N-H32Y,Pure Blind,-0.15,TEST (3),M 75B 14,EL8-4Q
O-A6YN,Pure Blind,-0.12,FRT (5),M 14B 1,P-2TTL;RORZ-H
O-BY0Y,Pure Blind,-0.14,TEST (3),M 9B 3,2D-0SO;KQK1-2
OE-9UF,Pure Blind,-0.21,Mordu's Legion,M 50B 11,JE-D5U;PFU-LH
OGV-AS,Pure Blind,-0.14,FRT (5),M 65B 10,UI-8ZE;Y-C3EQ
O-N8XZ,Pure Blind,-0.19,TEST (3),M 4B 4,EWOK-K;L-TS8S;MI6O-6
P-2TTL,Pure Blind,-0.10,FRT (5),M 5B 4,7X-VKB;B-9C24;E-Z2ZX;O-A6YN;RORZ-H
PFU-LH,Pure Blind,-0.26,Mordu's Legion,M 56B 16,JE-D5U;OE-9UF
Q-5211,Pure Blind,-0.14,TEST (3),M 42B 7,CR-AQH;M-YCD4;R-2R0G
R-2R0G,Pure Blind,-0.21,TEST (3),M 38B 2,CR-AQH;G-M4I8;M-YCD4;Q-5211
R6XN-9,Pure Blind,-0.18,TEST (3),M 56B 8,3V8-LJ;JE-D5U;L-TS8S;X-7OMU
RD-G2R,Pure Blind,-0.13,TEST (4),M 6B 9,CL6-ZG;UC3H-Y
R-LW2I,Pure Blind,-0.15,TEST (3),M 27B 3,3V8-LJ;4-ABS8
ROIR-Y,Pure Blind,-0.24,Sisters of EVE,M 29B 3,C8-CHY;G95-VZ
RORZ-H,Pure Blind,-0.13,FRT (5),M 68B 30,E-Z2ZX;KU5R-W;O-A6YN;P-2TTL
RQH-MY,Pure Blind,-0.03,TEST (4),M45B 4,D2-HOS;Mantenault;MQ-NPY
RZC-16,Pure Blind,-0.03,TEST (4),M 46B 7,FWA-4V;MQ-NPY
S-MDYI,Pure Blind,-0.05,TEST (4),M 47B 17,7RM-N0;ZKYV-W
TFA0-U,Pure Blind,-0.03,TEST (4),M65B5,MQ-NPY;Y2-6EA
UC3H-Y,Pure Blind,-0.10,TEST (4),M 72B 14,6GWE-A;KDV-DE;MT9Q-S;RD-G2R
UI-8ZE,Pure Blind,-0.21,FRT (5),M 54B 8,OGV-AS
U-INPD,Pure Blind,-0.10,TEST (3),M 64B 28,A8I-C5;DK-FXK;DO6H-Q
UR-E6D,Pure Blind,-0.19,TEST (3),M 19B 5,2D-0SO;X47L-Q
WW-KGD,Pure Blind,-0.18,TEST (3),M 8B 0,BDV3-T;XQ-PXU
X47L-Q,Pure Blind,-0.25,TEST (3),M 52B 7,J-CIJV;KQK1-2;UR-E6D
X-7OMU,Pure Blind,-0.14,Sisters of EVE,M 76B 8,B8EN-S;CXN1-Z;J-CIJV;KLY-C0;L-TS8S;R6XN-9
XI-VUF,Pure Blind,-0.19,TEST (3),M 48B 4,KI-TL0
XQ-PXU,Pure Blind,-0.15,TEST (3),M 8B 2,CR-AQH;M-YCD4;WW-KGD
Y2-6EA,Pure Blind,-0.03,TEST (4),M 44B 5,D2-HOS;DT-TCD;TFA0-U
Y-C3EQ,Pure Blind,-0.14,FRT (5),M 40B 2,7D-0SQ;H1-J33;OGV-AS
ZJET-E,Pure Blind,-0.10,TEST (3),M 33B 10,DK-FXK;M-76XI
ZKYV-W,Pure Blind,-0.06,TEST (4),M 46B 6,F-NMX6;FWA-4V;S-MDYI
0TKF-6,Querious,-0.42,WOMP (5),M 57B 7,3-FKCZ;60M-TG;VT-G2P;YOP-0T
0-WT2D,Querious,-0.12,WOMP (1),M 47B 4,7GCD-P;7V-KHW
1M4-FK,Querious,-0.03,WOMP (1),M 42B 17,L-6BE1
3BK-O7,Querious,-0.01,KICK (5),M 33B 7,KEJY-U
3D5K-R,Querious,-0.68,WOMP (2),M 19B 12,ES-Q0W;F-NXLQ;H74-B0
3-FKCZ,Querious,-0.28,WOMP (5),M 5B 6,0TKF-6;9SBB-9;ED-L9T;Efa;I1Y-IU
3-JCJT,Querious,-0.28,JDCV (5),M 27B 6,4-GJT1;5V-BJI;L3-I3K;M1BZ-2;W-IIYI
4-2UXV,Querious,-0.02,WINGS (5),M 59B 16,F2OY-X;L-FVHR;RKM-GE
49-U6U,Querious,-0.57,JDCV (5),M 49B 15,4-07MU;5V-BJI;8QT-H4;N-M1A3
4-GJT1,Querious,-0.11,JDCV (5),M 12B 4,3-JCJT;L3-I3K
5V-BJI,Querious,-0.43,JDCV (5),M 46B 9,3-JCJT;49-U6U
60M-TG,Querious,-0.35,WOMP (5),M 64B 15,0TKF-6;9ES-SI;9-HM04;YOP-0T
7GCD-P,Querious,-0.10,WOMP (1),M 8B 4,0-WT2D;G-3BOG;L-6BE1
7V-KHW,Querious,-0.17,WOMP (1),M30B5,0-WT2D;T8H-66
8B-SAJ,Querious,-0.40,SL4GS (5),M 45B 8,LNVW-K;W-IX39
8-GE2P,Querious,-0.01,KICK (5),M 46B 7,ZAU-JW
8QT-H4,Querious,-0.15,WOMP (4),M 42B 21,49-U6U;M1BZ-2;SVM-3K
8-SNUD,Querious,-0.22,WOMP (2),M 28B 10,H-4R6Z;OGY-6D;Z-XX2J
8-YNBE,Querious,-0.46,WINGS (3),M 61B 21,E-VKJV;K4-RFZ;YQX-7U
9CG6-H,Querious,-0.09,WOMP (1),M 43B 5,NDII-Q;P-ZMZV;UYU-VV;W6V-VM
9ES-SI,Querious,-0.12,WOMP (5),M 34B 10,60M-TG;TV8-HS;UQY-IK;V-LEKM;YOP-0T
9-HM04,Querious,-0.16,WOMP (5),M 44B 4,60M-TG;UQY-IK
9SBB-9,Querious,-0.22,WOMP (5),M 51B 14,3-FKCZ;ED-L9T
A2-V27,Querious,-0.39,WOMP (1),M 8B 7,A3-LOG;Kaira;O3L-95;T8H-66
A3-LOG,Querious,-0.26,WOMP (1),M 21B 7,A2-V27;T8H-66
A-5F4A,Querious,-0.83,WOMP (2),M 50B 18,Q2-N6W
A-BO4V,Querious,0.00,WOMP (1),M 60B 12,T8T-RA;UHKL-N
AO-N1P,Querious,-0.13,JDCV (5),M 10B 4,L3-I3K
B-7DFU,Querious,-1.00,WINGS (3),M 33B 12,BX-VEX
BX2-ZX,Querious,-0.48,WOMP (5),M 72B 41,Z-UZZN
BX-VEX,Querious,-0.86,WINGS (3),M 44B 5,B-7DFU;YQX-7U
C-7SBM,Querious,-0.71,WOMP (5),M 35B 8,DS-LO3;I1Y-IU;Z-UZZN
C-9RRR,Querious,-0.19,SL4GS (5),M 42B 11,L-6W1J
DG-L7S,Querious,-0.15,WINGS (5),M 53B 33,K4-RFZ;RKM-GE
DS-LO3,Querious,-0.67,WOMP (5),M 63B 10,C-7SBM;RF-CN3;Z-UZZN
ED-L9T,Querious,-0.42,WOMP (5),M 11B 4,3-FKCZ;9SBB-9;LS-V29
ES-Q0W,Querious,-0.78,WOMP (2),M 52B 9,3D5K-R;F-NXLQ;ZXJ-71
E-VKJV,Querious,-0.46,WINGS (3),M 26B 7,8-YNBE;Delve
F2OY-X,Querious,-0.03,WINGS (5),M 52B 10,1DH-SX;4-2UXV
F-NXLQ,Querious,-0.79,WOMP (2),M 52B 4,3D5K-R;ES-Q0W;H74-B0;NU4-2G;ZXJ-71
G-3BOG,Querious,-0.05,WOMP (1),M 61B 29,7GCD-P;K7D-II;L-6BE1
GOP-GE,Querious,-0.04,WOMP (1),M 46B 7,MKD-O8;SKR-SP
H-4R6Z,Querious,-0.28,WOMP (2),M 67B 20,8-SNUD;IGE-NE
H74-B0,Querious,-0.68,WOMP (2),M 65B 6,3D5K-R;F-NXLQ
I1Y-IU,Querious,-0.78,WOMP (5),M 58B 7,3-FKCZ;C-7SBM;LS-V29;U-HYZN
IGE-NE,Querious,-0.23,WOMP (2),M 16B 4,H-4R6Z;UVHO-F;Z-XX2J
K4-RFZ,Querious,-0.20,WINGS (5),M 35B 11,8-YNBE;DG-L7S
K7D-II,Querious,-0.07,WOMP (1),M 58B 17,G-3BOG;OGY-6D;V-LEKM;W-IX39
K-B8DK,Querious,-0.20,WOMP (2),M 5B 2,L-6W1J;P4-3TJ;W-IX39
KEJY-U,Querious,-0.01,KICK (5),M 18B 2,3BK-O7;K-YI1L
K-L690,Querious,-0.05,JDCV (5),M 49B 9,L3-I3K;NDII-Q;ZAU-JW
K-YI1L,Querious,-0.01,KICK (5),M 37B 4,KEJY-U;YF-6L1;ZAU-JW
K-Z0V4,Querious,-0.30,SL4GS (5),M34B 2,P4-3TJ
L3-I3K,Querious,-0.08,JDCV (5),M 49B 13,3-JCJT;4-GJT1;AO-N1P;K-L690
L-6BE1,Querious,-0.04,WOMP (1),M 3B 7,1M4-FK;7GCD-P;G-3BOG;MKD-O8
L-6W1J,Querious,-0.14,WOMP (2),M 60B 5,C-9RRR;K-B8DK
L-FVHR,Querious,-0.02,WINGS (5),M 51B 8,4-2UXV;RKM-GE
LNVW-K,Querious,-0.50,WOMP (2),M 50B 9,8B-SAJ;P4-3TJ;Q2-N6W
LS-V29,Querious,-0.60,WOMP (5),M 66B 13,ED-L9T;I1Y-IU
M1BZ-2,Querious,-0.19,JDCV (5),M 70B 10,3-JCJT;8QT-H4
MKD-O8,Querious,-0.04,WOMP (1),M 93B 13,GOP-GE;L-6BE1
NDII-Q,Querious,-0.04,WOMP (2),M 39B 10,9CG6-H;K-L690
N-M1A3,Querious,-0.67,JDCV (5),M 20B 6,49-U6U;ZXJ-71
NU4-2G,Querious,-0.97,WOMP (2),M 56B 4,F-NXLQ
O3L-95,Querious,-0.37,WOMP (1),M52B27,A2-V27;T8H-66
OGY-6D,Querious,-0.07,WOMP (2),M 66B 24,8-SNUD;K7D-II;Z-XX2J
P4-3TJ,Querious,-0.29,WOMP (2),M 81B 6,K-B8DK;K-Z0V4;LNVW-K;W-IX39
P-ZMZV,Querious,-0.14,WOMP (1),M 47B 6,9CG6-H;UYU-VV;V-LEKM
Q2-N6W,Querious,-0.75,WOMP (2),M 22B 5,A-5F4A;LNVW-K
QXQ-I6,Querious,-0.02,KICK (5),M 56B 10,YF-6L1
QY1E-N,Querious,-0.60,WINGS (3),M 52B 5,C3N-3S;YQX-7U
RF-CN3,Querious,-0.91,WOMP (5),M 28B 7,DS-LO3
RKM-GE,Querious,-0.05,WINGS (5),M 63B 10,4-2UXV;DG-L7S;L-FVHR
SKR-SP,Querious,-0.01,WOMP (1),M 22B 5,GOP-GE;V-3U8T
T8H-66,Querious,-0.31,WOMP (1),M48B13,7V-KHW;A2-V27;A3-LOG;O3L-95
T8T-RA,Querious,-0.01,WOMP (1),M 51B 13,A-BO4V;V-3U8T
TV8-HS,Querious,-0.12,WOMP (5),M 43B 18,9ES-SI;YOP-0T
U-HYZN,Querious,-0.88,WOMP (5),M 34B 9,I1Y-IU
UQY-IK,Querious,-0.07,WOMP (5),M 49B 17,9ES-SI;9-HM04
UVHO-F,Querious,-0.77,WOMP (2),M 35B 7,IGE-NE
UYU-VV,Querious,-0.19,WOMP (1),M 42B 8,9CG6-H;P-ZMZV;YW-SYT
V-3U8T,Querious,-0.01,WOMP (1),M 62B 22,SKR-SP;T8T-RA
V-LEKM,Querious,-0.06,WOMP (1),M 42B 6,9ES-SI;K7D-II;P-ZMZV
VT-G2P,Querious,-0.57,WOMP (5),M 27B 10,0TKF-6
W6V-VM,Querious,-0.06,WOMP (2),M 61B 18,9CG6-H
W-IIYI,Querious,-0.35,JDCV (5),M 52B 12,3-JCJT
W-IX39,Querious,-0.09,SL4GS (5),M 49B 8,8B-SAJ;K7D-II;K-B8DK;P4-3TJ
YF-6L1,Querious,-0.02,KICK (5),M 70B 36,K-YI1L;QXQ-I6;ZAU-JW
YOP-0T,Querious,-0.56,WOMP (5),M 51B 12,0TKF-6;60M-TG;9ES-SI;TV8-HS
YQX-7U,Querious,-0.63,WINGS (3),M 65B 11,8-YNBE;BX-VEX;QY1E-N
YW-SYT,Querious,-0.25,WOMP (5),M 46B 10,UYU-VV;Z-UZZN
ZAU-JW,Querious,-0.02,KICK (5),M 92B 24,8-GE2P;K-L690;K-YI1L;YF-6L1
Z-UZZN,Querious,-0.47,WOMP (5),M 41B 10,BX2-ZX;C-7SBM;DS-LO3;YW-SYT
ZXJ-71,Querious,-0.68,WOMP (2),M 74B 11,ES-Q0W;F-NXLQ;N-M1A3
Z-XX2J,Querious,-0.08,WOMP (2),M 4B 3,8-SNUD;IGE-NE;OGY-6D
03-OR2,Scalding Pass,-0.17,CONDI (5),M 26B 0,5-MQQ7;JLO-Z3;U2-28D
1-7HVI,Scalding Pass,-0.40,CONDI (5),M 4B 0,4-43BW;OX-S7P;V-F6DQ
1QZ-Y9,Scalding Pass,-0.44,CONDI (5),M 51B 0,4-CM8I;MSG-BZ;ZDB-HT
1V-LI2,Scalding Pass,-0.43,CONDI (5),M 5B 0,5E-CMA;GDHN-K;LQ-OAI;M9-MLR;Q-K2T7
28Y9-P,Scalding Pass,-0.69,CONDI (5),M 27B 5,KZFV-4
2-KPW6,Scalding Pass,-0.56,CONDI (5),M 49B 0,KZFV-4;XV-MWG
3S-6VU,Scalding Pass,-0.21,CONDI (5),M 59B 0,OX-S7P;V-F6DQ
4-43BW,Scalding Pass,-0.35,CONDI (5),M 49B 0,1-7HVI;8CN-CH;G9NE-B;OAQY-M;V-F6DQ
4-CM8I,Scalding Pass,-0.51,CONDI (5),M 54B 0,1QZ-Y9;B-1UJC;Q4C-S5
4E-EZS,Scalding Pass,-0.02,CONDI (5),M 32B 0,8Q-T7B;C8-7AS;ZNF-OK
5-MQQ7,Scalding Pass,-0.37,CONDI (5),M 35B 0,03-OR2;LQ-OAI;U2-28D
6-EQYE,Scalding Pass,-0.40,CONDI (5),M 30B 0,74-VZA;JLO-Z3;U2-28D
6-KPAB,Scalding Pass,-0.01,CONDI (5),M 48B 0,PU-UMM
71-UTX,Scalding Pass,-0.03,CONDI (5),M 6B 0,WFFE-4;Y5-E1U
8CN-CH,Scalding Pass,-0.32,CONDI (5),M 25B 0,4-43BW
8Q-T7B,Scalding Pass,-0.06,CONDI (5),M 36B 0,4E-EZS;GN-PDU;HJ-BCH;WV0D-1;ZNF-OK
9BC-EB,Scalding Pass,-0.02,CONDI (5),M 21B 0,QPTT-F
9M-M0P,Scalding Pass,-0.01,CONDI (5),M 71B 0,QPTT-F
9PX2-F,Scalding Pass,-0.07,CONDI (5),M 63B 0,ARG-3R;F-5FDA;N3-JBX
A-80UA,Scalding Pass,-0.01,CONDI (5),M 22B 0,C8-7AS
AH8-Q7,Scalding Pass,-0.19,CONDI (5),M 58B 0,F2-NXA;K7-LDX;V-S9YY
ARG-3R,Scalding Pass,-0.04,CONDI (5),M 45B 0,9PX2-F;K212-A;P-N5N9;R-3FBU;VOL-MI
AZ3F-N,Scalding Pass,-0.08,CONDI (5),M 39B 0,ER2O-Y;FYD-TO;RNM-Y6
B-1UJC,Scalding Pass,-0.53,CONDI (5),M 41B 0,4-CM8I;TP7-KE
C8-7AS,Scalding Pass,-0.01,CONDI (5),M 56B 0,4E-EZS;A-80UA;QPTT-F;ZNF-OK
DE-A7P,Scalding Pass,-0.47,SCUM (5),M 26B 0,Scalding Pass;X9V-15;YI-GV6
EIN-QG,Scalding Pass,-0.11,CONDI (5),M 75B 0,GN-PDU;JMH-PT;R-3FBU;S-E6ES
ER2O-Y,Scalding Pass,-0.04,CONDI (5),M 25B 0,AZ3F-N;J2-PZ6
F2-NXA,Scalding Pass,-0.18,CONDI (5),M 16B 0,AH8-Q7;SD4A-2;V-S9YY
F-5FDA,Scalding Pass,-0.05,CONDI (5),M 39B 0,9-34L5;9PX2-F;S1-XTL;TET3-B
FYD-TO,Scalding Pass,-0.03,CONDI (5),M 62B 0,AZ3F-N
G15Z-W,Scalding Pass,-0.09,BSOD (5),M 59B 0,WHI-61;ZFJH-T
GN-PDU,Scalding Pass,-0.09,CONDI (5),M 45B 0,8Q-T7B;EIN-QG;N3-JBX;R-3FBU
H5N-V7,Scalding Pass,-0.24,BSOD (5),M 32B 0,HQ-Q1Q;I-1B7X
HJ-BCH,Scalding Pass,-0.03,CONDI (5),M 41B 0,8Q-T7B;QPTT-F;R-3FBU;WFFE-4;Y5-E1U;ZNF-OK
HQ-Q1Q,Scalding Pass,-0.16,BSOD (5),M 15B 0,H5N-V7;ZFJH-T
I-1B7X,Scalding Pass,-0.16,BSOD (5),M 91B 0,H5N-V7
IAK-JW,Scalding Pass,-0.78,CONDI (5),M 56B 15,KZFV-4;RYC-19;WO-GC0
J2-PZ6,Scalding Pass,-0.33,CONDI (5),M 67B 0,ER2O-Y;RNM-Y6;V-KDY2
JLO-Z3,Scalding Pass,-0.20,CONDI (5),M 33B 0,03-OR2;6-EQYE
JMH-PT,Scalding Pass,-0.22,CONDI (5),M 33B 0,EIN-QG;X9V-15
K212-A,Scalding Pass,-0.06,CONDI (5),M 35B 0,ARG-3R;U-IVGH
K7-LDX,Scalding Pass,-0.11,CONDI (5),M 12B 0,AH8-Q7;R-3FBU;S-E6ES;U-IVGH
KZFV-4,Scalding Pass,-0.67,CONDI (5),M 32B 15,28Y9-P;2-KPW6;IAK-JW
LBC-AW,Scalding Pass,-0.60,CONDI (5),M 28B 0,OAQY-M;XV-MWG
LQ-OAI,Scalding Pass,-0.54,CONDI (5),M 31B 0,1V-LI2;5-MQQ7;U2-28D
M9-MLR,Scalding Pass,-0.40,CONDI (5),M 20B 0,1V-LI2;5E-CMA;Q-NA5H
N3-JBX,Scalding Pass,-0.13,CONDI (5),M 66B 0,9PX2-F;GN-PDU;SG-75T
NSBE-L,Scalding Pass,-0.16,CONDI (5),M 22B 0,U6K-RG
OAQY-M,Scalding Pass,-0.53,CONDI (5),M 98B 0,4-43BW;LBC-AW;R0-DMM
OX-S7P,Scalding Pass,-0.46,CONDI (5),M 58B 0,1-7HVI;3S-6VU
P-N5N9,Scalding Pass,-0.03,CONDI (5),M 8B 0,ARG-3R
PU-UMM,Scalding Pass,-0.01,CONDI (5),M 12B 0,6-KPAB;QPTT-F
Q4C-S5,Scalding Pass,-0.68,CONDI (5),M 71B 27,4-CM8I;Q-NA5H;ZDB-HT
Q-K2T7,Scalding Pass,-0.46,CONDI (5),M 65B 0,1V-LI2;XV-MWG
Q-NA5H,Scalding Pass,-0.72,CONDI (5),M 39B 4,M9-MLR;Q4C-S5
QPTT-F,Scalding Pass,-0.02,CONDI (5),M 61B 0,9BC-EB;9M-M0P;C8-7AS;HJ-BCH;PU-UMM;WHI-61
R-3FBU,Scalding Pass,-0.06,CONDI (5),M 76B 0,ARG-3R;EIN-QG;GN-PDU;HJ-BCH;K7-LDX
RNM-Y6,Scalding Pass,-0.18,CONDI (5),M 63B 0,AZ3F-N;J2-PZ6;S1-XTL;V-KDY2
RYC-19,Scalding Pass,-0.88,CONDI (5),M 20B 8,IAK-JW;WO-GC0;X2-ZA5
S1-XTL,Scalding Pass,-0.11,CONDI (5),M 53B 0,F-5FDA;RNM-Y6
Scalding Pass,Scalding Pass,-0.32,,,C0O6-K;DE-A7P
SD4A-2,Scalding Pass,-0.26,CONDI (5),M 29B 0,F2-NXA;U6K-RG
S-E6ES,Scalding Pass,-0.11,CONDI (5),M 52B 0,EIN-QG;H-ADOC;K7-LDX
SG-75T,Scalding Pass,-0.29,CONDI (5),M 33B 0,N3-JBX;V-F6DQ;XV-MWG
U2-28D,Scalding Pass,-0.34,CONDI (5),M 28B 0,03-OR2;5-MQQ7;6-EQYE;LQ-OAI;PUZ-IO
U6K-RG,Scalding Pass,-0.21,CONDI (5),M 13B 0,NSBE-L;SD4A-2
U-IVGH,Scalding Pass,-0.11,CONDI (5),M44B 0,K212-A;K7-LDX
V-F6DQ,Scalding Pass,-0.29,CONDI (5),M 65B 0,1-7HVI;3S-6VU;4-43BW;SG-75T
V-KDY2,Scalding Pass,-0.23,CONDI (5),M 28B 0,J2-PZ6;RNM-Y6
V-S9YY,Scalding Pass,-0.13,CONDI (5),M70B 0,AH8-Q7;F2-NXA
WFFE-4,Scalding Pass,-0.02,CONDI (5),M 10B 0,71-UTX;HJ-BCH;Y5-E1U
WHI-61,Scalding Pass,-0.05,BSOD (5),M 76B 0,G15Z-W;QPTT-F
WO-GC0,Scalding Pass,-0.79,CONDI (5),M 54B 11,IAK-JW;RYC-19
WV0D-1,Scalding Pass,-0.08,CONDI (5),M 45B 0,8Q-T7B
X2-ZA5,Scalding Pass,-0.90,CONDI (5),M 49B 11,GK5Z-T;RYC-19
X9V-15,Scalding Pass,-0.32,CONDI (5),M 75B 0,C0O6-K;DE-A7P;JMH-PT
XV-MWG,Scalding Pass,-0.41,CONDI (5),M 37B 0,2-KPW6;LBC-AW;Q-K2T7;SG-75T
Y5-E1U,Scalding Pass,-0.03,CONDI (5),M 70B 0,71-UTX;HJ-BCH;WFFE-4
ZDB-HT,Scalding Pass,-0.58,CONDI (5),M 48B 0,1QZ-Y9;Q4C-S5
ZFJH-T,Scalding Pass,-0.10,BSOD (5),M 38B 0,G15Z-W;HQ-Q1Q;XX9-WV
ZNF-OK,Scalding Pass,-0.03,CONDI (5),M 36B 0,4E-EZS;8Q-T7B;C8-7AS;HJ-BCH
Abenync,Sinq Laison,0.7,Gallente,M 16B 4,Alillere;Doussivitte
Adiere,Sinq Laison,0.8,Gallente,M 53B 23,Adreland;Auberulle;Stetille
Adrallezoen,Sinq Laison,0.5,Gallente,M 8B 3,Ardene;Brapelille
Adreland,Sinq Laison,0.9,Gallente,M 64B 6,Adiere;Grinacanne;Mattere;Pettinck
Aetree,Sinq Laison,0.2,Gallente,M 27B 6,Allipes;Esmes
Agrallarier,Sinq Laison,0.9,Gallente,M 43B 8,Aunia;Auvergne;Botane;Dodixie;Eglennaert
Ainaille,Sinq Laison,0.8,Gallente,M 9B 1,Caretyn;Vylade
Aliette,Sinq Laison,0.4,Gallente,M 38B 11,Egghelende;Stegette
Alillere,Sinq Laison,0.8,Gallente,M 45B 6,Abenync;Alles;Aurcel;Aymaerne;Bourynes;Pozirblant
Alles,Sinq Laison,0.8,Gallente,M 65B 11,Alillere;Chelien;Foves
Allipes,Sinq Laison,0.2,Gallente,M 6B 7,Aetree;Goinard
Alsottobier,Sinq Laison,0.5,Gallente,M 53B 14,Audaerne;Fluekele
Ambeke,Sinq Laison,0.5,Gallente,M 38B 7,Crielere;Faurent;Olettiers
Ansone,Sinq Laison,0.7,Gallente,M 17B 5,Dunraelare;Trosquesere
Ardene,Sinq Laison,0.6,Gallente,M 42B 9,Adrallezoen;Ardallabier;Boillair;Ney
Artisine,Sinq Laison,0.5,Gallente,M 60B 14,Bamiette;Olettiers
Assiettes,Sinq Laison,0.6,Gallente,M 8B 4,Dunraelare;Goinard
Atier,Sinq Laison,0.6,Gallente,M 42B 19,Bawilan;Croleur
Ation,Sinq Laison,0.6,Gallente,M55B8,Egghelende;Jel
Auberulle,Sinq Laison,0.8,Gallente,M 5B 6,Adiere;Pettinck;Unel
Audaerne,Sinq Laison,0.5,Gallente,M 38B 6,Alsottobier;Augnais;Avenod
Aufay,Sinq Laison,0.5,Gallente,M 8B 1,Balle;Deltole
Augnais,Sinq Laison,0.5,Gallente,M 54B 15,Audaerne;Deltole;Jolia;Parchanier
Aunia,Sinq Laison,0.8,Gallente,M 41B 0,Agrallarier;Auvergne;Botane
Aurcel,Sinq Laison,0.5,Gallente,M 44B 13,Alillere;Egghelende;Pozirblant
Auvergne,Sinq Laison,0.9,Gallente,M 49B 10,Agrallarier;Aunia;Botane;Dodixie;Odotte;Vylade
Aymaerne,Sinq Laison,0.9,Gallente,M 54B 8,Alillere;Bourynes
Balle,Sinq Laison,0.5,Gallente,M 73B 12,Aufay;Decon;Du Annes;Vylade
Bamiette,Sinq Laison,0.5,Gallente,M 44B 12,Artisine;Carrou
Barmalie,Sinq Laison,0.5,Gallente,M 21B 6,Jolia
Basgerin,Sinq Laison,0.4,Gallente,M 42B 14,Pulin
Bawilan,Sinq Laison,0.5,Gallente,M 30B 9,Atier;Brapelille
Boillair,Sinq Laison,0.5,Gallente,M 51B 6,Ardene;Ney
Botane,Sinq Laison,0.9,Gallente,M 57B 17,Agrallarier;Aunia;Auvergne;Dodixie;Eglennaert;Erme;Ourapheh
Bourynes,Sinq Laison,0.9,Gallente,M 12B 1,Alillere;Aymaerne;Eglennaert;Ethernity;Pozirblant;Vittenyn
Brapelille,Sinq Laison,0.7,Gallente,M 40B 8,Adrallezoen;Ardallabier;Bawilan;Brybier;Caretyn;Fricoure
Brybier,Sinq Laison,0.6,Gallente,M 40B 6,Brapelille
Caretyn,Sinq Laison,0.8,Gallente,M 24B 10,Ainaille;Brapelille;Fricoure
Carrou,Sinq Laison,0.4,Gallente,M 77B 10,Bamiette;Direrie;Faurent;Ignoitton
Chainelant,Sinq Laison,0.9,Gallente,M 28B 6,Dodenvale;Unel
Chelien,Sinq Laison,0.7,Gallente,M 29B 7,Alles;Foves;Mirilene;Pulin
Claysson,Sinq Laison,0.9,Gallente,M 26B 5,Harerget;Oirtlair;Stetille
Colelie,Sinq Laison,0.5,Gallente,M 14B 6,Bei;Deltole
Crielere,Sinq Laison,0.4,Gallente,M 28B 12,Ambeke;Olettiers;Rancer
Croleur,Sinq Laison,0.6,Gallente,M 22B 16,Atier
Decon,Sinq Laison,0.4,Gallente,M 32B 14,Balle;Sharuveil
Deltole,Sinq Laison,0.5,Gallente,M 26B 13,Aufay;Augnais;Colelie
Direrie,Sinq Laison,0.5,Gallente,M 28B 1,Carrou;Faurent
Dodenvale,Sinq Laison,0.7,Gallente,M 20B 2,Chainelant;Olettiers;Sileperer
Dodixie,Sinq Laison,0.9,Gallente,M 50B 0,Agrallarier;Athinard;Auvergne;Botane;Meves;Vylade
Doussivitte,Sinq Laison,0.8,Gallente,M 34B 7,Abenync;Mattere;Parchanier;Stetille
Du Annes,Sinq Laison,0.6,Gallente,M 59B 11,Balle;Erme;Grinacanne;Metserel;Pettinck;Renyn
Dunraelare,Sinq Laison,0.7,Gallente,M 36B 3,Ansone;Assiettes;Estene;Inghenges;Stayme
Egghelende,Sinq Laison,0.4,Gallente,M 79B 12,Aliette;Ation;Aurcel;Jel;Odette;Siseide
Eglennaert,Sinq Laison,0.8,Gallente,M 17B 2,Agrallarier;Botane;Bourynes;Vylade
Erme,Sinq Laison,0.8,Gallente,M 34B 7,Botane;Du Annes;Essence;Grinacanne;Metserel;Nausschie;Villore
Esmes,Sinq Laison,0.1,Gallente,M 6B 1,Aetree;Basan
Estene,Sinq Laison,0.8,Gallente,M 41B 5,Dunraelare;Inghenges
Fasse,Sinq Laison,0.4,Gallente,M 12B 6,Ney;Stegette
Faurent,Sinq Laison,0.5,Gallente,M 52B 10,Ambeke;Carrou;Direrie;Iyen-Oursta
Fluekele,Sinq Laison,0.6,Gallente,M 25B 5,Alsottobier;Jolia;Parchanier
Foves,Sinq Laison,0.6,Gallente,M 23B 5,Alles;Chelien;Pulin
Fricoure,Sinq Laison,0.8,Gallente,M 31B 5,Brapelille;Caretyn;Vittenyn
Gallareue,Sinq Laison,0.8,Gallente,M 46B 19,Nausschie
Goinard,Sinq Laison,0.3,Gallente,M 10B 2,Allipes;Assiettes;Raeghoscon
Gratesier,Sinq Laison,0.4,Gallente,M 49B 19,Saidusairos;Schoorasana
Grinacanne,Sinq Laison,0.8,Gallente,M 7B 5,Adreland;Du Annes;Erme;Renyn
Ignoitton,Sinq Laison,0.4,Gallente,M 64B 9,Carrou;Iyen-Oursta
Inghenges,Sinq Laison,0.7,Gallente,M 68B 17,Dunraelare;Estene;Stayme
Iyen-Oursta,Sinq Laison,0.8,Gallente,M8B5,Faurent;Ignoitton;Perimeter
Jel,Sinq Laison,0.6,Gallente,M 44B 10,Ardallabier;Ation;Egghelende
Jolia,Sinq Laison,0.5,Gallente,M 28B 3,Augnais;Barmalie;Fluekele
Lamadent,Sinq Laison,0.3,Gallente,M 5B 5,Miroitem;Otou
Lermireve,Sinq Laison,0.3,Gallente,M 88B 24,Angatalie;Palmon;Raeghoscon
Metropolis,Sinq Laison,0.8,,,Vullat
Metserel,Sinq Laison,0.7,Gallente,M 42B 6,Du Annes;Erme;Seyllin
Mirilene,Sinq Laison,0.8,Gallente,M 74B 17,Chelien;Vittenyn
Miroitem,Sinq Laison,0.3,Gallente,M 31B 3,Lamadent;Otou;Rancer;Thelan
Misneden,Sinq Laison,0.5,Gallente,M 38B 12,Pulin
Nausschie,Sinq Laison,0.8,Gallente,M 25B 15,Erme;Gallareue;Sharuveil;Trosquesere
Ney,Sinq Laison,0.5,Gallente,M 28B 5,Ardene;Boillair;Fasse
Odette,Sinq Laison,0.5,Gallente,M 31B 4,Egghelende;Stegette
Odotte,Sinq Laison,0.9,Gallente,M 12B 1,Auvergne
Oirtlair,Sinq Laison,0.9,Gallente,M 12B 1,Claysson
Olelon,Sinq Laison,0.9,Gallente,M 12B 1,Stetille
Olettiers,Sinq Laison,0.4,Gallente,M 42B 8,Ambeke;Artisine;Crielere;Dodenvale
Otou,Sinq Laison,0.3,Gallente,M 75B 31,Hek;Lamadent;Miroitem
Parchanier,Sinq Laison,0.9,Gallente,M 30B 5,Augnais;Doussivitte;Fluekele
Pettinck,Sinq Laison,0.8,Gallente,M 48B 9,Adreland;Auberulle;Du Annes;Luminaire
Pozirblant,Sinq Laison,0.7,Gallente,M 20B 6,Alillere;Aurcel;Bourynes
Pucherie,Sinq Laison,0.8,Gallente,M 40B 8,Vittenyn
Pulin,Sinq Laison,0.5,Gallente,M 54B 22,Basgerin;Chelien;Foves;Jaschercis;Misneden
Raeghoscon,Sinq Laison,0.4,Gallente,M 53B 16,Goinard;Lermireve
Rancer,Sinq Laison,0.4,Gallente,M 77B 13,Crielere;Miroitem
Ravarin,Sinq Laison,0.4,Gallente,M 67B 17,Stegette
Rorsins,Sinq Laison,0.1,Gallente,M 14B 5,Thelan
Schoorasana,Sinq Laison,0.4,Gallente,M 23B 2,Gratesier;Mormelot
Sharuveil,Sinq Laison,0.4,Gallente,M 44B 16,Decon;Nausschie
Sileperer,Sinq Laison,0.6,Gallente,M 43B 20,Dodenvale
Stayme,Sinq Laison,0.6,Gallente,M 78B 18,Dunraelare;Inghenges
Stegette,Sinq Laison,0.5,Gallente,M 60B 15,Aliette;Fasse;Odette;Ravarin
Stetille,Sinq Laison,0.9,Gallente,M 40B 10,Adiere;Claysson;Doussivitte;Olelon
Thelan,Sinq Laison,0.2,Gallente,M 41B 7,Hagilur;Miroitem;Rorsins
Trosquesere,Sinq Laison,0.9,Gallente,M 66B 11,Ansone;Duripant;Nausschie
Trossere,Sinq Laison,0.9,Gallente,M 12B 1,Vittenyn
Unel,Sinq Laison,0.9,Gallente,M 78B 24,Auberulle;Chainelant;Tennen
Vittenyn,Sinq Laison,0.9,Gallente,M 56B 7,Bourynes;Fricoure;Mirilene;Pucherie;Trossere
Vylade,Sinq Laison,0.8,Gallente,M 76B 13,Ainaille;Auvergne;Balle;Blameston;Dodixie;Eglennaert
Aeter,Solitude,0.3,Gallente,M 79B 12,Harner;Sarline
Agaullores,Solitude,0.1,Gallente,M 56B 10,Aridia;Faurulle;Shirshocin
Aimoguier,Solitude,0.2,Gallente,M 9B 2,Cadelanne;Conomette
Anckee,Solitude,0.2,Gallente,M 48B 7,Elore;Heluene;Vevelonel
Arasare,Solitude,0.8,Gallente,M 16B 1,Lazer;Vecodie;Yvelet
Arittant,Solitude,0.3,Gallente,M 88B 22,Heluene
Babirmoult,Solitude,0.2,Gallente,M 56B 25,Faurulle;Hare
Boystin,Solitude,0.5,Gallente,M 58B 20,Lour;Oerse;Pertnineere
Cadelanne,Solitude,0.1,Gallente,M 11B 7,Aimoguier
Conomette,Solitude,0.3,Gallente,M 51B 13,Aimoguier;Y9G-KS;Yveve
Eggheron,Solitude,0.5,Gallente,M17B7,Kenninck;Pochelympe;Toustain
Elore,Solitude,0.2,Gallente,M 19B 2,Anckee;Meunvon;Yveve
Faurulle,Solitude,0.1,Gallente,M 38B 12,Agaullores;Babirmoult;D85-VD;Ogaria
Gererique,Solitude,0.7,Gallente,M 19B 3,Odinesyn
Hare,Solitude,0.2,Gallente,M 78B 27,Babirmoult;Heluene;Ogaria;Oruse
Harner,Solitude,0.1,Gallente,M 28B 1,Aeter;Sarline
Heluene,Solitude,0.2,Gallente,M 6B 5,Anckee;Arittant;Hare;Oruse
Larryn,Solitude,0.6,Gallente,M 16B 4,Niballe;Oerse;Weraroix
Lazer,Solitude,0.8,Gallente,M 36B 5,Arasare;Stoure
Lour,Solitude,0.6,Gallente,M 89B 20,Boystin;Maire;Oerse
Maire,Solitude,0.7,Gallente,M 48B 5,Lour;Octanneve;Oerse
Meunvon,Solitude,0.3,Gallente,M 47B 5,Elore;Yveve
Niballe,Solitude,0.6,Gallente,M 28B 6,Larryn;Postouvin
Octanneve,Solitude,0.7,Gallente,M 7B 4,Maire;Yvaeroure
Odinesyn,Solitude,0.7,Gallente,M 44B 13,Gererique;Postouvin
Oerse,Solitude,0.6,Gallente,M 54B 8,Boystin;Larryn;Lour;Maire
Ogaria,Solitude,0.2,Gallente,M 17B 4,Faurulle;Hare
Ondree,Solitude,0.5,Gallente,M 64B 20,Pochelympe;Ratillose;Straloin
Oruse,Solitude,0.2,Gallente,M 53B 13,Hare;Heluene
Outer Ring,Solitude,-0.02,,,C0T-77;EF-F36
Pertnineere,Solitude,0.4,Gallente,M 25B 4,Boystin;Y9G-KS
Pochelympe,Solitude,0.6,Gallente,M 20B 5,Eggheron;Ondree;Toustain
Postouvin,Solitude,0.7,Gallente,M 29B 14,Niballe;Odinesyn
Ratillose,Solitude,0.4,Gallente,M 71B 7,Ondree;Vevelonel
Sarline,Solitude,0.4,Gallente,M 69B 7,Aeter;Harner;Weraroix
Stoure,Solitude,0.7,Gallente,M 33B 7,Lazer
Straloin,Solitude,0.2,Gallente,M 53B 18,Ondree;Toustain
Syndicate,Solitude,-0.01,,,Vestouve
Toustain,Solitude,0.4,Gallente,M 44B 4,Eggheron;Pochelympe;Straloin
Vecodie,Solitude,0.8,Gallente,M 60B 12,Arasare;Yvaeroure
Vevelonel,Solitude,0.1,Gallente,M 19B 6,Anckee;Ratillose
Weraroix,Solitude,0.6,Gallente,M 69B 4,Larryn;Sarline
Yvaeroure,Solitude,0.8,Gallente,M 68B 20,Octanneve;Vecodie
Yvelet,Solitude,0.8,Gallente,M 51B 14,Arasare;Yveve
Yveve,Solitude,0.4,Gallente,M 68B 25,Conomette;Elore;Meunvon;Yvelet
0-7XA8,Stain,-0.07,Sansha,M 56B 10,JU-UYK;RLDS-R
0G-A25,Stain,-0.02,Sansha,M 76B 4,F9SX-1
0GN-VO,Stain,-0.09,Sansha,M 85B 25,9U6-SV;O5Y3-W
0T-LIB,Stain,-0.21,Sansha,M 59B 11,XFBE-T
0Y1-M7,Stain,-0.08,Sansha,M 73B 10,7R5-7R;VTGN-U
1H4V-O,Stain,-0.10,Sansha,M 21B 4,5J-UEX;O-CT8N
1H-I12,Stain,-0.01,Sansha,M 26B 5,4A-XJ6;D9D-GD;GU-54G;WEQT-K
2B-3M4,Stain,-0.14,Sansha,M 38B 11,A-XASO;JVJ2-N
2IGP-1,Stain,-0.03,Sansha,M 20B 1,4GQ-XQ;Z2-QQP
2-V0KY,Stain,-0.02,Sansha,M 67B 13,4GQ-XQ;GDO-7H
32-GI9,Stain,-0.08,Sansha,M 48B 9,Q-Q2S6
373Z-7,Stain,-0.01,Sansha,M 71B 3,OOO-FS
37S-KO,Stain,-0.04,Sansha,M 52B 17,40GX-P;4J9-DK;HQ-TDJ
40GX-P,Stain,-0.02,Sansha,M 71B 22,37S-KO;PSJ-10
42-UOW,Stain,-0.13,Sansha,M 9B 2,A4UG-O;CBGG-0;S-DLKC;W-VXL9
4A-XJ6,Stain,-0.01,Sansha,M 7B 6,1H-I12;7-X3RN;GU-54G
4GQ-XQ,Stain,-0.03,Sansha,M 62B 17,2IGP-1;2-V0KY;9U6-SV;R8-5XF
4J9-DK,Stain,-0.06,Sansha,M 28B 9,37S-KO;A-GPTM
4J-ZC9,Stain,-0.06,Sansha,M 73B 20,9RQ-L8;TG-Z23
4XW2-D,Stain,-0.03,Sansha,M 32B 8,EOT-XL;W-Q233
57M7-W,Stain,-0.22,Sansha,M 37B 11,7R5-7R;WNS-7J
5J-UEX,Stain,-0.15,Sansha,M 18B 4,1H4V-O;JVJ2-N;LGL-SD
6QBH-S,Stain,-0.25,Sansha,M 72B 20,U6-FCE
6Y-0TW,Stain,-0.01,Sansha,M 21B 4,B-G1LG;F-TVAP;TL-T9Z
7R5-7R,Stain,-0.13,Sansha,M 36B 6,0Y1-M7;57M7-W;Y1-UQ2
7-X3RN,Stain,-0.01,Sansha,M 61B 6,4A-XJ6
8KQR-O,Stain,-0.02,Sansha,M 17B 8,F9SX-1;WEQT-K
8O-OSG,Stain,-0.03,Sansha,M 19B 4,NZG-LF
8ZO-CK,Stain,-0.01,Sansha,M 59B 19,UJM-RD;WEQT-K
9O-ZTS,Stain,-0.01,Sansha,M 3B 3,D9D-GD
9RQ-L8,Stain,-0.07,Sansha,M 90B 38,4J-ZC9;TG-Z23;WHG2-7
9U6-SV,Stain,-0.08,Sansha,M 23B 4,0GN-VO;4GQ-XQ
A4UG-O,Stain,-0.13,Sansha,M 62B 13,42-UOW;CBGG-0;U2-BJ2;W-VXL9
A-DZA8,Stain,-0.19,Sansha,M 68B 9,LGL-SD;O-CT8N;Z-6YQC
A-GPTM,Stain,-0.08,Sansha,M 67B 10,4J9-DK;S-DLKC
A-XASO,Stain,-0.15,Sansha,M 43B 6,2B-3M4
B-2UL0,Stain,-0.02,Sansha,M 42B 8,RVRE-Z
BF-FVB,Stain,0.00,Sansha,M 65B 17,GU-54G
B-G1LG,Stain,-0.01,Sansha,M 34B 5,6Y-0TW;E7-WSY
CBGG-0,Stain,-0.12,Sansha,M 41B 31,42-UOW;A4UG-O;UKYS-5
CJF-1P,Stain,-0.10,Sansha,M 51B 13,Period Basis;VNPF-7;XZ-SKZ;Z-XMUC
D9D-GD,Stain,0.00,Sansha,M 37B 6,1H-I12;9O-ZTS
DABV-N,Stain,-0.36,Sansha,M 28B 11,J-AYLV;MMR-LZ;ZH-KEV
DK6W-I,Stain,-0.12,Sansha,M 13B 7,XFBE-T
DP-2WP,Stain,-0.28,Sansha,M 71B 12,T-8UOF
DSS-EZ,Stain,-0.26,Sansha,M 14B 5,3GD6-8;MB4D-4
E7-WSY,Stain,-0.01,Sansha,M54B12,B-G1LG;TL-T9Z
EAWE-2,Stain,-0.06,Sansha,M 44B 6,RRWI-5;Y-4U62
E-C0SR,Stain,-0.08,Sansha,M 26B 5,LGK-VP;VTGN-U;X1E-OQ
EOT-XL,Stain,-0.02,Sansha,M 47B 21,4XW2-D
F7-ICZ,Stain,-0.26,Sansha,M 5B 4,NRT4-U;Saminer;T-NNJZ;Z-6YQC
F9SX-1,Stain,-0.01,Sansha,M 35B 10,0G-A25;8KQR-O;WJO0-G
F-TVAP,Stain,-0.01,Sansha,M 13B 4,6Y-0TW;X5O1-L
FV-SE8,Stain,-0.08,Sansha,M 28B 7,FZSW-Y;JS-E8E
FZSW-Y,Stain,-0.06,Sansha,M 64B 7,FV-SE8;UF-KKH
GDEW-0,Stain,-0.02,Sansha,M 16B 2,PSJ-10;R8-5XF
GDO-7H,Stain,-0.03,Sansha,M 38B 9,2-V0KY;NZG-LF
G-ME2K,Stain,-0.26,Sansha,M45B9,HM-UVD
GU-54G,Stain,-0.01,Sansha,M 25B 15,1H-I12;4A-XJ6;BF-FVB
HM-UVD,Stain,-0.25,Sansha,M16B6,G-ME2K;WNS-7J;Y1-UQ2
HQ-TDJ,Stain,-0.04,Sansha,M 40B 11,37S-KO;WBLF-0
I-3FET,Stain,-0.03,Sansha,M 81B 21,RRWI-5
I-ME3L,Stain,-0.20,Sansha,M 67B 14,T-8UOF
IP-MVJ,Stain,-0.04,Sansha,M 68B 5,TG-Z23
J5NU-K,Stain,-0.03,Sansha,M 35B 12,RVRE-Z;W-Q233
J-AYLV,Stain,-0.37,Sansha,M 64B 4,DABV-N;LB0-A1
JS-E8E,Stain,-0.07,Sansha,M 48B 9,FV-SE8;TG-Z23
JU-UYK,Stain,-0.06,Sansha,M 6B 6,0-7XA8;O-FTHE
JVJ2-N,Stain,-0.17,Sansha,M 65B 8,2B-3M4;5J-UEX;L6B-0N
KP-FQ1,Stain,-0.11,Sansha,M 50B 5,QM-O7J;RV5-DW
L0AD-B,Stain,-0.02,Sansha,M 40B 5,NZG-LF
L6B-0N,Stain,-0.23,Sansha,M 46B 4,JVJ2-N;U6-FCE
L-A9FS,Stain,-0.01,Sansha,M 6B 2,OOO-FS;RVRE-Z
LB0-A1,Stain,-0.34,Sansha,M 63B 7,J-AYLV;S-BWWQ;T7-JNB;Z-R96X
LC-1ED,Stain,-0.14,Sansha,M 33B 11,QM-O7J;RPS-0K;VNPF-7
LGK-VP,Stain,-0.12,Sansha,M 40B 10,E-C0SR;MB4D-4;X1E-OQ
LGL-SD,Stain,-0.17,Sansha,M 53B 2,5J-UEX;A-DZA8
MB4D-4,Stain,-0.22,Sansha,M 10B 4,DSS-EZ;LGK-VP
MMR-LZ,Stain,-0.32,Sansha,M 33B 14,DABV-N;T7-JNB;T-8UOF;YE17-R
NRT4-U,Stain,-0.33,Sansha,M 26B 1,F7-ICZ;T-NNJZ
NZG-LF,Stain,-0.02,Sansha,M 55B 11,8O-OSG;GDO-7H;L0AD-B;UJM-RD
O5Y3-W,Stain,-0.08,Sansha,M 57B 9,0GN-VO;UF-KKH
O-CT8N,Stain,-0.07,Sansha,M 59B 11,1H4V-O;A-DZA8
O-FTHE,Stain,-0.04,Sansha,M 6B 6,JU-UYK;W-Q233
OOO-FS,Stain,-0.01,Sansha,M 53B 13,373Z-7;L-A9FS
PSJ-10,Stain,-0.02,Sansha,M 22B 8,40GX-P;GDEW-0;ZG8Q-N
QCKK-T,Stain,-0.06,Sansha,M 30B 7,RP-H66;Y-4U62
QM-O7J,Stain,-0.14,Sansha,M 52B 13,KP-FQ1;LC-1ED;UKYS-5
Q-Q2S6,Stain,-0.09,Sansha,M 35B 9,32-GI9;WHG2-7;X1E-OQ
R8-5XF,Stain,-0.03,Sansha,M 49B 7,4GQ-XQ;GDEW-0
RLDS-R,Stain,-0.10,Sansha,M 6B 2,0-7XA8;RV5-DW;UKYS-5
RP-H66,Stain,-0.07,Sansha,M 67B 11,QCKK-T
RPS-0K,Stain,-0.21,Sansha,M 22B 7,LC-1ED;U6-FCE
RRWI-5,Stain,-0.04,Sansha,M 79B 14,EAWE-2;I-3FET;WBLF-0;Y-4U62
RV5-DW,Stain,-0.12,Sansha,M 8B 2,KP-FQ1;RLDS-R;UKYS-5
RVRE-Z,Stain,-0.02,Sansha,M 50B 9,B-2UL0;J5NU-K;L-A9FS
S91-TI,Stain,-0.01,Sansha,M 80B 19,V1V-6F;WJO0-G
S-BWWQ,Stain,-0.22,Sansha,M 64B 15,LB0-A1;ZH-KEV
S-DLKC,Stain,-0.12,Sansha,M 75B 8,42-UOW;A-GPTM
T7-JNB,Stain,-0.31,Sansha,M 45B 9,LB0-A1;MMR-LZ
T-8UOF,Stain,-0.24,Sansha,M 51B 8,DP-2WP;I-ME3L;MMR-LZ;U2-BJ2;Z-R96X
TG-Z23,Stain,-0.05,Sansha,M 60B 11,4J-ZC9;9RQ-L8;IP-MVJ;JS-E8E
TL-T9Z,Stain,-0.01,Sansha,M60B34,6Y-0TW;E7-WSY
T-NNJZ,Stain,-0.30,Sansha,M 80B 18,F7-ICZ;NRT4-U
U2-BJ2,Stain,-0.19,Sansha,M 29B 13,A4UG-O;T-8UOF;W-VXL9
U6-FCE,Stain,-0.23,Sansha,M 24B 3,6QBH-S;L6B-0N;RPS-0K
UF-KKH,Stain,-0.05,Sansha,M 47B 20,FZSW-Y;O5Y3-W
UJM-RD,Stain,-0.02,Sansha,M 53B 16,8ZO-CK;NZG-LF
UKYS-5,Stain,-0.13,Sansha,M 6B 6,CBGG-0;QM-O7J;RLDS-R;RV5-DW
U-WLT9,Stain,-0.04,Sansha,M 32B 4,VYJ-DA;Z2-QQP
V1V-6F,Stain,-0.01,Sansha,M 63B 10,S91-TI;X5O1-L
VNPF-7,Stain,-0.11,Sansha,M 33B 15,CJF-1P;LC-1ED;Z-XMUC
VTGN-U,Stain,-0.07,Sansha,M 21B 9,0Y1-M7;E-C0SR;X1E-OQ
WBLF-0,Stain,-0.03,Sansha,M 70B 13,HQ-TDJ;RRWI-5
WEQT-K,Stain,-0.01,Sansha,M 24B 1,1H-I12;8KQR-O;8ZO-CK
WHG2-7,Stain,-0.10,Sansha,M 60B 8,9RQ-L8;Q-Q2S6
WJO0-G,Stain,-0.01,Sansha,M 10B 2,F9SX-1;S91-TI
WNS-7J,Stain,-0.31,Sansha,M50B10,57M7-W;HM-UVD
W-Q233,Stain,-0.03,Sansha,M 31B 10,4XW2-D;J5NU-K;O-FTHE
W-VXL9,Stain,-0.16,Sansha,M 28B 5,42-UOW;A4UG-O;U2-BJ2
X1E-OQ,Stain,-0.10,Sansha,M 37B 5,E-C0SR;LGK-VP;Q-Q2S6;VTGN-U
X5O1-L,Stain,-0.01,Sansha,M 43B 9,F-TVAP;V1V-6F
XFBE-T,Stain,-0.19,Sansha,M 15B 0,0T-LIB;DK6W-I;Z-6YQC
Y1-UQ2,Stain,-0.17,Sansha,M 49B 7,7R5-7R;HM-UVD
Y-4U62,Stain,-0.06,Sansha,M 40B 14,EAWE-2;QCKK-T;RRWI-5
YE17-R,Stain,-0.35,Sansha,M 67B 21,MMR-LZ
Z2-QQP,Stain,-0.03,Sansha,M 35B 10,2IGP-1;U-WLT9
Z-6YQC,Stain,-0.21,Sansha,M 65B 12,A-DZA8;F7-ICZ;XFBE-T
ZG8Q-N,Stain,-0.04,Sansha,M 65B 23,PSJ-10
ZH-KEV,Stain,-0.19,Sansha,M 63B 12,DABV-N;S-BWWQ
Z-R96X,Stain,-0.28,Sansha,M 22B 10,LB0-A1;T-8UOF
Z-XMUC,Stain,-0.13,Sansha,M 71B 18,CJF-1P;VNPF-7
0EK-NJ,Syndicate,-0.06,Syndicate,M 14B 6,PFP-GU;UM-Q7F
0LTQ-C,Syndicate,-0.22,Syndicate,M 56B 8,2P-4LS;31-MLU;LSC4-P
0T-AMZ,Syndicate,-0.01,Syndicate,M 60B 16,57-YRU;TQ-RR8
10UZ-P,Syndicate,-0.13,Syndicate,M39B8,9GYL-O;9U-TTJ;EN-VOD;LSC4-P
1-NKVT,Syndicate,-0.16,Syndicate,M 46B 10,KTHT-O;QWF-6P
2G38-I,Syndicate,-0.41,Syndicate,M 37B 4,98Q-8O;S-U8A4
2P-4LS,Syndicate,-0.12,Syndicate,M 37B 7,0LTQ-C;A-SJ8X
2Q-I6Q,Syndicate,-0.14,Syndicate,M 73B 18,97X-CH
2X-PQG,Syndicate,-0.06,Syndicate,M 42B 14,6E-578;MHC-R3
31-MLU,Syndicate,-0.17,Syndicate,M 17B 5,0LTQ-C;A9D-R0;BMNV-P;RF-GGF
35-RK9,Syndicate,-0.25,Syndicate,M 18B 7,IIRH-G;XS-XAY
3-IN0V,Syndicate,-0.03,Syndicate,M 71B 18,D-B7YK;DUV-5Y;EF-F36;Z-QENW
3KNK-A,Syndicate,-0.01,Syndicate,M 56B 6,8V-SJJ;C0T-77
3MOG-V,Syndicate,0.00,Syndicate,M 22B 5,TXW-EI;Y-W6GF
4-JWWQ,Syndicate,-0.02,Syndicate,M 25B 4,CIS-7X;RSS-KA
4L-E5P,Syndicate,-0.01,Syndicate,M 25B 4,57-YRU;RLL-9R;UFXF-C
51-5XG,Syndicate,-0.01,Syndicate,M 28B 5,RLL-9R;UFXF-C
5-75MB,Syndicate,-0.16,Syndicate,M 32B5,VV-VCR
57-YRU,Syndicate,-0.01,Syndicate,M 46B 7,0T-AMZ;4L-E5P
5-DSFH,Syndicate,-0.27,Syndicate,M 67B 21,AK-QBU;ZN0-SR
5-FGQI,Syndicate,-0.03,Syndicate,M 72B 17,8V-SJJ;TXW-EI
5KS-AB,Syndicate,0.00,Syndicate,M 53B 7,Y-W6GF
5-T0PZ,Syndicate,-0.28,Syndicate,M 38B 9,6R-PWU;97X-CH;A-ZLHX
5-VKCN,Syndicate,-0.02,Syndicate,M 66B 20,KLYN-8
617I-I,Syndicate,-0.27,Syndicate,M 37B 7,6-U2M8;DP34-U;I0AB-R;XS-XAY
6-CZ49,Syndicate,-0.16,Syndicate,M 78B 7,6E-578;EZA-FM;PVH8-0;Reblier
6E-578,Syndicate,-0.05,Syndicate,M 24B 8,2X-PQG;6-CZ49;ATY-2U;MHC-R3;ZVN5-H
6R-PWU,Syndicate,-0.27,Syndicate,M 43B 11,5-T0PZ
6-U2M8,Syndicate,-0.33,Syndicate,M 8B 6,617I-I;DP34-U;I0AB-R;MXYS-8;S-U8A4;XS-XAY
8-JYPM,Syndicate,-0.15,Syndicate,M 78B 5,EZA-FM;M2-CF1;QWF-6P;ZVN5-H
8V-SJJ,Syndicate,-0.05,Syndicate,M 78B 14,3KNK-A;5-FGQI;K5-JRD
97X-CH,Syndicate,-0.20,Syndicate,M 57B 6,2Q-I6Q;5-T0PZ;M2-CF1;Y9G-KS
98Q-8O,Syndicate,-0.39,Syndicate,M 53B 8,2G38-I;CY-ZLP;S-U8A4;ZV-72W
9GYL-O,Syndicate,-0.05,Syndicate,M 41B 8,10UZ-P;S-GKKR;VLGD-R
9U-TTJ,Syndicate,-0.24,Syndicate,M 51B 4,10UZ-P
A-3ES3,Syndicate,-0.23,Syndicate,M 44B 16,I0AB-R
A9D-R0,Syndicate,-0.09,Syndicate,M 65B 18,31-MLU;BMNV-P
AAS-8R,Syndicate,-0.09,Syndicate,M 68B 10,QWF-6P;V4-L0X;ZVN5-H
AK-QBU,Syndicate,-0.31,Syndicate,M 8B 3,5-DSFH;ZN0-SR
A-SJ8X,Syndicate,-0.09,Syndicate,M 25B 15,1-3HWZ;2P-4LS
ATY-2U,Syndicate,-0.07,Syndicate,M 43B 9,6E-578;PFP-GU;V4-L0X;ZVN5-H
A-ZLHX,Syndicate,-0.33,Syndicate,M 26B 5,5-T0PZ;UTKS-5
BMNV-P,Syndicate,-0.18,Syndicate,M 66B 26,31-MLU;A9D-R0;BY-S36;RF-GGF;X-M2LR
BY-S36,Syndicate,-0.02,Syndicate,M 25B 9,BMNV-P
CIS-7X,Syndicate,-0.01,Syndicate,M 50B 15,4-JWWQ;DCHR-L;G-6SXJ;RSS-KA
CY-ZLP,Syndicate,-0.35,Syndicate,M 14B 8,98Q-8O;ZV-72W
D85-VD,Syndicate,-0.02,Syndicate,M 14B 6,Faurulle;KFR-ZE
D-B7YK,Syndicate,-0.05,Syndicate,M 57B 8,3-IN0V
DCHR-L,Syndicate,-0.01,Syndicate,M 43B 5,CIS-7X;EU0I-T;G-6SXJ;RSS-KA
DP34-U,Syndicate,-0.36,Syndicate,M 33B 9,617I-I;6-U2M8;XS-XAY
DUV-5Y,Syndicate,-0.03,Syndicate,M 71B 14,3-IN0V;EF-F36
EF-F36,Syndicate,-0.03,Syndicate,M 27B 4,3-IN0V;DUV-5Y;GRNJ-3;Outer Ring;P-NUWP
EN-VOD,Syndicate,-0.03,Syndicate,M 84B 16,10UZ-P
EU0I-T,Syndicate,-0.01,Syndicate,M 20B 4,DCHR-L;RSS-KA
EZA-FM,Syndicate,-0.16,Syndicate,M 31B 4,6-CZ49;8-JYPM;JH-M2W;PVH8-0
F67E-Q,Syndicate,-0.02,Syndicate,M 56B 15,MHC-R3;Poitot
FD-MLJ,Syndicate,-0.04,Syndicate,M 20B 9,PF-346;X-BV98;X-M2LR
G-6SXJ,Syndicate,-0.01,Syndicate,M 41B 10,CIS-7X;DCHR-L
GRNJ-3,Syndicate,-0.03,Syndicate,M 59B 17,EF-F36
I0AB-R,Syndicate,-0.25,Syndicate,M 9B 2,617I-I;6-U2M8;A-3ES3
IIRH-G,Syndicate,-0.26,Syndicate,M 11B 3,35-RK9;VV-VCR
I-YGGI,Syndicate,-0.20,Syndicate,M 46B 11,UTKS-5
JH-M2W,Syndicate,-0.12,Syndicate,M 49B 22,EZA-FM;M2-CF1;PC9-AY;PVH8-0;ZVN5-H
K5-JRD,Syndicate,-0.09,Syndicate,M 51B 14,8V-SJJ;X-M2LR
KFR-ZE,Syndicate,-0.01,Syndicate,M 44B 19,D85-VD;U0V6-T;Y-W6GF
KLYN-8,Syndicate,-0.01,Syndicate,M 58B 22,5-VKCN;Y-W6GF
KTHT-O,Syndicate,-0.05,Syndicate,M 74B 17,1-NKVT;V4-L0X
LSC4-P,Syndicate,-0.31,Syndicate,M 63B 14,0LTQ-C;10UZ-P
M2-CF1,Syndicate,-0.14,Syndicate,M 29B 6,8-JYPM;97X-CH;JH-M2W;VV-VCR
MHC-R3,Syndicate,-0.03,Syndicate,M 59B 5,2X-PQG;6E-578;F67E-Q;Harroule;UM-Q7F
MXYS-8,Syndicate,-0.39,Syndicate,M 18B 2,6-U2M8
NG-C6Y,Syndicate,0.00,Syndicate,M 39B 16,TXW-EI;XYY-IA
PC9-AY,Syndicate,-0.16,Syndicate,M 53B 26,JH-M2W;T22-QI;X-PYH5
PF-346,Syndicate,-0.35,Syndicate,M 42B 10,FD-MLJ;Orvolle
PFP-GU,Syndicate,-0.05,Syndicate,M 16B 3,0EK-NJ;ATY-2U;V4-L0X
Poitot,Syndicate,-0.02,Syndicate,M 39B 8,F67E-Q;X-BV98
Pure Blind,Syndicate,-0.12,,,G-M4I8;Saranen;Z-Y7R7
PVH8-0,Syndicate,-0.10,Syndicate,M 68B 7,6-CZ49;EZA-FM;JH-M2W;ZVN5-H
QWF-6P,Syndicate,-0.13,Syndicate,M 54B 6,1-NKVT;8-JYPM;AAS-8R
RF-GGF,Syndicate,-0.25,Syndicate,M 15B 1,31-MLU;BMNV-P
RLL-9R,Syndicate,-0.01,Syndicate,M 54B 11,4L-E5P;51-5XG
RSS-KA,Syndicate,-0.01,Syndicate,M 63B 17,4-JWWQ;CIS-7X;DCHR-L;EU0I-T;VSIG-K
S-GKKR,Syndicate,-0.02,Syndicate,M 7B 6,9GYL-O;VLGD-R
S-U8A4,Syndicate,-0.45,Syndicate,M 44B 18,2G38-I;6-U2M8;98Q-8O;ZV-72W
T22-QI,Syndicate,-0.17,Syndicate,M 58B 8,PC9-AY
T-LIWS,Syndicate,-0.07,Syndicate,M 84B 18,UM-Q7F;V4-L0X
TXW-EI,Syndicate,-0.01,Syndicate,M 40B 6,3MOG-V;5-FGQI;NG-C6Y;Vestouve
U0V6-T,Syndicate,-0.01,Syndicate,M 61B 17,KFR-ZE
U4-Q2V,Syndicate,-0.38,Syndicate,M 8B 7,ZV-72W
UFXF-C,Syndicate,-0.01,Syndicate,M 29B 4,4L-E5P;51-5XG
UM-Q7F,Syndicate,-0.05,Syndicate,M 29B 7,0EK-NJ;MHC-R3;T-LIWS
UTKS-5,Syndicate,-0.37,Syndicate,M 5B 3,A-ZLHX;I-YGGI;Y9G-KS
V4-L0X,Syndicate,-0.07,Syndicate,M 60B 10,AAS-8R;ATY-2U;KTHT-O;PFP-GU;T-LIWS
VLGD-R,Syndicate,-0.02,Syndicate,M 54B 8,9GYL-O;S-GKKR
VSIG-K,Syndicate,0.00,Syndicate,M 44B 9,E9G-MT;RSS-KA
VV-VCR,Syndicate,-0.17,Syndicate,M 51B 8,5-75MB;IIRH-G;M2-CF1
X-BV98,Syndicate,-0.04,Syndicate,M 62B 16,FD-MLJ;Poitot
X-M2LR,Syndicate,-0.13,Syndicate,M 58B 11,BMNV-P;FD-MLJ;K5-JRD
X-PYH5,Syndicate,-0.20,Syndicate,M 39B 16,PC9-AY;ZN0-SR
XS-XAY,Syndicate,-0.34,Syndicate,M 27B 2,35-RK9;617I-I;6-U2M8;DP34-U
XYY-IA,Syndicate,-0.01,Syndicate,M 34B 5,NG-C6Y
Y9G-KS,Syndicate,-0.38,Syndicate,M 40B 10,97X-CH;Conomette;Pertnineere;UTKS-5
Y-W6GF,Syndicate,-0.01,Syndicate,M 47B 6,3MOG-V;5KS-AB;KFR-ZE;KLYN-8
ZN0-SR,Syndicate,-0.23,Syndicate,M 56B 10,5-DSFH;AK-QBU;X-PYH5
Z-QENW,Syndicate,-0.04,Syndicate,M 23B 14,3-IN0V
ZV-72W,Syndicate,-0.42,Syndicate,M 33B 8,98Q-8O;CY-ZLP;S-U8A4;U4-Q2V
ZVN5-H,Syndicate,-0.08,Syndicate,M 48B 10,6E-578;8-JYPM;AAS-8R;ATY-2U;JH-M2W;PVH8-0
Abai,Tash-Murkon,0.7,Amarr,M 87B 21,Baviasi;Iro;Nehkiah;Thashkarai
Adahum,Tash-Murkon,0.6,Amarr,M 54B 34,Goram
Adar,Tash-Murkon,0.8,Amarr,M 7B 5,Goni;Paye
Ahkour,Tash-Murkon,0.7,Amarr,M 42B 26,Gaknem;Nehkiah
Ahrosseas,Tash-Murkon,0.6,Amarr,M 58B 3,Goram;Jarzalad
Ahteer,Tash-Murkon,0.7,Amarr,M 70B 35,Sharios
Alra,Tash-Murkon,0.8,Amarr,M 64B 10,Ilas;Sinid;Tew;Zith
Anjedin,Tash-Murkon,0.5,Amarr,M 77B 4,Ivih;Pimebeka;Tendhyes;Teshkat;Tividu
Arakor,Tash-Murkon,0.7,Amarr,M 59B 22,Judra
Arkoz,Tash-Murkon,0.8,Amarr,M 51B 6,Yanuel
Asesamy,Tash-Murkon,0.6,Amarr,M 49B 12,Hostni;Onazel
Asezai,Tash-Murkon,0.6,Amarr,M 6B 2,Azerakish;Ferira;Hoona;Lossa;Yeder
Assiad,Tash-Murkon,0.9,Amarr,M 41B 12,Kerepa;Marthia;Nosodnis;Rumida
Atoosh,Tash-Murkon,0.6,Amarr,M 24B 4,Hoona;Sacalan;Sinid;Thashkarai;Unkah
Azerakish,Tash-Murkon,0.6,Amarr,M 67B 18,Asezai;Lari;Moutid;Yasud;Yeder
Azhgabid,Tash-Murkon,0.8,Amarr,M 76B 12,Rand;Taru
Baviasi,Tash-Murkon,0.8,Amarr,M 20B 7,Abai;Pimebeka;Tash-Murkon Prime
Chamume,Tash-Murkon,0.3,Amarr,M 44B 13,Gemodi
Dabrid,Tash-Murkon,0.6,Amarr,M 57B 12,Gyerzen;Sehmosh
Emrayur,Tash-Murkon,0.9,Amarr,M 22B 4,Lossa;Shesha;Tash-Murkon Prime;Tew
Esa,Tash-Murkon,0.8,Amarr,M 56B 8,Kari;Uhodoh
Ferira,Tash-Murkon,0.6,Amarr,M 42B 9,Asezai;Yeder
Gaknem,Tash-Murkon,0.6,Amarr,M 62B 15,Ahkour;Nehkiah;Phoren
Gemodi,Tash-Murkon,0.4,Amarr,M 44B 6,Chamume;Hibi;Pera;Yong
Ghishul,Tash-Murkon,0.7,Amarr,M 52B 16,Yasud;Yeder
Goni,Tash-Murkon,0.8,Amarr,M 76B 8,Adar;Paye;Shesha
Goram,Tash-Murkon,0.6,Amarr,M 65B 21,Adahum;Ahrosseas;Andabiar;Tendhyes;Tividu
Gyerzen,Tash-Murkon,0.4,Amarr,M 61B 9,Dabrid
Hath,Tash-Murkon,0.8,Amarr,M 68B 9,Sharios;Uhodoh
Hibi,Tash-Murkon,0.5,Amarr,M 57B 20,Gemodi;Nuzair;Pera;Tendhyes
Hilaban,Tash-Murkon,0.9,Amarr,M 58B 7,Pasha;Shesha;Tash-Murkon Prime
Hoona,Tash-Murkon,0.5,Amarr,M 58B 7,Asezai;Atoosh;Lossa;Mimen;Sacalan
Hostni,Tash-Murkon,0.8,Amarr,M 45B 13,Asesamy;Kibursha;Mimime
Ilas,Tash-Murkon,0.8,Amarr,M 82B 16,Alra;Sinid;Tew;Zith
Imeshasa,Tash-Murkon,0.6,Amarr,M 9B 5,Jarzalad;Sacalan
Iro,Tash-Murkon,0.6,Amarr,M 79B 25,Abai;Aldali;Nehkiah
Iswa,Tash-Murkon,0.8,Amarr,M 31B 11,Rumida;Sizamod
Ivih,Tash-Murkon,0.5,Amarr,M 73B 13,Anjedin;Sehmosh;Seil
Jarzalad,Tash-Murkon,0.6,Amarr,M 70B 18,Ahrosseas;Imeshasa;Matyas;Nafomeh;Pimsu
Jinizu,Tash-Murkon,0.8,Amarr,M 47B 7,Taru
Judra,Tash-Murkon,0.8,Amarr,M 28B 6,Arakor;Uhodoh
Kari,Tash-Murkon,0.6,Amarr,M 59B 11,Esa;Y-MPWL
Kerepa,Tash-Murkon,0.9,Amarr,M 22B 4,Assiad
Keshirou,Tash-Murkon,0.2,Amarr,M 17B 7,Nasesharafa;Ordat;Rethan;Teshkat
Kibursha,Tash-Murkon,0.8,Amarr,M 5B 3,Hostni;Moutid
Kor-Azor,Tash-Murkon,0.4,,,Narai
Lari,Tash-Murkon,0.5,Amarr,M 62B 12,Azerakish
Lossa,Tash-Murkon,0.8,Amarr,M 33B 5,Asezai;Emrayur;Hoona;Onazel
Mani,Tash-Murkon,0.8,Amarr,M 36B 9,Seil;Sinid;Zehru
Marthia,Tash-Murkon,0.9,Amarr,M 72B 13,Assiad;Rand;Safilbab;Tash-Murkon Prime;Yanuel
Matyas,Tash-Murkon,0.6,Amarr,M 69B 23,Jarshitsan;Jarzalad
Mimen,Tash-Murkon,0.5,Amarr,M 6B 4,Hoona;Sacalan;Unkah
Mimime,Tash-Murkon,0.8,Amarr,M 48B 12,Gousoviba;Hostni;Perdan
Modun,Tash-Murkon,0.3,Amarr,M 56B 13,Sagain;Saminer
Moutid,Tash-Murkon,0.7,Amarr,M 34B 4,Azerakish;Kibursha;Yasud
Nafomeh,Tash-Murkon,0.7,Amarr,M 45B 5,Artoun;Jarzalad;Khopa;Pimsu
Nafrivik,Tash-Murkon,0.6,Amarr,M 65B 19,Phoren;Remoriu;Yanuel
Nasesharafa,Tash-Murkon,0.2,Amarr,M 8B 4,Keshirou;Tirbam
Nehkiah,Tash-Murkon,0.6,Amarr,M 45B 3,Abai;Ahkour;Gaknem;Iro;Siyi
Nosodnis,Tash-Murkon,0.9,Amarr,M 54B 17,Assiad
Nuzair,Tash-Murkon,0.5,Amarr,M 18B 7,Hibi;Shousran
Onazel,Tash-Murkon,0.7,Amarr,M 8B 3,Asesamy;Lossa;Turba
Ordat,Tash-Murkon,0.3,Amarr,M 15B 3,Keshirou;Rethan;Teshkat
Pasha,Tash-Murkon,0.9,Amarr,M 22B 4,Hilaban
Paye,Tash-Murkon,0.6,Amarr,M 57B 13,Adar;Goni;Sagain
Pera,Tash-Murkon,0.5,Amarr,M 44B 2,Gemodi;Hibi;Shousran
Perdan,Tash-Murkon,0.9,Amarr,M 28B 7,Mimime
Phoren,Tash-Murkon,0.6,Amarr,M 17B 5,Gaknem;Nafrivik
Pimebeka,Tash-Murkon,0.7,Amarr,M 49B 15,Anjedin;Baviasi;Tash-Murkon Prime
Pimsu,Tash-Murkon,0.7,Amarr,M 38B 11,Elmed;Jarzalad;Nafomeh;Riramia;Uanim
Rand,Tash-Murkon,0.9,Amarr,M 57B 17,Azhgabid;Marthia;Rumida
Remoriu,Tash-Murkon,0.7,Amarr,M 9B 3,Nafrivik;Tash-Murkon Prime;Thashkarai;Yanuel
Rethan,Tash-Murkon,0.4,Amarr,M 68B 6,Keshirou;Ordat;Teshkat
Riramia,Tash-Murkon,0.6,Amarr,M 38B 16,Joppaya;Pimsu
Rumida,Tash-Murkon,0.9,Amarr,M 46B 6,Assiad;Iswa;Rand
Sacalan,Tash-Murkon,0.6,Amarr,M 40B 7,Atoosh;Hoona;Imeshasa;Mimen;Thashkarai
Safilbab,Tash-Murkon,0.9,Amarr,M 22B 4,Marthia
Sagain,Tash-Murkon,0.4,Amarr,M 77B 25,Modun;Paye;Saminer
Saminer,Tash-Murkon,0.3,Amarr,M 16B 6,F7-ICZ;Modun;Sagain;Stain
Sehmosh,Tash-Murkon,0.6,Amarr,M 93B 30,Dabrid;Ivih;Seil
Seil,Tash-Murkon,0.6,Amarr,M 60B 13,Ivih;Mani;Sehmosh
Seitam,Tash-Murkon,0.9,Amarr,M 22B 4,Zehru
Sharios,Tash-Murkon,0.7,Amarr,M 24B 7,Ahteer;Hath
Shesha,Tash-Murkon,0.9,Amarr,M 2B 4,Emrayur;Goni;Hilaban
Shousran,Tash-Murkon,0.6,Amarr,M 41B 18,Nomash;Nuzair;Pera;Yong
Sinid,Tash-Murkon,0.7,Amarr,M 17B 8,Alra;Atoosh;Ilas;Mani;Zith
Siyi,Tash-Murkon,0.5,Amarr,M 44B 6,Nehkiah
Sizamod,Tash-Murkon,0.7,Amarr,M 63B 13,Iswa
Taru,Tash-Murkon,0.8,Amarr,M 58B 14,Azhgabid;Jinizu;Yanuel
Tash-Murkon Prime,Tash-Murkon,0.8,Amarr,M 40B 27,Baviasi;Bhizheba;Emrayur;Hilaban;Marthia;Pimebeka;Remoriu;Yanuel
Tendhyes,Tash-Murkon,0.6,Amarr,M 42B 12,Anjedin;Goram;Hibi;Tividu
Teshkat,Tash-Murkon,0.4,Amarr,M 9B 4,Anjedin;Keshirou;Ordat;Rethan
Tew,Tash-Murkon,0.9,Amarr,M 27B 10,Alra;Emrayur;Ilas;Zehru;Zith
Thashkarai,Tash-Murkon,0.6,Amarr,M 7B 5,Abai;Atoosh;Remoriu;Sacalan
Tirbam,Tash-Murkon,0.2,Amarr,M 15B 4,Nasesharafa
Tividu,Tash-Murkon,0.6,Amarr,M 26B 2,Anjedin;Goram;Tendhyes
Uhodoh,Tash-Murkon,0.8,Amarr,M 70B 18,Esa;Hath;Judra;Zehru
Unkah,Tash-Murkon,0.6,Amarr,M 39B 17,Atoosh;Mimen
Yanuel,Tash-Murkon,0.8,Amarr,M 52B 14,Arkoz;Marthia;Nafrivik;Remoriu;Taru;Tash-Murkon Prime
Yasud,Tash-Murkon,0.6,Amarr,M 72B 26,Azerakish;Ghishul;Moutid
Yeder,Tash-Murkon,0.6,Amarr,M 69B 17,Asezai;Azerakish;Ferira;Ghishul
Yong,Tash-Murkon,0.3,Amarr,M 15B 11,Biphi;Gemodi;Shousran
Zehru,Tash-Murkon,0.9,Amarr,M 49B 12,Mani;Seitam;Tew;Uhodoh
Zith,Tash-Murkon,0.9,Amarr,M 27B 13,Alra;Ilas;Sinid;Tew
0M-103,Tenal,-0.32,FRT (5),M 33B 4,HE5T-A;Z-LO6I
0-UVHJ,Tenal,-0.08,FRT (5),M 31B 8,IG-ZAM;NCG-PW;U1TX-A
1BWK-S,Tenal,-0.22,FRT (1),M 28B 4,NV-3KA;RKE-CP;U1TX-A
1QH-0K,Tenal,-0.07,FRT (5),M 70B 12,PNS7-J;W8O-19;ZH3-BS
2-3Q2G,Tenal,-1.00,FRT (5),M 54B 7,Branch;V7-MID;ZIU-EP
30-D5G,Tenal,-0.95,FRT (5),M 22B 8,R-YWID
33CE-7,Tenal,-0.38,FRT (5),M62B27,6-AOLS
3DR-CR,Tenal,-0.12,FRT (5),M 55B 9,H1-ESN;RLTG-3
3-QYVE,Tenal,-1.00,FRT (5),M 39B 18,P-UCRP
5-O8B1,Tenal,-0.30,FRT (5),M 40B 8,G06-8Y;KW-1MV;S-KSWL
6-AOLS,Tenal,-0.49,FRT (5),M 16B 4,33CE-7;C-XNUA;G06-8Y;L-P3XM
6OYQ-Z,Tenal,-0.21,FRT (5),M 37B 11,Z-LO6I
7D-PAT,Tenal,-0.65,FRT (5),M 56B 12,C-XNUA;V-LDEJ
A-1IJ9,Tenal,-0.22,FRT (1),M 5B 2,RKE-CP;Y-YHZQ
A1RR-M,Tenal,-0.85,FRT (1),M 33B 12,AR-5SY;GW7P-8;OE-4HB;SF-XJS
AR-5SY,Tenal,-0.94,FRT (1),M 54B 13,A1RR-M;GW7P-8;OE-4HB
C-XNUA,Tenal,-0.70,FRT (5),M 33B 6,6-AOLS;7D-PAT
DCJ-ZT,Tenal,-0.14,FRT (5),M 55B 14,KMV-CQ;O36A-P
EN-GTB,Tenal,-0.32,FRT (5),M 63B 7,T-K10W;ZK-YQ3
EOY-BG,Tenal,-0.07,FRT (5),M 3B 6,B3QP-K;IG-ZAM;S-EVIQ
G06-8Y,Tenal,-0.31,FRT (5),M 63B 24,5-O8B1;6-AOLS;IKTD-P;SZ6-TA;U-O2DA;WV-0R2
GW7P-8,Tenal,-0.68,FRT (1),M 63B 20,A1RR-M;AR-5SY;OE-4HB;Y-YHZQ;Z-SR1I
H1-ESN,Tenal,-0.12,FRT (5),M 32B 5,3DR-CR;OJ-A8M
HB-FSO,Tenal,-0.64,FRT (5),M 43B 9,J1-KJP;R-YWID
HE5T-A,Tenal,-0.33,FRT (5),M 4B 6,0M-103
I1-BE8,Tenal,-0.21,FRT (5),M 38B 8,ZJ-QOO;ZK-YQ3
IG-ZAM,Tenal,-0.07,FRT (5),M 54B 18,0-UVHJ;EOY-BG;NCG-PW
IKTD-P,Tenal,-0.50,FRT (5),M 46B 6,G06-8Y
J1-KJP,Tenal,-0.65,FRT (5),M 49B 10,HB-FSO;R-YWID;S-KSWL
JI-1UQ,Tenal,-0.38,FRT (5),M 50B 7,MZPH-W;W0X-MG
JSI-LL,Tenal,-0.50,FRT (5),M 13B 1,M-UC0S;Q1U-IU;SY0W-2;U5-XW7
KMV-CQ,Tenal,-0.08,FRT (1),M 17B 8,DCJ-ZT;NV-3KA;U1TX-A
KW-1MV,Tenal,-0.30,FRT (5),M 50B 7,5-O8B1
L-P3XM,Tenal,-0.44,FRT (5),M 50B 10,6-AOLS
M-UC0S,Tenal,-0.64,FRT (5),M 8B 4,JSI-LL;SY0W-2;V7-MID
MZPH-W,Tenal,-0.38,FRT (5),M 19B 2,JI-1UQ;U5-XW7;W0X-MG;ZK-YQ3
NCG-PW,Tenal,-0.11,FRT (5),M 29B 14,0-UVHJ;IG-ZAM;S-KSWL
NV-3KA,Tenal,-0.12,FRT (1),M 34B 7,1BWK-S;KMV-CQ;RKE-CP
O36A-P,Tenal,-0.08,FRT (5),M 48B 17,DCJ-ZT;Z-LO6I
OE-4HB,Tenal,-1.00,FRT (1),M 24B 7,42XJ-N;A1RR-M;AR-5SY;GW7P-8
PNS7-J,Tenal,-0.05,FRT(5),M29B4,1QH-0K;S-EVIQ
P-UCRP,Tenal,-0.85,FRT (5),M 42B 3,3-QYVE;V-LDEJ
Q1U-IU,Tenal,-0.47,FRT (5),M 58B 16,CH9L-K;JSI-LL
RKE-CP,Tenal,-0.21,FRT (1),M 8B 7,1BWK-S;A-1IJ9;NV-3KA;S-1LIO
RLTG-3,Tenal,-0.06,FRT (5),M 50B 8,3DR-CR;S-EVIQ
R-YWID,Tenal,-0.74,FRT (5),M 60B 25,30-D5G;HB-FSO;J1-KJP;S-KSWL
S-1LIO,Tenal,-0.10,FRT (1),M 17B 0,RKE-CP
S-EVIQ,Tenal,-0.05,FRT (5),M 8B 5,EOY-BG;PNS7-J;RLTG-3
SF-XJS,Tenal,-0.31,FRT (1),M 66B 17,A1RR-M;HB-5L3;Y-YHZQ
S-KSWL,Tenal,-0.43,FRT (5),M 22B 3,5-O8B1;J1-KJP;NCG-PW;R-YWID
SY0W-2,Tenal,-0.58,FRT (5),M 45B 11,JSI-LL;M-UC0S
SZ6-TA,Tenal,-0.23,FRT (5),M 47B 13,G06-8Y;U-O2DA
T-K10W,Tenal,-0.73,FRT (5),M 41B 9,EN-GTB;V-LDEJ
U1TX-A,Tenal,-0.11,FRT (1),M 33B 5,0-UVHJ;1BWK-S;KMV-CQ
U5-XW7,Tenal,-0.44,FRT (5),M 6B 6,JSI-LL;MZPH-W
U-O2DA,Tenal,-0.20,FRT (5),M 17B 16,G06-8Y;SZ6-TA
V7-MID,Tenal,-0.91,FRT (5),M 68B 11,2-3Q2G;M-UC0S
V-LDEJ,Tenal,-0.70,FRT (5),M 17B 1,7D-PAT;P-UCRP;T-K10W
W0X-MG,Tenal,-0.27,FRT (5),M 41B 7,JI-1UQ;MZPH-W
W8O-19,Tenal,-0.11,FRT (5),M 27B 7,1QH-0K
WV-0R2,Tenal,-0.82,FRT (5),M 28B 8,G06-8Y
Y-YHZQ,Tenal,-0.41,FRT (1),M 63B 24,A-1IJ9;GW7P-8;SF-XJS;Z-SR1I
ZH3-BS,Tenal,-0.09,FRT (5),M 37B 28,1QH-0K;ZJ-QOO
ZJ-QOO,Tenal,-0.21,FRT (5),M 6B 2,I1-BE8;ZH3-BS;ZXA-V6
ZK-YQ3,Tenal,-0.39,FRT (5),M 57B 17,EN-GTB;I1-BE8;MZPH-W
Z-LO6I,Tenal,-0.22,FRT (5),M 43B 9,0M-103;6OYQ-Z;O36A-P
Z-SR1I,Tenal,-0.62,FRT (1),M 13B 7,GW7P-8;Y-YHZQ
ZXA-V6,Tenal,-0.30,FRT (5),M 36B 10,T-Q2DD;ZJ-QOO
0P-U0Q,Tenerifis,-0.48,BRAVE (5),M 44B 17,B-6STA;XGH-SH
0VK-43,Tenerifis,-0.13,BRAVE (5),M 51B 0,CCE-0J;TY2X-C;X-1QGA
16AM-3,Tenerifis,-0.17,BRAVE (5),M 13B 0,B8HU-Z;BB-EKF;DZ6-I5
2PG-KN,Tenerifis,-0.76,BRAVE (5),M35B 4,PEK-8Z
3L3N-X,Tenerifis,-0.18,BRAVE (5),M 71B 0,4-P4FE;Catch;Q-S7ZD;UALX-3
3Q1T-O,Tenerifis,-0.22,BRAVE (5),M 20B 0,8-4KME;F-ZBO0
46DP-O,Tenerifis,-0.66,BRAVE (5),M 35B 10,77S8-E;9-980U;T6GY-Y;ZO-P5K
4-IT9G,Tenerifis,-0.46,BRAVE (5),M 63B 19,9-MJVQ
4-P4FE,Tenerifis,-0.33,BRAVE (5),M 45B 0,3L3N-X;QRBN-M;RH0-EG
5-NZNW,Tenerifis,-0.22,BRAVE (5),M 57B 0,8-BEW8;NZW-ZO
6-IAFR,Tenerifis,-0.24,BRAVE (5),M 51B 0,Y-ORBJ;ZD1-Z2
78R-PI,Tenerifis,-0.43,BRAVE (5),M 67B 0,D-9UEV;H-HWQR;RH0-EG
7KIK-H,Tenerifis,-0.32,BRAVE (5),M 7B 0,B-6STA;T6GY-Y
7M4C-F,Tenerifis,-0.08,BRAVE (5),M 29B 0,MS1-KJ;Y-EQ0C
8-4KME,Tenerifis,-0.27,BRAVE (5),M 32B 0,3Q1T-O;T6GY-Y
8-BEW8,Tenerifis,-0.24,BRAVE(5),M 36B 0,5-NZNW;MS1-KJ;NZW-ZO;Y-EQ0C
9-980U,Tenerifis,-0.74,BRAVE (5),M 66B 19,46DP-O;EMIG-F;M-RPN3
9-MJVQ,Tenerifis,-0.49,BRAVE (5),M 34B 7,4-IT9G;L2GN-K;PDF-3Z
ABE-M2,Tenerifis,-0.36,BRAVE (5),M 27B 0,IL-YTR;U2U5-A;W-16DY
A-REKV,Tenerifis,-0.29,BRAVE (5),M 2B 0,WE-KK2
B-6STA,Tenerifis,-0.60,BRAVE (5),M 53B 7,0P-U0Q;7KIK-H
B8HU-Z,Tenerifis,-0.33,BRAVE (5),M 72B 0,16AM-3;Q5KZ-W
BB-EKF,Tenerifis,-0.17,BRAVE (5),M 52B 0,16AM-3
BW-WJ2,Tenerifis,-0.14,BRAVE (5),M43B0,S4-9DN;XVV-21
C3-0YD,Tenerifis,-0.56,BRAVE (5),M 41B 18,PDF-3Z;QRBN-M
Catch,Tenerifis,-0.14,,,3L3N-X;XD-JW7
CCE-0J,Tenerifis,-0.19,BRAVE (5),M 49B 0,0VK-43;X-1QGA
C-FD0D,Tenerifis,-0.32,BRAVE (5),M 70B 0,S-9RCJ;W-16DY;ZD1-Z2
D-9UEV,Tenerifis,-0.32,BRAVE (5),M 66B 0,78R-PI;H-HWQR;RH0-EG
DT-PXH,Tenerifis,-0.11,BRAVE (5),M 25B 0,S4-9DN;UALX-3
DZ6-I5,Tenerifis,-0.19,BRAVE (5),M 44B 0,16AM-3;G1-0UI;QCDG-H;QLU-P0;R-XDKM;XUDX-A
EMIG-F,Tenerifis,-0.70,BRAVE (5),M 76B 13,9-980U;ZO-P5K
EQWO-Y,Tenerifis,-0.36,BRAVE (5),M 37B 0,QI9-42;U2U5-A
FE-6YQ,Tenerifis,-0.20,BRAVE (5),M 65B 0,M-4KDB;ZMV9-A
Feythabolis,Tenerifis,-0.14,,,9MWZ-B
F-ZBO0,Tenerifis,-0.19,BRAVE (5),M 40B 0,3Q1T-O;NR8S-Y
G1-0UI,Tenerifis,-0.33,BRAVE (5),M 27B 0,DZ6-I5;QLU-P0;XUDX-A
G-D0N3,Tenerifis,-0.72,BRAVE (5),M 91B 17,T-AKQZ;XGH-SH
H-HWQR,Tenerifis,-0.35,BRAVE (5),M 61B 0,1-7KWU;78R-PI;D-9UEV
IL-YTR,Tenerifis,-0.59,BRAVE (5),M 13B 2,ABE-M2;KW-OAM
JI1-SY,Tenerifis,-0.22,BRAVE (5),M 71B 0,T2-V8F;X-1QGA;YF-P4X
JK-Q77,Tenerifis,-0.66,BRAVE (5),M 52B 17,KW-OAM;YF-P4X
JV1V-O,Tenerifis,-1.00,BRAVE (5),M 4B 4,M-RPN3
KW-OAM,Tenerifis,-0.65,BRAVE (5),M 62B 10,IL-YTR;JK-Q77
L2GN-K,Tenerifis,-0.45,BRAVE (5),M 52B 0,9-MJVQ
M-4KDB,Tenerifis,-0.25,BRAVE (5),M 49B 0,FE-6YQ;W-16DY
M-RPN3,Tenerifis,-0.90,BRAVE (5),M 76B 27,9-980U;JV1V-O
MS1-KJ,Tenerifis,-0.13,BRAVE (5),M 79B 0,7M4C-F;8-BEW8
NR8S-Y,Tenerifis,-0.16,BRAVE (5),M 77B 0,F-ZBO0;QLU-P0
NZW-ZO,Tenerifis,-0.35,BRAVE(5),M 62B 0,5-NZNW;8-BEW8;WSK-1A
OQTY-Z,Tenerifis,-0.37,BRAVE (5),M 55B 0,QLU-P0
PDF-3Z,Tenerifis,-0.58,BRAVE (5),M 59B 6,9-MJVQ;C3-0YD;PEK-8Z
PEK-8Z,Tenerifis,-0.70,BRAVE (5),M 38B 8,2PG-KN;PDF-3Z
Q0G-L8,Tenerifis,-0.25,BRAVE (5),M48B0,Q5KZ-W;TY2X-C
Q5KZ-W,Tenerifis,-0.46,BRAVE (5),M 44B 8,B8HU-Z;Q0G-L8;WE-KK2
QCDG-H,Tenerifis,-0.13,BRAVE (5),M 13B 0,DZ6-I5;Y-EQ0C
QI9-42,Tenerifis,-0.31,BRAVE (5),M 45B 0,EQWO-Y;U2U5-A;YF-P4X
QLU-P0,Tenerifis,-0.27,BRAVE(5),M 53B 0,DZ6-I5;G1-0UI;NR8S-Y;OQTY-Z;XUDX-A
QRBN-M,Tenerifis,-0.51,BRAVE (5),M 35B 13,4-P4FE;C3-0YD
R1-IMO,Tenerifis,-0.44,BRAVE (5),M 15B 0,RU-PT9;T6GY-Y
RH0-EG,Tenerifis,-0.35,BRAVE (5),M 78B 0,4-P4FE;78R-PI;D-9UEV
R-XDKM,Tenerifis,-0.24,BRAVE (5),M 3B 0,DZ6-I5
S4-9DN,Tenerifis,-0.09,BRAVE (5),M 81B 0,BW-WJ2;DT-PXH;WB-AYY
S-9RCJ,Tenerifis,-0.30,BRAVE (5),M 59B 0,C-FD0D;W-16DY;ZMV9-A
T2-V8F,Tenerifis,-0.25,BRAVE (5),M 20B 0,JI1-SY;JI-LGM
T6GY-Y,Tenerifis,-0.49,BRAVE (5),M 47B 17,46DP-O;7KIK-H;8-4KME;R1-IMO
T-AKQZ,Tenerifis,-0.70,BRAVE (5),M 32B 23,G-D0N3
TY2X-C,Tenerifis,-0.16,BRAVE(5),M 6B 0,0VK-43;Q0G-L8;X-1QGA
U2U5-A,Tenerifis,-0.42,BRAVE (5),M 33B 0,ABE-M2;EQWO-Y;QI9-42
UALX-3,Tenerifis,-0.19,BRAVE (5),M 30B 0,3L3N-X;DT-PXH;Y-ORBJ
W-16DY,Tenerifis,-0.29,BRAVE (5),M 61B 0,ABE-M2;C-FD0D;M-4KDB;S-9RCJ
WB-AYY,Tenerifis,-0.05,BRAVE (5),M 69B 0,S4-9DN
WE-KK2,Tenerifis,-0.39,BRAVE (5),M 54B 0,A-REKV;Q5KZ-W
WSK-1A,Tenerifis,-0.45,BRAVE(5),M 70B 6,NZW-ZO
X-1QGA,Tenerifis,-0.16,BRAVE (5),M 36B 0,0VK-43;CCE-0J;JI1-SY;TY2X-C
XGH-SH,Tenerifis,-0.70,BRAVE (5),M 80B 27,0P-U0Q;G-D0N3
XUDX-A,Tenerifis,-0.25,BRAVE(5),M 38B 0,DZ6-I5;G1-0UI;QLU-P0
Y-EQ0C,Tenerifis,-0.08,BRAVE(5),M 26B 0,7M4C-F;8-BEW8;QCDG-H
YF-P4X,Tenerifis,-0.24,BRAVE (5),M 26B 0,JI1-SY;JK-Q77;QI9-42
Y-ORBJ,Tenerifis,-0.28,BRAVE (5),M 44B 0,6-IAFR;UALX-3
ZD1-Z2,Tenerifis,-0.34,BRAVE (5),M 66B 0,6-IAFR;C-FD0D
ZMV9-A,Tenerifis,-0.23,BRAVE (5),M 56B 0,FE-6YQ;S-9RCJ;Y-FZ5N
ZO-P5K,Tenerifis,-0.66,BRAVE (5),M 69B 13,46DP-O;7L9-ZC;EMIG-F
Anka,The Bleak Lands,0.4,Amarr,M 85B 10,Gammel;Iesa;Sosala;Tannakan
Ayeroilen,The Bleak Lands,0.4,Amarr,M 59B 9,Imata;Komaa
Erkinen,The Bleak Lands,0.6,Amarr,M 40B 12,Komaa;Uusanen
Furskeshin,The Bleak Lands,0.6,Amarr,M 73B 21,Imata;Satalama
Gammel,The Bleak Lands,0.5,Amarr,M 44B 9,Anka;Ronne;Sosala
Hakodan,The Bleak Lands,0.7,Amarr,M 17B 4,Hatori;Ronne
Haras,The Bleak Lands,0.3,Amarr,M 82B 20,Sahtogas
Hatori,The Bleak Lands,0.6,Amarr,M 39B 9,Hakodan;Malpara;Ronne
Huola,The Bleak Lands,0.4,Amarr,M 37B 4,Kourmonen;Otelen;Roushzar
Iesa,The Bleak Lands,0.4,Amarr,M 78B 4,Anka;Netsalakka;Uusanen
Imata,The Bleak Lands,0.5,Amarr,M 19B 3,Ayeroilen;Furskeshin
Jarkkolen,The Bleak Lands,0.8,Amarr,M 68B 50,Hati;Junsen;Ronne
Junsen,The Bleak Lands,0.8,Amarr,M 26B 6,Jarkkolen
Kamela,The Bleak Lands,0.4,Amarr,M 7B 8,Choonka;Kourmonen;Lamaa;Ohide;Sosala;Tuomuta
Komaa,The Bleak Lands,0.6,Amarr,M 62B 10,Ayeroilen;Erkinen;Kurmaru
Kourmonen,The Bleak Lands,0.4,Amarr,M 77B 11,Auga;Huola;Kamela;Lamaa
Kuomi,The Bleak Lands,0.6,Amarr,M 58B 10,Otelen;Tuomuta
Kurmaru,The Bleak Lands,0.6,Amarr,M 8B 5,Komaa
Kurniainen,The Bleak Lands,0.1,Amarr,M 53B 17,Isbrabata;Oyonata;Saidusairos
Lamaa,The Bleak Lands,0.4,Amarr,M 61B 20,Kamela;Kourmonen;Tzvi
Malpara,The Bleak Lands,0.5,Amarr,M 24B 5,Hatori
Myyhera,The Bleak Lands,0.5,Amarr,M 44B 15,Netsalakka;Saikamon;Sasiekko
Netsalakka,The Bleak Lands,0.5,Amarr,M40B 9,Iesa;Myyhera;Sasiekko
Otelen,The Bleak Lands,0.8,Amarr,M 80B 34,Huola;Kuomi;Mahrokht
Oyonata,The Bleak Lands,0.3,Amarr,M 22B 11,Kurniainen;Sahtogas;Sosan
Ronne,The Bleak Lands,0.7,Amarr,M 39B 13,Gammel;Hakodan;Hatori;Jarkkolen
Sahtogas,The Bleak Lands,0.3,Amarr,M 48B 12,Haras;Oyonata;Saikamon;Tannakan
Saidusairos,The Bleak Lands,0.1,Amarr,M 43B 9,Gratesier;Kurniainen;Sinq Laison
Saikamon,The Bleak Lands,0.4,Amarr,M 42B 2,Myyhera;Sahtogas
Sasiekko,The Bleak Lands,0.5,Amarr,M 7B 1,Myyhera;Netsalakka;Sosala
Satalama,The Bleak Lands,0.7,Amarr,M 14B 1,Furskeshin
Sosala,The Bleak Lands,0.4,Amarr,M 6B 0,Anka;Gammel;Kamela;Sasiekko;Uusanen
Tannakan,The Bleak Lands,0.2,Amarr,M 33B 10,Anka;Sahtogas
The Bleak Lands,The Bleak Lands,0.4,,,Roushzar
Tuomuta,The Bleak Lands,0.5,Amarr,M 16B 3,Kamela;Kuomi
Uusanen,The Bleak Lands,0.4,Amarr,M 13B 1,Erkinen;Iesa;Sosala
Ahynada,The Citadel,0.8,Caldari,M 8B 6,Kausaaja;Oiniken;Paara;Tunttaras
Aikoro,The Citadel,0.8,Caldari,M 17B 1,Alikara;Funtanainen;Isikemi;Oiniken
Alikara,The Citadel,0.7,Caldari,M 60B 15,Aikoro;Isanamo;Kaimon;New Caldari;Vellaine
Annaro,The Citadel,0.8,Caldari,M 17B 5,Isutaka;Muvolailen;Paara
Anttiri,The Citadel,0.7,Caldari,M 26B 7,Isikesu;Juunigaishi;Sirppala;Suroken
Aramachi,The Citadel,0.5,Caldari,M 49B 0,Laah;Saila
Auviken,The Citadel,0.8,Caldari,M 39B 7,Kakki;Kausaaja;Ohvosamon;Oijamon
Eitu,The Citadel,0.5,Caldari,M 59B 13,Erila;Horkkisen
Enderailen,The Citadel,0.4,Caldari,M 69B 28,Kubinen;Rairomon
Eranakko,The Citadel,0.3,Gallente,M 40B 1,Onatoh;Sujarento
Erila,The Citadel,0.4,Caldari,M 7B 4,Eitu;Inoue
Haatomo,The Citadel,0.6,Caldari,M 29B 10,Suroken;Uedama
Halaima,The Citadel,0.7,Caldari,M 40B 4,Huttaken;Kamio;Sankkasen;Sarekuwa
Hasama,The Citadel,0.3,Caldari,M 29B 0,Mara;Nikkishina
Hasmijaala,The Citadel,0.3,Gallente,M 51B 21,Hysera;Nagamanen
Hatakani,The Citadel,0.9,Caldari,M 57B 18,Kassigainen;Sivala;Tennen;Yashunen
Hogimo,The Citadel,0.6,Caldari,M 48B 3,Huttaken;Kulelen;Venilen
Horkkisen,The Citadel,0.4,Caldari,M 28B 11,Eitu
Huttaken,The Citadel,0.6,Caldari,M 7B 5,Halaima;Hogimo;Rairomon
Hysera,The Citadel,0.4,Gallente,M 75B 19,Hasmijaala;Oisio;Oshaima
Iivinen,The Citadel,0.7,Caldari,M 107B 18,Sivala;Tennen
Ikao,The Citadel,0.6,Caldari,M 43B 8,Irjunen;Juunigaishi;Kamio;Santola;Uedama;Waskisen
Inari,The Citadel,0.5,Caldari,M 50B 5,Irjunen
Inaro,The Citadel,0.8,Caldari,M 55B 8,Kaaputenen;Sirppala;Sirseshin;Waskisen
Inoue,The Citadel,0.6,Caldari,M 56B 14,Erila;Isaziwa
Irjunen,The Citadel,0.5,Caldari,M 9B 4,Ikao;Inari;Waskisen
Isaziwa,The Citadel,0.7,Caldari,M 31B 9,Inoue;Oiniken
Isenairos,The Citadel,0.8,Caldari,M 36B 0,Oichiya;Saila;Uotila
Ishomilken,The Citadel,0.4,Caldari,M 35B 17,Nikkishina;Usi;Uuna
Isikesu,The Citadel,0.7,Caldari,M 22B 4,Anttiri;Juunigaishi
Isutaka,The Citadel,0.8,Caldari,M 6B 1,Annaro;Tasabeshi
Jeras,The Citadel,0.6,Caldari,M 27B 15,Ohvosamon;Oijamon;Usi
Juunigaishi,The Citadel,0.6,Caldari,M 38B 0,Anttiri;Ikao;Isikesu;Suroken;Uedama
Kaaputenen,The Citadel,0.8,Caldari,M 68B 20,Inaro;Kamio
Kaimon,The Citadel,0.7,Caldari,M 42B 8,Alikara;Kausaaja;Oiniken
Kakki,The Citadel,0.8,Caldari,M 72B 11,Auviken;Saikanen
Kamio,The Citadel,0.7,Caldari,M 53B 13,Halaima;Ikao;Kaaputenen
Kassigainen,The Citadel,0.9,Caldari,M 43B 1,Algogille;Hatakani;Pakhshi;Synchelle;Yashunen
Kausaaja,The Citadel,0.7,Caldari,M 50B 31,Ahynada;Auviken;Kaimon
Kubinen,The Citadel,0.4,Caldari,M 26B 8,Enderailen;Sivala;Uedama
Kulelen,The Citadel,0.5,Caldari,M 32B 12,Hogimo;Yria
Kusomonmon,The Citadel,0.8,Caldari,M 86B 18,Suroken;Urlen
Laah,The Citadel,0.9,Caldari,M 6B 4,Aramachi;Motsu;Oichiya
Lonetrek,The Citadel,0.3,,,Sarenemi
Manjonakko,The Citadel,0.3,Caldari,M 22B 9,Mushikegi;Uuna
Motsu,The Citadel,0.9,Caldari,M 47B 0,Laah;Oichiya
Muvolailen,The Citadel,0.7,Caldari,M 44B 7,Annaro;Jita;Maurasi;Paara
Nagamanen,The Citadel,0.3,Gallente,M 49B 9,Deven;Hasmijaala;Oto;Sujarento
Nikkishina,The Citadel,0.4,Caldari,M 38B 11,Hasama;Ishomilken
Ohvosamon,The Citadel,0.7,Caldari,M 35B 6,Auviken;Jeras
Oichiya,The Citadel,0.8,Caldari,M 65B 6,Isenairos;Laah;Motsu
Oijamon,The Citadel,0.8,Caldari,M 57B 5,Auviken;Jeras;Saikanen
Oiniken,The Citadel,0.7,Caldari,M 101B 31,Ahynada;Aikoro;Isaziwa;Kaimon
Oisio,The Citadel,0.5,Caldari,M 17B 5,Hysera;Oshaima;Yria
Onatoh,The Citadel,0.3,Gallente,M 33B 6,Eranakko;Sujarento;Tannolen
Ono,The Citadel,0.8,Caldari,M 71B 18,Tasabeshi
Oshaima,The Citadel,0.5,Caldari,M 11B 8,Hysera;Oisio;Yria
Oto,The Citadel,0.4,Gallente,M 26B 13,Nagamanen
Paara,The Citadel,0.8,Caldari,M 8B 3,Ahynada;Annaro;Muvolailen
Rairomon,The Citadel,0.6,Caldari,M 19B 7,Enderailen;Huttaken
Saikanen,The Citadel,0.9,Caldari,M 46B 6,Kakki;Oijamon
Saila,The Citadel,0.9,Caldari,M 41B 0,Aramachi;Isenairos
Sankkasen,The Citadel,0.7,Caldari,M 37B 21,Halaima;Tintoh;Waira
Santola,The Citadel,0.8,Caldari,M 45B 10,Ikao;Tintoh
Sirppala,The Citadel,0.9,Caldari,M 62B 4,Anttiri;Inaro;Urlen
Sivala,The Citadel,0.6,Caldari,M 17B 8,Hatakani;Iivinen;Kubinen;Uedama
Sujarento,The Citadel,0.3,Gallente,M 54B 8,Eranakko;Nagamanen;Onatoh;Tama
Suroken,The Citadel,0.7,Caldari,M 53B 0,Anttiri;Haatomo;Juunigaishi;Kusomonmon
Tama,The Citadel,0.3,Caldari,M 40B 4,Kedama;Nourvukaiken;Sujarento
Tannolen,The Citadel,0.3,Gallente,M 44B 18,Onatoh;Tierijev;Verge Vendor
Tasabeshi,The Citadel,0.8,Caldari,M 79B 16,Isutaka;Ono
Tennen,The Citadel,0.9,Caldari,M 39B 8,Hatakani;Iivinen;Unel;Yashunen
Tintoh,The Citadel,0.8,Caldari,M 40B 6,Sankkasen;Santola
Uedama,The Citadel,0.5,Caldari,M 32B 3,Haatomo;Ikao;Juunigaishi;Kubinen;Sivala
Uotila,The Citadel,0.6,Caldari,M 29B 5,Isenairos;Waira
Usi,The Citadel,0.5,Caldari,M 67B 12,Ishomilken;Jeras
Uuna,The Citadel,0.4,Caldari,M 62B 7,Ishomilken;Manjonakko
Venilen,The Citadel,0.6,Caldari,M 58B 10,Hogimo
Waira,The Citadel,0.5,Caldari,M 45B 5,Sankkasen;Uotila
Waskisen,The Citadel,0.7,Caldari,M 42B 20,Ikao;Inaro;Irjunen
Yashunen,The Citadel,0.9,Caldari,M 13B 4,Hatakani;Jolevier;Kassigainen;Tennen
Yria,The Citadel,0.5,Caldari,M 61B 5,Kulelen;Oisio;Oshaima
Abagawa,The Forge,0.6,Caldari,M 38B 10,Hurtoken;Saisio
Ahtulaima,The Forge,0.6,Caldari,M 34B 12,Itamo
Airaken,The Forge,0.5,Caldari,M 42B 6,Korsiki;Oijanen
Airmia,The Forge,0.6,Caldari,M 26B 6,Friggi;Ishisomo;Sakkikainen
Akkilen,The Forge,0.7,Caldari,M 45B 3,Hentogaira;Onuse;Soshin;Vattuolen
Akkio,The Forge,0.2,Caldari,M 42B 13,EOA-ZC;Otosela;Todifrauan
Akora,The Forge,0.3,Caldari,M 45B 2,Maila;Messoya;Oijanen;Reisen
Ansila,The Forge,0.9,Caldari,M 52B 7,Hirtamon;Hykkota;Ikuchi
Aokannitoh,The Forge,0.9,Caldari,M 25B 18,Hirtamon
Eruka,The Forge,0.4,Caldari,M 42B 10,Mastakomon;Osaa
Eskunen,The Forge,0.6,Caldari,M 38B 13,Ohmahailen;Outuni
Friggi,The Forge,0.5,Caldari,M 79B 14,Airmia;Ihakana;Otitoh;Sakkikainen
Fuskunen,The Forge,0.2,Caldari,M 50B 16,Ofage;Uemon
Gekutami,The Forge,0.7,Caldari,M 25B 4,Jakanerva;Uoyonen
Geras,The Forge,0.7,Caldari,M 45B 14,Nomaa;Tuuriainas
Hampinen,The Forge,0.5,Caldari,M 24B 8,Hurtoken;Ikami;Jakanerva
Hentogaira,The Forge,0.6,Caldari,M 51B 24,Akkilen;Kiainti;Otsela
Hirtamon,The Forge,0.9,Caldari,M 50B 4,Ansila;Aokannitoh;Ikuchi;New Caldari
Hurtoken,The Forge,0.6,Caldari,M 50B 4,Abagawa;Hampinen
Hykkota,The Forge,0.8,Caldari,M 68B 6,Ahbazon;Ansila;Genesis;Ohmahailen;Outuni
Ihakana,The Forge,0.4,Caldari,M 13B 11,Friggi;Otitoh;Otomainen;Otsela
Ikami,The Forge,0.5,Caldari,M 77B 26,Hampinen;Purjola;Reisen
Ikuchi,The Forge,0.9,Caldari,M 20B 8,Ansila;Hirtamon;Jita;Tunttaras
Inaya,The Forge,0.6,Caldari,M 46B 23,Osmon;Uminas;Wuos
Ishisomo,The Forge,0.7,Caldari,M 61B 18,Airmia;Olo;Sakkikainen
Itamo,The Forge,0.7,Caldari,M 32B 5,Ahtulaima;Jatate;Kylmabe;Maurasi;Mitsolen;Vaankalen
Jakanerva,The Forge,0.7,Caldari,M 84B 21,Gekutami;Hampinen;Saisio
Jatate,The Forge,0.6,Caldari,M 37B 2,Itamo
Jita,The Forge,0.9,Caldari,M 33B 0,Ikuchi;Maurasi;Muvolailen;New Caldari;Niyabainen;Perimeter;Sobaseki
Josameto,The Forge,0.6,Caldari,M 13B 8,Liekuri;New Caldari;Poinen
Keikaken,The Forge,0.7,Caldari,M 16B 5,Onuse;Ukkalen
Kiainti,The Forge,0.5,Caldari,M 37B 8,Hentogaira;Otsela;Vasala;Walvalin
Kisogo,The Forge,0.9,Caldari,M 13B 4,Urlen
Korsiki,The Forge,0.6,Caldari,M 57B 8,Airaken;Nuken;Osmon
Kylmabe,The Forge,0.7,Caldari,M 5B 3,Itamo
Liekuri,The Forge,0.6,Caldari,M 49B 6,Josameto;Obanen;Poinen
Mahtista,The Forge,0.7,Caldari,M 26B 7,Mitsolen
Maila,The Forge,0.4,Caldari,M 12B 5,Akora;Purjola
Mastakomon,The Forge,0.5,Caldari,M 13B 6,Eruka;Ohkunen;Osaa;Uchoshi
Maurasi,The Forge,0.9,Caldari,M 91B 25,Itamo;Jita;Muvolailen;Perimeter
Messoya,The Forge,0.3,Caldari,M 29B 7,Akora;Tasti
Mitsolen,The Forge,0.6,Caldari,M 44B 7,Itamo;Mahtista
New Caldari,The Forge,0.9,Caldari,M 8B 2,Alikara;Hirtamon;Jita;Josameto;Malkalen;Niyabainen
Niyabainen,The Forge,0.9,Caldari,M 82B 10,Jita;New Caldari;Perimeter;Tunttaras
Nomaa,The Forge,0.6,Caldari,M30B6,Geras;Poinen;Saisio
Nuken,The Forge,0.8,Caldari,M 69B 7,Korsiki
Obanen,The Forge,0.6,Caldari,M 34B 9,Liekuri;Olo;Poinen
Obe,The Forge,0.3,Caldari,M 9B 3,Hakonen;Ohkunen;P3EN-E;Vale of the Silent
Ohkunen,The Forge,0.4,Caldari,M 36B 8,Mastakomon;Obe
Ohmahailen,The Forge,0.7,Caldari,M 50B 11,Eskunen;Hykkota;Outuni
Oijanen,The Forge,0.4,Caldari,M 53B 13,Airaken;Akora;BWF-ZZ
Olo,The Forge,0.7,Caldari,M 12B 1,Ishisomo;Obanen;Osmon
Onuse,The Forge,0.7,Caldari,M 51B 16,Akkilen;Keikaken;Vattuolen
Osaa,The Forge,0.3,Caldari,M 35B 7,Eruka;Mastakomon
Osmon,The Forge,0.7,Caldari,M 34B 7,Inaya;Korsiki;Olo
Otitoh,The Forge,0.5,Caldari,M 30B 4,Friggi;Ihakana
Otomainen,The Forge,0.5,Caldari,M 36B 14,Ihakana
Otosela,The Forge,0.2,Caldari,M 51B 12,Akkio;Tasti;Uemon
Otsela,The Forge,0.4,Caldari,M 46B 8,Hentogaira;Ihakana;Kiainti;Vasala;Walvalin
Outuni,The Forge,0.7,Caldari,M 82B 20,Eskunen;Hykkota;Ohmahailen
Paala,The Forge,0.1,Caldari,M 20B 4,LXQ2-T;Uemon
Perimeter,The Forge,0.9,Caldari,M 10B 3,Iyen-Oursta;Jita;Maurasi;Niyabainen;Urlen
Poinen,The Forge,0.6,Caldari,M 89B 22,Josameto;Liekuri;Nomaa;Obanen
Purjola,The Forge,0.5,Caldari,M 43B 6,Ikami;Maila;Reisen
Reisen,The Forge,0.5,Caldari,M 50B 15,Akora;Ikami;Purjola
Saisio,The Forge,0.7,Caldari,M 45B 9,Abagawa;Jakanerva;Nomaa
Sakkikainen,The Forge,0.6,Caldari,M 38B 15,Airmia;Friggi;Ishisomo;Vahunomi
Shihuken,The Forge,0.9,Caldari,M26B3,Tuuriainas;Unpas
Silen,The Forge,0.5,Caldari,M 45B 5,Soshin
Sirseshin,The Forge,0.7,Caldari,M 12B 5,Inaro;Tuuriainas
Soshin,The Forge,0.6,Caldari,M 16B 4,Akkilen;Silen;Vattuolen
Tasti,The Forge,0.3,Caldari,M 85B 28,Messoya;Otosela
Tuuriainas,The Forge,0.6,Caldari,M 0B 2,Geras;Shihuken;Sirseshin
Uchoshi,The Forge,0.5,Caldari,M 52B 19,Mastakomon;Vouskiaho
Uemon,The Forge,0.2,Caldari,M 55B 13,Fuskunen;Otosela;Paala
Uitra,The Forge,0.9,Caldari,M 13B 4,Unpas
Ukkalen,The Forge,0.6,Caldari,M 24B 5,Keikaken
Uminas,The Forge,0.5,Caldari,M 18B 5,Inaya
Unpas,The Forge,0.9,Caldari,M 43B 22,Shihuken;Uitra;Urlen
Uoyonen,The Forge,0.7,Caldari,M 20B 5,Gekutami;Vattuolen
Urlen,The Forge,0.9,Caldari,M 20B 2,Kisogo;Kusomonmon;Perimeter;Sirppala;Unpas
Vaankalen,The Forge,0.6,Caldari,M 71B 11,Itamo
Vahunomi,The Forge,0.5,Caldari,M 41B 7,Sakkikainen
Vasala,The Forge,0.5,Caldari,M 51B 6,Kiainti;Otsela;Vouskiaho;Walvalin
Vattuolen,The Forge,0.7,Caldari,M 68B 12,Akkilen;Onuse;Soshin;Uoyonen
Vouskiaho,The Forge,0.5,Caldari,M 96B 17,Uchoshi;Vasala
Walvalin,The Forge,0.4,Caldari,M 74B 12,Kiainti;Otsela;Vasala
Wuos,The Forge,0.6,Caldari,M 12B 5,Inaya
0S1-GI,The Kalevala Expanse,-0.30,MEAN (5),M 39B 9,74-DRC;M3-H2Y;O31W-6
1-KCSA,The Kalevala Expanse,-0.18,MEAN (5),M 58B 0,F48K-D;UJXC-B;XTJ-5Q
1S-SU1,The Kalevala Expanse,-1.00,FRIES (4),M 18B 3,9P4O-F;Geminate;LEM-I1
42G-OB,The Kalevala Expanse,-0.86,ROWLE (3),M 48B 6,HD-HOZ;LEM-I1;V2-GZS
5-VFC6,The Kalevala Expanse,-0.41,UAFLH (4),M 75B 19,BZ-BCK
6FS-CZ,The Kalevala Expanse,-0.49,FRIES (5),M 40B 12,H7S-5I;WNM-V0
6V-D0E,The Kalevala Expanse,-0.51,MEAN (5),M 27B 9,LS3-HP
74-DRC,The Kalevala Expanse,-0.14,FRIES (5),M 34B 0,0S1-GI;L-GY1B;MN9P-A
86L-9F,The Kalevala Expanse,-0.96,UAFLH (4),M 14B 5,O5-YNW
9-0QB7,The Kalevala Expanse,-0.40,HASH (4),M 17B 3,H7S-5I;HVGR-R;M-75WN
AU2V-J,The Kalevala Expanse,-0.20,BIGAB (5),M 54B 0,D-6PKO;QZX-L9;SY-0AM
A-YB15,The Kalevala Expanse,-0.59,BIGAB (5),M 30B 4,FB-MPY;SG-3HY
B1UE-J,The Kalevala Expanse,-0.46,MEAN (5),M 28B 12,FBH-JN;O31W-6;V3P-AZ
B3ZU-H,The Kalevala Expanse,-0.28,FRIES (5),M 46B 7,G-KCFT;GSO-SR;WNM-V0
BGMZ-0,The Kalevala Expanse,-0.07,ZEERG (2),M 15B 0,GQ-7SP;I2D3-5;R1O-GN
BM-VYZ,The Kalevala Expanse,-0.05,MEAN (4),M 65B 0,L-TLFU;MN9P-A
BVRQ-O,The Kalevala Expanse,-0.52,MEAN (5),M 18B 4,FBH-JN;QX-4HO
BZ-BCK,The Kalevala Expanse,-0.68,UAFLH (4),M 88B 26,5-VFC6;FB5U-I;J-OAH2;O5-YNW
C3J0-O,The Kalevala Expanse,-0.43,FRIES (5),M 35B 4,G-KCFT;O31W-6;WNM-V0
D-6PKO,The Kalevala Expanse,-0.13,BIGAB (5),M 65B 0,AU2V-J;QZX-L9;SY-0AM
EPCD-D,The Kalevala Expanse,-0.01,MEAN (4),M 43B 0,L-TLFU
F48K-D,The Kalevala Expanse,-0.22,MEAN (5),M 25B 0,1-KCSA;FB5U-I;UJXC-B
FB5U-I,The Kalevala Expanse,-0.32,UAFLH (3),M 39B 7,BZ-BCK;F48K-D
FBH-JN,The Kalevala Expanse,-0.51,MEAN (5),M 17B 5,B1UE-J;BVRQ-O;SH6X-F
FZX-PU,The Kalevala Expanse,-0.13,FRIES (4),M 67B 0,GQ-7SP;I2D3-5;O9K-FT;TZ-74M
G4-QU6,The Kalevala Expanse,-0.21,ROWLE (1),M 62B 0,Q-GICU;V2-GZS
G-KCFT,The Kalevala Expanse,-0.31,FRIES (5),M 47B 10,B3ZU-H;C3J0-O;SG-3HY;WNM-V0
GQ-7SP,The Kalevala Expanse,-0.06,ZEERG (2),M 53B 0,BGMZ-0;FZX-PU;I2D3-5;O9K-FT;R1O-GN
GSO-SR,The Kalevala Expanse,-0.14,FRIES (5),M 36B 0,B3ZU-H;WNM-V0
H7S-5I,The Kalevala Expanse,-0.39,FRIES (5),M 18B 3,6FS-CZ;9-0QB7
HD-HOZ,The Kalevala Expanse,-0.85,JDCV (3),M 32B 13,42G-OB;LEM-I1;ND-GL4;V2-GZS
HPV-RJ,The Kalevala Expanse,-0.76,FRIES (5),M 25B 9,WNM-V0
HVGR-R,The Kalevala Expanse,-0.60,HASH (4),M 68B 10,9-0QB7;K95-9I;M-75WN;PNFW-O
I2D3-5,The Kalevala Expanse,-0.18,ZEERG (2),M 84B 0,BGMZ-0;FZX-PU;GQ-7SP;R1O-GN;RQOO-U
IUU3-L,The Kalevala Expanse,-0.99,UAFLH (4),M 60B 31,O5-YNW;S-LHPJ
J-OAH2,The Kalevala Expanse,-0.78,UAFLH (4),M 68B 22,BZ-BCK
JT2I-7,The Kalevala Expanse,-0.12,MEAN (5),M 66B 0,XTJ-5Q
K76A-3,The Kalevala Expanse,-0.82,HASH (4),M 68B 18,PNFW-O
K95-9I,The Kalevala Expanse,-0.65,HASH (4),M 86B 27,HVGR-R;M-75WN;ND-GL4
LE-67X,The Kalevala Expanse,-0.20,MEAN (5),M 19B 0,L-GY1B
LEM-I1,The Kalevala Expanse,-0.90,ROWLE (3),M 80B 8,1S-SU1;42G-OB;HD-HOZ;ND-GL4
L-GY1B,The Kalevala Expanse,-0.18,MEAN (5),M 8B 0,74-DRC;AID-9T;LE-67X;N-JK02
LS3-HP,The Kalevala Expanse,-0.67,MEAN (5),M 55B 13,6V-D0E;QX-4HO
L-TLFU,The Kalevala Expanse,-0.05,MEAN (4),M 44B 0,BM-VYZ;EPCD-D;MN9P-A
M3-H2Y,The Kalevala Expanse,-0.30,MEAN(5),M 5B 4,0S1-GI
M-75WN,The Kalevala Expanse,-0.50,HASH (4),M 50B 12,9-0QB7;HVGR-R;K95-9I;PNFW-O
MN9P-A,The Kalevala Expanse,-0.10,MEAN (4),M 54B 0,74-DRC;BM-VYZ;L-TLFU;RAI-0E
ND-GL4,The Kalevala Expanse,-0.76,JDCV (2),M 72B 15,HD-HOZ;K95-9I;LEM-I1
N-JK02,The Kalevala Expanse,-0.18,MEAN (5),M 39B 0,L-GY1B;XTJ-5Q
O31W-6,The Kalevala Expanse,-0.46,MEAN (5),M 40B 12,0S1-GI;7-YHRX;B1UE-J;C3J0-O;The Kalevala Expanse
O5-YNW,The Kalevala Expanse,-0.95,UAFLH (4),M 72B 11,86L-9F;BZ-BCK;IUU3-L
O9K-FT,The Kalevala Expanse,-0.03,ZEERG (2),M 44B 0,FZX-PU;GQ-7SP
PNFW-O,The Kalevala Expanse,-0.54,HASH (4),M 62B 19,HVGR-R;K76A-3;M-75WN
Q-GICU,The Kalevala Expanse,-0.14,MEAN (3),M 62B 0,G4-QU6;R1O-GN;TA9T-P
QX-4HO,The Kalevala Expanse,-0.66,MEAN (5),M 27B 10,BVRQ-O;LS3-HP
QZX-L9,The Kalevala Expanse,-0.18,BIGAB (5),M 23B 0,AU2V-J;D-6PKO;SG-3HY;SY-0AM;Z-EKCY
R1O-GN,The Kalevala Expanse,-0.13,ZEERG (2),M 27B 0,BGMZ-0;GQ-7SP;I2D3-5;Q-GICU;RQOO-U
RAI-0E,The Kalevala Expanse,-0.12,MEAN (4),M 37B 0,MN9P-A;TA9T-P
RQOO-U,The Kalevala Expanse,-0.41,ZEERG (2),M 69B 13,I2D3-5;R1O-GN
SG-3HY,The Kalevala Expanse,-0.27,BIGAB (5),M 70B 0,A-YB15;G-KCFT;QZX-L9
SH6X-F,The Kalevala Expanse,-0.40,MEAN (5),M 33B 4,FBH-JN
S-LHPJ,The Kalevala Expanse,-1.00,UAFLH (4),M 15B 11,IUU3-L
SY-0AM,The Kalevala Expanse,-0.16,BIGAB (5),M 26B 0,AU2V-J;D-6PKO;J7M-3W;QZX-L9
TA9T-P,The Kalevala Expanse,-0.15,MEAN (4),M 32B 0,Q-GICU;RAI-0E
UDVW-O,The Kalevala Expanse,-0.08,FRIES (5),M 53B 0,LS-JEP;UJXC-B
UJXC-B,The Kalevala Expanse,-0.14,MEAN (5),M 57B 0,1-KCSA;F48K-D;UDVW-O
V2-GZS,The Kalevala Expanse,-0.42,HASH (3),M 64B 10,42G-OB;G4-QU6;HD-HOZ
WNM-V0,The Kalevala Expanse,-0.46,FRIES (4),M 8B 4,6FS-CZ;B3ZU-H;C3J0-O;G-KCFT;GSO-SR;HPV-RJ
XTJ-5Q,The Kalevala Expanse,-0.17,MEAN (5),M 25B 0,1-KCSA;JT2I-7;N-JK02
0J-MQW,The Spire,-0.91,STKN (3),M 87B 34,APES-G;K-BBYU
1I5-0V,The Spire,-0.53,STKN (3),M 55B 29,KPI-OW;P65-TA
3ET-G8,The Spire,-0.39,STKN (3),M 3B 2,91-KD8;K-BBYU
4DH-ST,The Spire,-0.92,HTTP (3),M 8B 7,C-BHDN;OSW-0P
4HF-4R,The Spire,-0.71,STKN (5),M 46B 13,B6-XE8;Y8K-5B
5LAJ-8,The Spire,-0.20,X.I.X (3),M 42B 0,B9EA-G;HIK-MC;JNG7-K
6U-1RX,The Spire,-0.40,X.I.X (0),M 16B 7,FO1U-K;Y4OK-W
6W-6O9,The Spire,-0.12,HTTP (3),M 36B 0,H4X-0I;K-YL9T
7-QOYS,The Spire,-0.90,ASDFW (3),M 24B 17,KS8G-M;LH-LY1;OTJ9-E;ZWM-BB
8P-LKL,The Spire,-0.41,LINE (5),M 5B 0,JVA-FE;QFU-4S;QQGH-G
AG-SYG,The Spire,-0.91,STKN (3),M 46B 9,A-J6SN;C6C-K9;ETO-OT
A-J6SN,The Spire,-0.80,STKN (3),M 62B 9,AG-SYG
AL-JSG,The Spire,-0.43,STKN (3),M 12B 4,C6C-K9;ETO-OT;KPI-OW
B6-XE8,The Spire,-0.72,STKN (5),M 67B 9,4HF-4R;JLH-FN;MOSA-I
B9EA-G,The Spire,-0.19,X.I.X (3),M 23B 0,5LAJ-8;E4-E8W;GF-GR7
C6C-K9,The Spire,-0.60,STKN (3),M 68B 16,AG-SYG;AL-JSG;Etherium Reach;JAWX-R
C-BHDN,The Spire,-0.38,HTTP (3),M 23B 5,4DH-ST;H4X-0I;R-RE2B
DFTK-D,The Spire,-0.87,STKN (5),M 29B 8,JLH-FN;L7-BLT
DVN6-0,The Spire,-0.11,X.I.X (2),M 71B 0,8OYE-Z;GF-GR7;U1-VHY
E4-E8W,The Spire,-0.37,X.I.X (2),M 9B 9,B9EA-G;E-BFLT;HIK-MC
E-BFLT,The Spire,-0.43,X.I.X (3),M 33B 10,E4-E8W
ETO-OT,The Spire,-0.80,STKN (3),M 70B 28,AG-SYG;AL-JSG;MOSA-I;T6T-BQ
EU-WFW,The Spire,-0.15,STKN (3),M 69B 0,E-WMT7;GTB-O4;K-YL9T;PA-ALN;Y4B-BQ
FO1U-K,The Spire,-0.43,X.I.X (3),M 77B 11,6U-1RX;VX1-HV
GF-GR7,The Spire,-0.10,X.I.X (2),M 1B 0,B9EA-G;DVN6-0;HPMN-V;Z19-B8
GTB-O4,The Spire,-0.13,STKN (3),M 45B 0,EU-WFW
G-VFVB,The Spire,-0.29,HTTP (3),M 52B 8,K-YL9T;P65-TA;QQGH-G
GZM-KB,The Spire,-0.19,X.I.X (2),M 34B 0,L-WG68
H4X-0I,The Spire,-0.18,HTTP (3),M 30B 0,6W-6O9;C-BHDN;R-RE2B
HIK-MC,The Spire,-0.35,X.I.X (2),M 61B 15,5LAJ-8;E4-E8W;L-WG68;Y4OK-W
HPMN-V,The Spire,-0.09,X.I.X (2),M 19B 0,GF-GR7;XR-ZL7;Z19-B8
JLH-FN,The Spire,-0.70,STKN (5),M 44B 3,B6-XE8;DFTK-D
JL-ZUQ,The Spire,-0.46,STKN (5),M 44B 9,L-EUY2
JNG7-K,The Spire,-0.30,STKN (3),M 37B 12,5LAJ-8;8-SPNN;VX1-HV
JVA-FE,The Spire,-0.42,LINE (5),M 55B 10,8P-LKL;QFU-4S;RXA-W1;VK6-EZ
K-BBYU,The Spire,-0.61,STKN (3),M 74B 19,0J-MQW;3ET-G8;N-PS2Y;XT-1E0
KPI-OW,The Spire,-0.31,STKN (3),M 51B 8,1I5-0V;AL-JSG;OTJ-4W;Q-UVY6
KS8G-M,The Spire,-0.53,ASDFW (0),M 48B 8,7-QOYS;LH-LY1;OTJ9-E
K-XJJT,The Spire,-0.17,HTTP (5),M 73B 0,P-NI4K;VX1-HV
K-YL9T,The Spire,-0.11,HTTP (3),M 40B 0,6W-6O9;EU-WFW;G-VFVB;JUE-DX;Y4B-BQ
L7-BLT,The Spire,-0.92,STKN (5),M 66B 21,DFTK-D
L-EUY2,The Spire,-0.52,STKN (5),M 21B 6,JL-ZUQ;PA-ALN;X-KHRZ;Y4B-BQ
LH-LY1,The Spire,-0.72,ASDFW (3),M 43B 28,7-QOYS;KS8G-M;OTJ9-E
L-WG68,The Spire,-0.31,X.I.X (3),M 71B 7,GZM-KB;HIK-MC;VK6-EZ
M-NP5O,The Spire,-1.00,STKN (5),M 45B 9,QRH-BF;WIW-X8;Y8K-5B
MOSA-I,The Spire,-0.80,STKN (5),M 56B 9,B6-XE8;ETO-OT
N-PS2Y,The Spire,-0.67,STKN (3),M 30B 13,K-BBYU;T6T-BQ
OSW-0P,The Spire,-1.00,HTTP (3),M 37B 7,4DH-ST
OTJ-4W,The Spire,-0.20,STKN (3),M 90B 0,KPI-OW
OTJ9-E,The Spire,-0.55,ASDFW (3),M 6B 4,7-QOYS;F-5WYK;KS8G-M;LH-LY1;S-CUEA
P65-TA,The Spire,-0.63,STKN (3),M 7B 1,1I5-0V;G-VFVB;Y4B-BQ
P-NI4K,The Spire,-0.15,HTTP (5),M 63B 0,K-XJJT
QFU-4S,The Spire,-0.37,LINE (5),M 24B 5,8P-LKL;JVA-FE;QQGH-G
QQGH-G,The Spire,-0.34,LINE (5),M 54B 11,8P-LKL;G-VFVB;QFU-4S;VK6-EZ;VX1-HV
QRH-BF,The Spire,-0.94,STKN (5),M 17B 5,M-NP5O;WIW-X8
Q-UVY6,The Spire,-0.38,LINE (5),M 52B 3,KPI-OW;VK6-EZ
R-RE2B,The Spire,-0.18,HTTP (3),M 34B 0,C-BHDN;H4X-0I
RXA-W1,The Spire,-0.34,LINE (5),M 51B 11,D-OJEZ;JVA-FE;X1-IZ0
S-CUEA,The Spire,-0.60,ASDFW (3),M 62B 12,OTJ9-E
T6T-BQ,The Spire,-0.67,STKN (3),M 30B 4,ETO-OT;N-PS2Y
U1-VHY,The Spire,-0.11,X.I.X (2),M 26B 0,DVN6-0
VK6-EZ,The Spire,-0.30,LINE (5),M 76B 12,JVA-FE;L-WG68;QQGH-G;Q-UVY6
VX1-HV,The Spire,-0.30,X.I.X (2),M 63B 7,FO1U-K;JNG7-K;K-XJJT;QQGH-G
WIW-X8,The Spire,-0.96,STKN (5),M 66B 13,M-NP5O;QRH-BF;X-KHRZ
X-KHRZ,The Spire,-0.62,STKN (5),M 48B 2,L-EUY2;WIW-X8
XR-ZL7,The Spire,-0.08,X.I.X (2),M 20B 0,HPMN-V;XUPK-Z;Z19-B8
XT-1E0,The Spire,-0.33,STKN (3),M 52B 7,K-BBYU
Y4B-BQ,The Spire,-0.36,STKN (3),M 54B 11,EU-WFW;K-YL9T;L-EUY2;P65-TA
Y4OK-W,The Spire,-0.49,X.I.X (1),M 53B 6,6U-1RX;HIK-MC
Y8K-5B,The Spire,-0.68,STKN (5),M 91B 20,4HF-4R;M-NP5O
Z19-B8,The Spire,-0.07,X.I.X (2),M 60B 0,GF-GR7;HPMN-V;XR-ZL7
ZWM-BB,The Spire,-1.00,ASDFW (3),M 84B 22,7-QOYS;L1YK-V
0-YMBJ,Tribute,-0.16,FRT (5),M 90B 21,KQK1-2;UMI-KK
15W-GC,Tribute,-0.32,FRT (5),M 60B 21,C2X-M5;E-OGL4;PNDN-V
2CG-5V,Tribute,-0.61,FRT (5),M 12B 6,F-G7BO;QFF-O6;Y5J-EU
2ISU-Y,Tribute,-0.13,FRT (5),M 65B 11,DL1C-E
3G-LHB,Tribute,-0.21,FRT (5),M 53B 9,DBT-GB;U-W3WS
9GI-FB,Tribute,-0.26,FRT (5),M 32B 11,DBT-GB;L-1HKR;PBD-0G
9SL-K9,Tribute,-0.10,FRT (5),M 51B 11,X-CFN6;Y-PZHM
A-DDGY,Tribute,-0.21,FRT (5),M 59B 15,F-749O
AW1-2I,Tribute,-0.22,FRT (5),M 50B 9,B-S42H;F-749O;F-RT6Q;UMI-KK
B-S42H,Tribute,-0.22,FRT (5),M 53B 9,AW1-2I;F-749O;F-RT6Q;GKP-YT;S8-NSQ
C2X-M5,Tribute,-0.37,FRT (5),M 50B 13,15W-GC;MSHD-4
C8VC-S,Tribute,-0.27,FRT (5),M 10B 3,L-VXTK
D7-ZAC,Tribute,-0.52,FRT (5),M 27B 10,H-W9TY;SH1-6P;WH-JCA
DBT-GB,Tribute,-0.25,FRT (5),M 81B 12,3G-LHB;9GI-FB;PNDN-V
DL1C-E,Tribute,-0.13,FRT (5),M 25B 14,2ISU-Y;UMI-KK;YLS8-J
E-OGL4,Tribute,-0.29,FRT (5),M 68B 26,15W-GC;M-OEE8
F-749O,Tribute,-0.24,FRT (5),M 71B 12,A-DDGY;AW1-2I;B-S42H;F-RT6Q;NL6V-7
F-G7BO,Tribute,-0.59,FRT (5),M 35B 11,2CG-5V;NJ4X-S
F-RT6Q,Tribute,-0.25,FRT (5),M 40B 7,AW1-2I;B-S42H;F-749O;N-FK87
FY0W-N,Tribute,-0.19,FRT (5),M 68B 27,J-GAMP;M-OEE8;V0DF-2
GIH-ZG,Tribute,-0.24,FRT (5),M 51B 8,L-VXTK;S8-NSQ;V7-FB4;XD-TOV
GKP-YT,Tribute,-0.21,FRT (5),M 38B 9,B-S42H;NL6V-7
H-W9TY,Tribute,-0.46,FRT (5),M 85B 19,D7-ZAC;MSHD-4
IMK-K1,Tribute,-0.78,FRT (5),M 47B 13,NJ4X-S;W6VP-Y
J-GAMP,Tribute,-0.24,FRT (5),M 17B 5,FY0W-N;M-OEE8
K-6SNI,Tribute,-0.27,FRT (5),M 42B 27,L-VXTK;W-UQA5;XD-TOV
L-1HKR,Tribute,-0.25,FRT (5),M 41B 4,9GI-FB
L-VXTK,Tribute,-0.27,FRT (5),M 12B 8,C8VC-S;GIH-ZG;K-6SNI;XD-TOV
MJI3-8,Tribute,-0.20,FRT (5),M 43B 10,V0DF-2
M-OEE8,Tribute,-0.22,FRT (5),M 72B 11,E-OGL4;FY0W-N;J-GAMP;Taisy;V0DF-2
MSHD-4,Tribute,-0.44,FRT (5),M 33B 17,C2X-M5;H-W9TY;Vale of the Silent
N-FK87,Tribute,-0.26,FRT (5),M 34B 5,F-RT6Q;PNDN-V
NJ4X-S,Tribute,-0.72,FRT (5),M 78B 10,F-G7BO;G9D-XW;IMK-K1
NL6V-7,Tribute,-0.26,FRT (5),M 61B 9,F-749O;GKP-YT
O-0ERG,Tribute,-0.73,FRT (5),M 34B 7,SH1-6P;TRKN-L;WH-JCA
OY-UZ1,Tribute,-0.13,FRT (5),M 37B 9,YLS8-J
PBD-0G,Tribute,-0.23,FRT (5),M 50B 7,9GI-FB
PNDN-V,Tribute,-0.31,FRT (5),M 81B 7,15W-GC;DBT-GB;N-FK87
Q-CAB2,Tribute,-0.78,FRT (5),M 76B 17,3A1P-N;WH-JCA
QFF-O6,Tribute,-0.54,FRT (5),M 69B 28,2CG-5V;T-ZWA1;Vale of the Silent
S8-NSQ,Tribute,-0.20,FRT (5),M 19B 2,B-S42H;GIH-ZG
SH1-6P,Tribute,-0.57,FRT (5),M 52B 9,D7-ZAC;O-0ERG;TRKN-L
TRKN-L,Tribute,-0.68,FRT (5),M 68B 16,O-0ERG;SH1-6P
UMI-KK,Tribute,-0.17,FRT (5),M 61B 24,0-YMBJ;AW1-2I;DL1C-E;Y-W1Q3
U-W3WS,Tribute,-0.16,FRT (5),M 33B 5,3G-LHB
V0DF-2,Tribute,-0.21,FRT (5),M 60B 6,FY0W-N;MJI3-8;M-OEE8
V7-FB4,Tribute,-0.25,FRT (5),M 49B 14,GIH-ZG;XD-TOV
W6VP-Y,Tribute,-0.78,FRT (5),M 76B 18,IMK-K1;WH-JCA
WH-JCA,Tribute,-0.73,FRT (5),M 77B 33,D7-ZAC;O-0ERG;Q-CAB2;W6VP-Y
W-UQA5,Tribute,-0.30,FRT (5),M 36B 8,K-6SNI
X-CFN6,Tribute,-0.10,FRT (5),M 38B 6,9SL-K9;YLS8-J
XD-TOV,Tribute,-0.27,FRT (5),M 81B 11,GIH-ZG;K-6SNI;L-VXTK;V7-FB4
YLS8-J,Tribute,-0.11,FRT (5),M 31B 7,DL1C-E;OY-UZ1;X-CFN6
Y-PZHM,Tribute,-0.09,FRT (5),M 55B 26,9SL-K9
09-8TH,UUA-F4,0.00,,M 61B 0,
16-31U,UUA-F4,0.00,,M43B0,1TS-WN;H472-N
18A-NB,UUA-F4,0.00,,M 2B 0,
1HH3-E,UUA-F4,0.00,,M 19B 0,
1Q-BBM,UUA-F4,0.00,,M 10B 0,
1S-1V7,UUA-F4,0.00,,M 38B 0,
1TS-WN,UUA-F4,0.00,,M78B0,16-31U;B-DXO9
2-4ZT5,UUA-F4,0.00,,M 13B 0,
2E0P-2,UUA-F4,0.00,,M 5B 0,
3C-26I,UUA-F4,0.00,,M 33B 0,4-IPWK;9K-VDI;L-SDU7;Q-KCK3;U8MM-3
3-HXHQ,UUA-F4,0.00,,M 58B 0,
3-J5OQ,UUA-F4,0.00,,M 86B 0,
4C-Z91,UUA-F4,0.00,,M 50B 0,
4G-E5A,UUA-F4,0.00,,M 56B 0,
4-IPWK,UUA-F4,0.00,,M 58B 0,3C-26I;L-SDU7
4T4B-L,UUA-F4,0.00,,M 10B 0,
6BN-K9,UUA-F4,0.00,,M 53B 0,
6F3-TK,UUA-F4,0.00,,M 56B 0,
6Q5K-5,UUA-F4,0.00,,M 23B 0,
74-YTJ,UUA-F4,0.00,,M 6B 0,
7CO-SA,UUA-F4,0.00,,M 18B 0,
7M-RAL,UUA-F4,0.00,,M 15B 0,
7O-POM,UUA-F4,0.00,,M 34B 0,
8MX-OR,UUA-F4,0.00,,M 65B 0,
8-RS3U,UUA-F4,0.00,,M 66B 0,
97YC-C,UUA-F4,0.00,,M 24B 0,
9K-VDI,UUA-F4,0.00,,M 52B 0,3C-26I;U8MM-3
9MX-1C,UUA-F4,0.00,,M 30B 0,
9XI-0X,UUA-F4,0.00,,M 78B 0,
A3-PAT,UUA-F4,0.00,,M 16B 0,
A-VWK9,UUA-F4,0.00,,M 62B 0,
B-DXO9,UUA-F4,0.00,,M 63B 0,1TS-WN;IEZW-V;PU-1Z8
BFJ-TB,UUA-F4,0.00,,M 52B 0,
D95-FQ,UUA-F4,0.00,,M 27B 0,
D-PHUA,UUA-F4,0.00,,M 24B 0,
DUIU-Q,UUA-F4,0.00,,M 45B 0,
EH-HXW,UUA-F4,0.00,,M 33B 0,
F3R-IA,UUA-F4,0.00,,M 45B 0,
FI-449,UUA-F4,0.00,,M 51B 0,
F-JB3H,UUA-F4,0.00,,M 26B 0,
FRW3-2,UUA-F4,0.00,,M 54B 0,
G-EA07,UUA-F4,0.00,,M56B0,
GYF-GD,UUA-F4,0.00,,M 16B 0,
H472-N,UUA-F4,0.00,,M57B0,16-31U
H55-2R,UUA-F4,0.00,,M 33B 0,
HP-PMX,UUA-F4,0.00,,M 8B 0,
IED-4U,UUA-F4,0.00,,M 67B 0,
IEZW-V,UUA-F4,0.00,,M 45B 0,B-DXO9;PU-1Z8;VM-QFU
J2V-XY,UUA-F4,0.00,,M 26B 0,
JB-007,UUA-F4,0.00,,M 55B 0,
JQHP-4,UUA-F4,0.00,,M 69B 0,
J-YQEC,UUA-F4,0.00,,M 62B 0,
J-Z1UW,UUA-F4,0.00,,M 78B 0,
K7A-G8,UUA-F4,0.00,,M 49B 0,
KX-P5C,UUA-F4,0.00,,M 44B 0,
L6Q-SX,UUA-F4,0.00,,M 15B 0,
L-CHVW,UUA-F4,0.00,,M 66B 0,
LPBU-U,UUA-F4,0.00,,M 49B 0,
LQH0-H,UUA-F4,0.00,,M 31B 0,
L-SDU7,UUA-F4,0.00,,M 62B 0,3C-26I;4-IPWK;Q-KCK3
N-4G5L,UUA-F4,0.00,,M 48B 0,
N-9EOQ,UUA-F4,0.00,,M 34B 0,
N-FJBK,UUA-F4,0.00,,M 43B 0,
NQ1-BL,UUA-F4,0.00,,M 55B 0,
NVN-6F,UUA-F4,0.00,,M 55B 0,
OS-RR3,UUA-F4,0.00,,M 44B 0,
OVFN-N,UUA-F4,0.00,,M52B0,
P6-DBM,UUA-F4,0.00,,M 44B 0,
PE1-R1,UUA-F4,0.00,,M 46B 0,
P-MVFP,UUA-F4,0.00,,M 56B 0,
Polaris,UUA-F4,0.00,,M 7B 0,
PU-1Z8,UUA-F4,0.00,,M 7B 0,B-DXO9;IEZW-V;VM-QFU
Q8T-MC,UUA-F4,0.00,,M 13B 0,
Q-KCK3,UUA-F4,0.00,,M 37B 0,3C-26I;L-SDU7
RB-2EA,UUA-F4,0.00,,M 64B 0,
RF-342,UUA-F4,0.00,,M 44B 0,
RQAE-M,UUA-F4,0.00,,M 35B 0,
RU-97T,UUA-F4,-1.00,,M 2B 0,
S94-X8,UUA-F4,0.00,,M 7B 0,
S-QNXH,UUA-F4,0.00,,M 68B 0,
TI0-AX,UUA-F4,0.00,,M 58B 0,
T-P7A6,UUA-F4,0.00,,M 88B 0,
U1F-86,UUA-F4,0.00,,M 53B 0,
U8MM-3,UUA-F4,0.00,,M 53B 0,3C-26I;9K-VDI
UA7-U4,UUA-F4,-0.01,,M 51B 0,
U-ITH5,UUA-F4,0.00,,M 59B 0,
U-JC8X,UUA-F4,0.00,,M 24B 0,
USJ2-M,UUA-F4,0.00,,M 22B 0,
V4-GZL,UUA-F4,0.00,,M 35B 0,
V-AMD5,UUA-F4,0.00,,M 33B 0,
VIG-VR,UUA-F4,0.00,,M 61B 0,
VM-QFU,UUA-F4,0.00,,M 45B 0,IEZW-V;PU-1Z8
W477-P,UUA-F4,0.00,,M 19B 0,
W-6TS9,UUA-F4,0.00,,M 14B 0,
WF-1LM,UUA-F4,0.00,,M 65B 0,
WLE-PY,UUA-F4,0.00,,M 53B 0,
WXNC-N,UUA-F4,0.00,,M 19B 0,
X0LN-U,UUA-F4,0.00,,M 43B 0,
XBO7-F,UUA-F4,0.00,,M 45B 0,
X-L6BO,UUA-F4,0.00,,M 36B 0,
YRZ-E4,UUA-F4,0.00,,M 28B 0,
Y-T3JJ,UUA-F4,0.00,,M 57B 0,
Z-JBTR,UUA-F4,0.00,,M 32B 0,
ZK5-42,UUA-F4,0.00,,M 27B 0,
ZSPJ-K,UUA-F4,0.00,,M 7B 0,
Z-YOJ9,UUA-F4,0.00,,M 35B 0,
ZZ7-L6,UUA-F4,0.00,,M 33B 0,
05R-7A,Vale of the Silent,-0.40,FRT (5),M 14B 5,FS-RFL;N-HSK0;X97D-W
0J3L-V,Vale of the Silent,-0.79,FRT (5),M 27B 4,Z-8Q65
0MV-4W,Vale of the Silent,-0.66,FRT (5),M 64B 21,T-GCGL;TVN-FM
0-R5TS,Vale of the Silent,-0.22,FRT (5),M 57B 15,H-UCD1;U54-1L
0R-F2F,Vale of the Silent,-0.31,FRT (5),M 9B 2,2DWM-2;5T-KM3;669-IX
1-GBBP,Vale of the Silent,-0.77,FRT (5),M 16B 3,C-FP70;T-ZWA1;Vale of the Silent;V-NL3K;ZA0L-U
1N-FJ8,Vale of the Silent,-0.22,FRT (5),M 63B 11,2DWM-2
1VK-6B,Vale of the Silent,-0.17,2GTHR (5),M 5B 1,7G-H7D;E-SCTX;S6QX-N
1W-0KS,Vale of the Silent,-0.10,FRT (5),M 55B 13,IT-YAU;QP0K-B
2DWM-2,Vale of the Silent,-0.20,FRT (5),M 37B 13,0R-F2F;1N-FJ8;R-P7KL
3HX-DL,Vale of the Silent,-0.42,FRT (5),M 23B 9,FA-DMO;MY-T2P;Q-R3GP
47L-J4,Vale of the Silent,-0.26,FRT (5),M 7B 4,6WW-28;A8A-JN;E-D0VZ;IFJ-EL
49-0LI,Vale of the Silent,-0.32,FRT (5),M 16B 3,N-HSK0;V-OJEN
4GYV-Q,Vale of the Silent,-0.54,FRT (5),M 27B 14,4-HWWF;WBR5-R
4-HWWF,Vale of the Silent,-0.47,FRT (5),M 73B 13,4GYV-Q;8TPX-N;PM-DWE;YMJG-4
5T-KM3,Vale of the Silent,-0.17,FRT (5),M 36B 6,0R-F2F;6Y-WRK;B-E3KQ
5ZO-NZ,Vale of the Silent,-0.30,FRT (5),M 42B 9,7-UH4Z
669-IX,Vale of the Silent,-0.27,FRT (5),M 35B 6,0R-F2F;NCGR-Q;R-P7KL
6WW-28,Vale of the Silent,-0.23,FRT (5),M 35B 5,47L-J4
6Y-WRK,Vale of the Silent,-0.16,FRT (5),M 24B 8,5T-KM3;ZLZ-1Z
7G-H7D,Vale of the Silent,-0.36,2GTHR (5),M 62B 15,1VK-6B;MGAM-4;R-RSZZ;VORM-W
7-K5EL,Vale of the Silent,-0.15,FRT (5),M 75B 6,H-5GUI;H-UCD1
7-PO3P,Vale of the Silent,-0.26,FRT (5),M 63B 12,UNAG-6
7-UH4Z,Vale of the Silent,-0.36,FRT (5),M 59B 26,5ZO-NZ;N-HSK0;X97D-W;Y0-BVN
8-TFDX,Vale of the Silent,-0.19,FRT (5),M 16B 1,BR-6XP;G5ED-Y;UL-4ZW;Y5J-EU
8TPX-N,Vale of the Silent,-0.44,FRT (5),M 30B 4,4-HWWF;MC6O-F;WBR5-R
97-M96,Vale of the Silent,-0.19,FRT (5),M 41B 13,KX-2UI
9-GBPD,Vale of the Silent,-0.16,FRT (5),M61B15,A3-RQ3;LS-JEP;L-TOFR
9OO-LH,Vale of the Silent,-0.47,FRT (5),M 14B 7,K8X-6B;UH-9ZG;X445-5
A3-RQ3,Vale of the Silent,-0.30,FRT (5),M 15B 2,9-GBPD;LS-JEP;PX5-LR
A8A-JN,Vale of the Silent,-0.27,FRT (5),M 55B 7,47L-J4;S-NJBB
A-QRQT,Vale of the Silent,-0.13,FRT (5),M 59B 16,BR-6XP;WMBZ-U
AZBR-2,Vale of the Silent,-0.71,FRT (5),M 31B 11,TVN-FM;Z-8Q65
B-588R,Vale of the Silent,-0.15,FRT (5),M 77B 24,G-LOIT;LZ-6SU
B-E3KQ,Vale of the Silent,-0.26,FRT (5),M 58B 13,5T-KM3;O-LR1H;Y5J-EU
BR-6XP,Vale of the Silent,-0.25,FRT (5),M 43B 30,8-TFDX;A-QRQT;G5ED-Y;UL-4ZW
C-DHON,Vale of the Silent,-0.12,FRT (5),M 24B 7,IR-DYY
C-FP70,Vale of the Silent,-0.76,FRT (5),M 60B 14,1-GBBP;T-ZWA1;Vale of the Silent;ZA0L-U
C-J7CR,Vale of the Silent,-0.09,FRT (5),M 34B 4,MA-XAP
DAYP-G,Vale of the Silent,-0.39,FRT (5),M 36B 0,EIDI-N;KRUN-N;V-OJEN;YMJG-4
E-D0VZ,Vale of the Silent,-0.27,FRT (5),M 6B 4,47L-J4;IFJ-EL
EIDI-N,Vale of the Silent,-0.41,FRT (5),M 5B 6,DAYP-G;IPAY-2;K8X-6B;KRUN-N
E-SCTX,Vale of the Silent,-0.21,FRT (5),M 96B 14,1VK-6B;S6QX-N;UNAG-6
FA-DMO,Vale of the Silent,-0.39,FRT (5),M 67B 24,3HX-DL;N-5QPW;Q-R3GP
F-D49D,Vale of the Silent,-0.19,FRT (5),M 42B 11,IR-DYY
FH-TTC,Vale of the Silent,-0.14,FRT (5),M 48B 9,FMBR-8;H-5GUI;MQ-O27
FMBR-8,Vale of the Silent,-0.14,FRT (5),M 44B 15,FH-TTC;VI2K-J
FS-RFL,Vale of the Silent,-0.37,FRT (5),M 46B 8,05R-7A;N-HSK0
G5ED-Y,Vale of the Silent,-0.27,FRT (5),M 47B 17,8-TFDX;BR-6XP;O-LR1H;UL-4ZW;Y5J-EU
G96R-F,Vale of the Silent,-0.87,FRT (5),M 32B 11,Y-ZXIO;ZA0L-U
GEKJ-9,Vale of the Silent,-0.39,FRT (5),M 59B 16,MY-T2P
G-LOIT,Vale of the Silent,-0.16,FRT (5),M 82B 25,B-588R;H-NOU5;LZ-6SU
H-1EOH,Vale of the Silent,-0.17,FRT (5),M 5B 5,IR-DYY;XSQ-TF
H-5GUI,Vale of the Silent,-0.14,FRT (5),M 62B 14,7-K5EL;FH-TTC;MR4-MY;Q-EHMJ
HE-V4V,Vale of the Silent,-0.21,FRT (5),M 70B 28,LZ-6SU;MC6O-F;NCGR-Q
H-EY0P,Vale of the Silent,-0.16,FRT (5),M 7B 4,MQ-O27;UNAG-6
H-NOU5,Vale of the Silent,-0.14,FRT (5),M 36B 14,G-LOIT;KX-2UI
H-UCD1,Vale of the Silent,-0.17,FRT (5),M 31B 9,0-R5TS;7-K5EL
IFJ-EL,Vale of the Silent,-0.29,FRT (5),M 57B 15,47L-J4;E-D0VZ;Q-L07F;S-NJBB
IPAY-2,Vale of the Silent,-0.34,FRT (5),M 11B 6,EIDI-N;P3EN-E;Q-L07F;Vale of the Silent
IR-DYY,Vale of the Silent,-0.16,FRT (5),M 19B 3,C-DHON;F-D49D;H-1EOH
IT-YAU,Vale of the Silent,-0.16,2GTHR (5),M 31B 10,1W-0KS;S6QX-N
JZV-F4,Vale of the Silent,-0.85,2GTHR (5),M 42B 10,Q3-BAY
K8X-6B,Vale of the Silent,-0.43,FRT (5),M 61B 11,9OO-LH;EIDI-N;KRUN-N;Vale of the Silent;X445-5
KRUN-N,Vale of the Silent,-0.39,FRT (5),M 62B 13,DAYP-G;EIDI-N;K8X-6B
KX-2UI,Vale of the Silent,-0.16,FRT (5),M 22B 4,97-M96;H-NOU5;MO-FIF
LS9B-9,Vale of the Silent,-0.20,FRT (5),M 67B 9,RVCZ-C
LS-JEP,Vale of the Silent,-0.24,FRT (5),M 54B 9,9-GBPD;A3-RQ3;UDVW-O
LZ-6SU,Vale of the Silent,-0.17,FRT (5),M 55B 14,B-588R;G-LOIT;HE-V4V
MA-XAP,Vale of the Silent,-0.10,FRT (5),M 47B 12,C-J7CR;MO-FIF
MC6O-F,Vale of the Silent,-0.28,FRT (5),M 34B 2,8TPX-N;HE-V4V;NCGR-Q
MGAM-4,Vale of the Silent,-0.58,2GTHR (5),M 6B 6,7G-H7D;Q3-BAY;R-RSZZ;VORM-W
MO-FIF,Vale of the Silent,-0.11,FRT (5),M 7B 3,KX-2UI;MA-XAP
MQ-O27,Vale of the Silent,-0.13,FRT (5),M 29B 3,FH-TTC;H-EY0P
MY-T2P,Vale of the Silent,-0.38,FRT (5),M 43B 7,3HX-DL;GEKJ-9;NFM-0V;XV-8JQ
N-5QPW,Vale of the Silent,-0.39,FRT (5),M 43B 7,FA-DMO
NCGR-Q,Vale of the Silent,-0.26,FRT (5),M 57B 11,669-IX;HE-V4V;MC6O-F;U54-1L
NFM-0V,Vale of the Silent,-0.50,FRT (5),M 42B 4,MY-T2P;UH-9ZG
N-HSK0,Vale of the Silent,-0.36,FRT (5),M 14B 4,05R-7A;49-0LI;7-UH4Z;FS-RFL
O-LR1H,Vale of the Silent,-0.25,FRT (5),M 31B 7,B-E3KQ;G5ED-Y;Y5J-EU
P3EN-E,Vale of the Silent,-0.27,FRT (5),M 34B 9,IPAY-2;Obe;The Forge
PM-DWE,Vale of the Silent,-0.42,FRT (5),M 6B 5,4-HWWF;WBR5-R
PX5-LR,Vale of the Silent,-0.17,FRT (5),M 88B 12,A3-RQ3;WMBZ-U
Q3-BAY,Vale of the Silent,-0.81,2GTHR (5),M 50B 15,JZV-F4;MGAM-4;VORM-W
Q-EHMJ,Vale of the Silent,-0.15,FRT (5),M 50B 8,H-5GUI;XSQ-TF
Q-L07F,Vale of the Silent,-0.32,FRT (5),M 56B 6,IFJ-EL;IPAY-2
Q-R3GP,Vale of the Silent,-0.36,FRT (5),M 48B 9,3HX-DL;FA-DMO
R-P7KL,Vale of the Silent,-0.26,FRT (5),M 64B 16,2DWM-2;669-IX;XF-PWO
R-RSZZ,Vale of the Silent,-0.44,2GTHR (5),M 64B 27,7G-H7D;MGAM-4;UL-4ZW;VORM-W
RVCZ-C,Vale of the Silent,-0.14,FRT (5),M 27B 7,LS9B-9;VI2K-J;ZLZ-1Z
S6QX-N,Vale of the Silent,-0.22,2GTHR (5),M 66B 14,1VK-6B;E-SCTX;IT-YAU
S-NJBB,Vale of the Silent,-0.28,FRT (5),M 43B 13,A8A-JN;IFJ-EL
T-GCGL,Vale of the Silent,-0.73,FRT (5),M 98B 23,0MV-4W;TVN-FM;V-NL3K
The Forge,Vale of the Silent,0.2,,,EOA-ZC;P3EN-E
TVN-FM,Vale of the Silent,-0.65,FRT (5),M 30B 7,0MV-4W;AZBR-2;T-GCGL;WBR5-R
T-ZWA1,Vale of the Silent,-0.75,FRT (5),M 45B 12,1-GBBP;C-FP70;QFF-O6
U54-1L,Vale of the Silent,-0.27,FRT (5),M 35B 21,0-R5TS;NCGR-Q
UH-9ZG,Vale of the Silent,-0.46,FRT (5),M 8B 4,9OO-LH;NFM-0V;Vale of the Silent;YXIB-I
UL-4ZW,Vale of the Silent,-0.41,FRT (5),M 16B 3,8-TFDX;BR-6XP;G5ED-Y;R-RSZZ
UNAG-6,Vale of the Silent,-0.22,FRT (5),M 65B 12,7-PO3P;E-SCTX;H-EY0P
Vale of the Silent,Vale of the Silent,-0.16,,,1-GBBP;C-FP70;IPAY-2;K8X-6B;MSHD-4;Obe;QFF-O6;UH-9ZG;X445-5
VI2K-J,Vale of the Silent,-0.13,FRT (5),M 70B 15,FMBR-8;RVCZ-C;ZLZ-1Z
V-NL3K,Vale of the Silent,-0.76,FRT (5),M 69B 5,1-GBBP;T-GCGL
V-OJEN,Vale of the Silent,-0.32,FRT (5),M 55B 8,49-0LI;DAYP-G
VORM-W,Vale of the Silent,-0.56,FRT (5),M 39B 4,7G-H7D;MGAM-4;Q3-BAY;R-RSZZ
WBR5-R,Vale of the Silent,-0.52,FRT (5),M 10B 2,4GYV-Q;8TPX-N;PM-DWE;TVN-FM
WMBZ-U,Vale of the Silent,-0.09,FRT (5),M 32B 7,A-QRQT;PX5-LR
X445-5,Vale of the Silent,-0.41,FRT (5),M 8B 3,9OO-LH;K8X-6B;Vale of the Silent
X97D-W,Vale of the Silent,-0.43,FRT (5),M 58B 14,05R-7A;7-UH4Z
XF-PWO,Vale of the Silent,-0.31,FRT (5),M 40B 8,R-P7KL
XSQ-TF,Vale of the Silent,-0.16,FRT (5),M 88B 28,H-1EOH;Q-EHMJ
XV-8JQ,Vale of the Silent,-0.39,FRT (5),M 50B 11,MY-T2P
Y0-BVN,Vale of the Silent,-0.44,FRT (5),M 41B 9,7-UH4Z
Y5J-EU,Vale of the Silent,-0.22,FRT (5),M 9B 4,2CG-5V;8-TFDX;B-E3KQ;G5ED-Y;O-LR1H
YMJG-4,Vale of the Silent,-0.42,FRT (5),M 17B 4,4-HWWF;DAYP-G
YXIB-I,Vale of the Silent,-0.51,FRT (5),M 63B 16,UH-9ZG
Y-ZXIO,Vale of the Silent,-0.90,FRT (5),M 51B 6,G96R-F
Z-8Q65,Vale of the Silent,-0.77,FRT (5),M 52B 7,0J3L-V;AZBR-2
ZA0L-U,Vale of the Silent,-0.81,FRT (5),M 61B 8,1-GBBP;C-FP70;G96R-F
ZLZ-1Z,Vale of the Silent,-0.17,FRT (5),M 77B 18,6Y-WRK;RVCZ-C;VI2K-J
0-BFTQ,Venal,-0.17,Guristas,M 55B 10,BV-1JG;SS-GED
0-O2UT,Venal,-0.42,Guristas,M 51B 8,B-CZXG;FHB-QA;JURU-T;Q61Y-F
0-XIDJ,Venal,-0.12,Guristas,M 31B 9,O-TVTD;P-GKF5;SBL5-R
1-Y6KI,Venal,-0.18,Guristas,M 40B 5,9-266Q;H-PA29;YP-J33
2IBE-N,Venal,-0.50,Guristas,M 55B 11,L-IE41
2PLH-3,Venal,-0.14,Guristas,M 37B 10,4-7IL9;B-CZXG;RQ9-OZ
2TH-3F,Venal,-0.93,Guristas,M 83B 30,H-AJ27;WLF-D3
3A1P-N,Venal,-0.88,Guristas,M 19B 7,N6G-H3;Q-CAB2
42XJ-N,Venal,-0.41,Guristas,M 63B 11,G9D-XW;OE-4HB;Z3U-GI
430-BE,Venal,-0.13,Guristas,M28B12,LHJ-2G
4-7IL9,Venal,-0.10,Guristas,M 30B 5,2PLH-3;MC6-5J
4RX-EE,Venal,-0.16,Guristas,M 6B 1,SS-GED;V3X-L8
4S-PVC,Venal,-0.75,Guristas,M 47B 13,E1F-E5
65V-RH,Venal,-0.27,Guristas,M 7B 3,B-CZXG;JURU-T
6NJ8-V,Venal,-0.18,Guristas,M 42B 20,AJCJ-1;BV-1JG;Y-4CFK
6UQ-4U,Venal,-0.17,Guristas,M46B 15,LHJ-2G
6W-HRH,Venal,-0.21,Guristas,M 39B 20,CSOA-B;N5Y-4N
6ZJ-SC,Venal,-0.13,Guristas,M 68B 23,P-VYVL;VVD-O6
8CIX-S,Venal,-0.09,Guristas,M 79B 16,O-TVTD
9-266Q,Venal,-0.25,Guristas,M 58B 6,1-Y6KI;BV-1JG;D-8SI1;H-PA29;N6G-H3;Venal
92D-OI,Venal,-0.32,Guristas,M 77B 15,Branch;MA-VDX;N-5476
92K-H2,Venal,-0.44,Guristas,M 14B 4,A-AFGR;AA-YRK;N6G-H3;OZ-VAE;Venal
9-8BL8,Venal,-0.50,Guristas,M 65B 24,MQFX-Q
9IPC-E,Venal,-0.14,Guristas,M 68B 19,EIV-1W;QHJ-FW;UQ9-3C
9-R6GU,Venal,-0.10,Guristas,M 37B 13,4U90-Z;R-KZK7
A-AFGR,Venal,-0.40,Guristas,M 43B 12,92K-H2;AA-YRK;N6G-H3;OZ-VAE;Venal
AA-YRK,Venal,-0.41,Guristas,M 63B 7,92K-H2;A-AFGR
AJCJ-1,Venal,-0.15,Guristas,M 18B 1,6NJ8-V;SS-GED
AZ-UWB,Venal,-0.08,Guristas,M 46B 4,OJ-CT4
B3QP-K,Venal,-0.77,Guristas,M 70B 21,EOY-BG;G9D-XW;GVZ-1W;Z3U-GI
B-CZXG,Venal,-0.24,Guristas,M 9B 3,0-O2UT;2PLH-3;65V-RH;MC6-5J;RQ9-OZ
BV-1JG,Venal,-0.23,Guristas,M 47B 3,0-BFTQ;6NJ8-V;9-266Q
C2-DDA,Venal,-0.80,Guristas,M 22B 2,YJ3-UT
CSOA-B,Venal,-0.15,Guristas,M 38B 4,6W-HRH;K3JR-J
D-8SI1,Venal,-0.13,Guristas,M 47B 28,9-266Q;HBD-CC;K3JR-J;YP-J33
Deklein,Venal,-1.00,,,Y-1918
D-SKWC,Venal,-0.16,Guristas,M 13B 6,HBD-CC;SBL5-R
E1F-E5,Venal,-0.61,Guristas,M 50B 7,4S-PVC;M2-2V1
E-7U8U,Venal,-0.13,Guristas,M 66B 21,HBD-CC;P-GKF5
EIV-1W,Venal,-0.19,Guristas,M 65B 13,9IPC-E;QHJ-FW;S-1ZXZ
EK2-ET,Venal,-0.33,Guristas,M 49B 25,PZOZ-K
FHB-QA,Venal,-0.38,Guristas,M 43B 9,0-O2UT;G9D-XW;Z3U-GI
G9D-XW,Venal,-0.33,Guristas,M 40B 12,42XJ-N;B3QP-K;FHB-QA;NJ4X-S
GVZ-1W,Venal,-0.90,Guristas,M 73B 23,B3QP-K;Z3U-GI
H-AJ27,Venal,-0.59,Guristas,M 53B 10,2TH-3F;M2-2V1;SE-SHZ
HBD-CC,Venal,-0.12,Guristas,M 43B 7,D-8SI1;D-SKWC;E-7U8U;P-GKF5;SBL5-R
HD-JVQ,Venal,-0.13,Guristas,M 39B 6,MTO2-2;P-VYVL;VVD-O6
H-PA29,Venal,-0.24,Guristas,M 9B 3,1-Y6KI;9-266Q;P-FSQE;Zarzakh
H-S5BM,Venal,-0.07,Guristas,M 16B 8,OJ-CT4
JURU-T,Venal,-0.12,Guristas,M 25B 7,0-O2UT;65V-RH;MC6-5J;QHJ-FW
K3JR-J,Venal,-0.14,Guristas,M 26B 8,CSOA-B;D-8SI1
KK-L97,Venal,-0.12,Guristas,M93B18,N-Q5PW;Y6-HPG;Z-GY5S
LHJ-2G,Venal,-0.17,Guristas,M 65B 5,430-BE;6UQ-4U;PZOZ-K;SHJO-J
L-IE41,Venal,-0.66,Guristas,M 41B 5,2IBE-N;Q61Y-F;VG-QW1
M2-2V1,Venal,-0.69,Guristas,M 57B 14,E1F-E5;H-AJ27
MC6-5J,Venal,-0.11,Guristas,M 84B 42,4-7IL9;B-CZXG;JURU-T;RQ9-OZ
MQFX-Q,Venal,-0.42,Guristas,M 59B 11,9-8BL8;N5Y-4N
N0C-UN,Venal,-0.14,Guristas,M 62B 26,V3X-L8;VG-6CH
N-5476,Venal,-0.36,Guristas,M 50B 8,92D-OI;PZOZ-K;S-1ZXZ;SE-SHZ
N5Y-4N,Venal,-0.25,Guristas,M 30B 10,6W-HRH;MQFX-Q
N6G-H3,Venal,-0.40,Guristas,M 33B 12,3A1P-N;9-266Q;92K-H2;A-AFGR;OZ-VAE
N-Q5PW,Venal,-0.17,Guristas,M36B11,KK-L97;P-FSQE
OJ-CT4,Venal,-0.07,Guristas,M 60B 19,AZ-UWB;H-S5BM;SHJO-J
O-TVTD,Venal,-0.10,Guristas,M 32B 2,0-XIDJ;8CIX-S
OZ-VAE,Venal,-0.31,Guristas,M 39B 13,92K-H2;A-AFGR;N6G-H3;Venal
PF-QHK,Venal,-0.13,Guristas,M 77B 18,Q-7SUI;VG-6CH;XW-6TC
P-FSQE,Venal,-0.15,Guristas,M 4B 2,H-PA29;N-Q5PW
P-GKF5,Venal,-0.13,Guristas,M 23B 9,0-XIDJ;E-7U8U;HBD-CC
P-VYVL,Venal,-0.13,Guristas,M 52B 10,6ZJ-SC;HD-JVQ;VVD-O6;XW-6TC
PZOZ-K,Venal,-0.40,Guristas,M 60B 15,EK2-ET;LHJ-2G;N-5476;W3KK-R
Q61Y-F,Venal,-0.66,Guristas,M 41B 12,0-O2UT;L-IE41
Q-7SUI,Venal,-0.18,Guristas,M 42B 3,PF-QHK
QHJ-FW,Venal,-0.17,Guristas,M 32B 2,9IPC-E;EIV-1W;JURU-T;Z0-TJW
R-KZK7,Venal,-0.11,Guristas,M 71B 14,9-R6GU;Z-GY5S
RQ9-OZ,Venal,-0.16,Guristas,M 53B 5,2PLH-3;B-CZXG;MC6-5J
S-1ZXZ,Venal,-0.30,Guristas,M 65B 12,EIV-1W;N-5476
SBL5-R,Venal,-0.13,Guristas,M 29B 1,0-XIDJ;D-SKWC;HBD-CC
SE-SHZ,Venal,-0.47,Guristas,M 3B 5,H-AJ27;N-5476
SHJO-J,Venal,-0.12,Guristas,M 16B 7,LHJ-2G;OJ-CT4
SS-GED,Venal,-0.16,Guristas,M 70B 11,0-BFTQ;4RX-EE;AJCJ-1
V3X-L8,Venal,-0.16,Guristas,M 48B 10,4RX-EE;N0C-UN
Venal,Venal,-0.40,,,9-266Q;92K-H2;A-AFGR;OZ-VAE
VG-6CH,Venal,-0.15,Guristas,M 34B 2,N0C-UN;PF-QHK;Z0-TJW
VG-QW1,Venal,-0.77,Guristas,M 26B 3,L-IE41;YJ3-UT
VVD-O6,Venal,-0.12,Guristas,M 51B 3,6ZJ-SC;HD-JVQ;P-VYVL;XW-6TC
W3KK-R,Venal,-0.53,Guristas,M 32B 12,PZOZ-K
WLF-D3,Venal,-1.00,Guristas,M 33B 8,2TH-3F;DKUK-G
XW-6TC,Venal,-0.12,Guristas,M 36B 13,PF-QHK;P-VYVL;VVD-O6
Y-4CFK,Venal,-0.19,Guristas,M 70B 30,6NJ8-V
Y6-HPG,Venal,-0.11,Guristas,M 63B 19,KK-L97;Y-W1Q3;Z-GY5S
YJ3-UT,Venal,-0.68,Guristas,M 58B 17,C2-DDA;VG-QW1;ZD4-G9
YP-J33,Venal,-0.14,Guristas,M 44B 21,1-Y6KI;D-8SI1
Y-W1Q3,Venal,-0.16,Guristas,M 71B 22,UMI-KK;Y6-HPG
Z0-TJW,Venal,-0.16,Guristas,M 51B 12,QHJ-FW;VG-6CH
Z3U-GI,Venal,-0.60,Guristas,M 40B 7,42XJ-N;B3QP-K;FHB-QA;GVZ-1W
ZD4-G9,Venal,-0.62,Guristas,M 12B 6,YJ3-UT
Z-GY5S,Venal,-0.11,Guristas,M68B11,KK-L97;R-KZK7;Y6-HPG
Adallier,Verge Vendor,0.9,Gallente,M 84B 7,Alentene
Aidart,Verge Vendor,0.6,Gallente,M 57B 8,Avaux;Cistuvaert;Stacmon
Alenia,Verge Vendor,0.9,Gallente,M 52B 4,Alentene;Tourier;Vaere
Alentene,Verge Vendor,0.9,Gallente,M 36B 3,Adallier;Alenia;Cistuvaert;Merolles;Scolluzer;Vaere
Amoderia,Verge Vendor,0.4,Gallente,M 15B 5,Arraron;Pemene;Stou
Amygnon,Verge Vendor,0.6,Gallente,M 64B 9,Intaki;Jufvitte
Annelle,Verge Vendor,0.8,Gallente,M 30B 11,Chesiette;Masalle
Ansalle,Verge Vendor,0.6,Gallente,M 31B 2,Gisleres;Jufvitte
Arraron,Verge Vendor,0.5,Gallente,M 25B 7,Amoderia;Attyn;Chantrousse;Essence;Stou
Channace,Verge Vendor,0.9,Gallente,M 84B 7,Tourier
Chantrousse,Verge Vendor,0.6,Gallente,M 55B 17,Arraron;Osmomonne;Ourapheh;Tierijev
Chesiette,Verge Vendor,0.6,Gallente,M 77B 15,Annelle;Reblier
Cistuvaert,Verge Vendor,0.9,Gallente,M 84B 7,Aidart;Alentene;Eletta
Clacille,Verge Vendor,0.9,Gallente,M 84B 7,Eletta
Claulenne,Verge Vendor,0.7,Gallente,M 58B 6,Masalle;Sortet
Clellinon,Verge Vendor,0.8,Gallente,M 84B 7,Luse
Costolle,Verge Vendor,0.2,Gallente,M 66B 11,Melmaniel;Muetralle
Ekuenbiron,Verge Vendor,0.8,Gallente,M 43B 7,Luse;Raneilles
Eletta,Verge Vendor,0.9,Gallente,M 45B 7,Cistuvaert;Clacille;Luse;Vay
Ellmay,Verge Vendor,0.9,Gallente,M 54B 17,Gisleres;Theruesse
Genesis,Verge Vendor,0.9,,,Atlangeins;Hykkota;Manifest
Gisleres,Verge Vendor,0.8,Gallente,M 79B 27,Ansalle;Ellmay;Scolluzer
Hevrice,Verge Vendor,0.4,Gallente,M 49B 14,Jovainnon;Muetralle;Raneilles
Jovainnon,Verge Vendor,0.3,Gallente,M 4B 5,Aeschee;Hevrice
Jufvitte,Verge Vendor,0.5,Gallente,M 71B 11,Amygnon;Ansalle;Ouelletta;Scheenins
Loes,Verge Vendor,0.3,Gallente,M 50B 5,Agoze;Ouelletta
Luse,Verge Vendor,0.9,Gallente,M 15B 4,Clellinon;Ekuenbiron;Eletta;Vay
Masalle,Verge Vendor,0.8,Gallente,M 70B 20,Annelle;Claulenne
Melmaniel,Verge Vendor,0.3,Gallente,M 61B 15,Costolle;Murethand;Ouelletta
Merolles,Verge Vendor,0.9,Gallente,M 68B 8,Alentene;Tar;Tourier
Muetralle,Verge Vendor,0.2,Gallente,M 13B 5,Costolle;Hevrice
Murethand,Verge Vendor,0.3,Gallente,M 51B 5,Indregulle;Melmaniel;Mesybier
Osmomonne,Verge Vendor,0.8,Gallente,M 14B 9,Chantrousse;Scolluzer;Tierijev
Ouelletta,Verge Vendor,0.4,Gallente,M 10B 3,Jufvitte;Loes;Melmaniel
Raneilles,Verge Vendor,0.6,Gallente,M 50B 8,Ekuenbiron;Hevrice;Vay
Reblier,Verge Vendor,0.4,Gallente,M 44B 11,6-CZ49;Chesiette
Scheenins,Verge Vendor,0.5,Gallente,M 64B 18,Jufvitte;Vay
Scolluzer,Verge Vendor,0.8,Gallente,M 36B 4,Alentene;Gisleres;Osmomonne;Sortet
Sortet,Verge Vendor,0.8,Gallente,M 45B 13,Claulenne;Scolluzer
Stou,Verge Vendor,0.5,Gallente,M 14B 3,Amoderia;Arraron
Theruesse,Verge Vendor,0.9,Gallente,M 5B 6,Ellmay
Tierijev,Verge Vendor,0.8,Gallente,M 20B 5,Chantrousse;Derririntel;Osmomonne;Tannolen
Tourier,Verge Vendor,0.9,Gallente,M 25B 7,Alenia;Channace;Diaderi;Merolles;Yulai
Vaere,Verge Vendor,0.8,Gallente,M 42B 8,Alenia;Alentene
Vay,Verge Vendor,0.8,Gallente,M 29B 8,Eletta;Luse;Raneilles;Scheenins
07-SLO,Wicked Creek,-0.40,CONDI (5),M 75B 0,DUO-51;G063-U;GPD5-0;Z-A8FS
0RI-OV,Wicked Creek,-0.29,CONDI (5),M 33B 0,C0O6-K;G9NE-B;L-Z9KJ;SR-4EK
0TYR-T,Wicked Creek,-0.16,CONDI (5),M 88B 0,8-OZU1;L-FM3P;SN9-3Z
1-7B6D,Wicked Creek,-0.69,CONDI (5),M 22B 6,4-EFLU;F-QQ5N;H6-EYX
1L-OEK,Wicked Creek,-0.66,CONDI (5),M 43B 10,5H-SM2;F-QQ5N;Q-GQHN;SO-X5L;YI-GV6
30-YOU,Wicked Creek,-0.27,CONDI (5),M 20B 0,4F89-U;J7-BDX;MKIG-5;YHEN-G
384-IN,Wicked Creek,-0.20,CONDI (5),M 34B 0,6-L4YC;YHEN-G
3Q-VZA,Wicked Creek,-0.25,CONDI (5),M 12B 0,A-4JOO
4-EFLU,Wicked Creek,-0.52,CONDI (5),M 66B 0,1-7B6D;F-QQ5N;U-HVIX
4F89-U,Wicked Creek,-0.25,CONDI (5),M 31B 0,30-YOU;6-L4YC;E-JCUS
4-OS2A,Wicked Creek,-0.60,CONDI (5),M 35B 0,MN-Q26;Q-GQHN
5DE-QS,Wicked Creek,-0.37,CONDI (5),M 64B 0,F-3FOY;GGE-5Q;OAIG-0;UZ-QXW
5E-CMA,Wicked Creek,-0.42,CONDI (5),M 6B 0,1V-LI2;B-WQDP;GGE-5Q;GPLB-C;M9-MLR
5H-SM2,Wicked Creek,-0.71,CONDI (5),M 88B 20,1L-OEK;3-LJW3
5NQI-E,Wicked Creek,-0.25,CONDI (5),M 58B 0,OR-7N5
5Q65-4,Wicked Creek,-0.62,CONDI (5),M 56B 0,R0-DMM
6-L4YC,Wicked Creek,-0.24,CONDI (5),M 69B 0,384-IN;4F89-U;GPLB-C;MKIG-5
7K-NSE,Wicked Creek,-0.29,CONDI (5),M 16B 0,L-Z9KJ;OR-7N5
8-OZU1,Wicked Creek,-0.18,CONDI (5),M 16B 0,0TYR-T;78-0R6;MLQ-O9
A-4JOO,Wicked Creek,-0.20,CONDI (5),M 7B 0,3Q-VZA;TP7-KE
B-WQDP,Wicked Creek,-0.34,CONDI (5),M 35B 0,5E-CMA;JEQG-7
C0O6-K,Wicked Creek,-0.30,CONDI (5),M 44B 0,0RI-OV;C-LTXS;G9NE-B;HD-AJ7;Scalding Pass;SR-4EK;X9V-15
C-62I5,Wicked Creek,-0.12,CONDI (5),M 21B 0,JQU-KY;ZH-GKG
C-LTXS,Wicked Creek,-0.29,CONDI (5),M 16B 0,C0O6-K;HD-AJ7;SJJ-4F
DUO-51,Wicked Creek,-0.47,CONDI (5),M 58B 0,07-SLO;GRHS-B;J-RXYN;Z-A8FS
EIH-IU,Wicked Creek,-0.60,CONDI (5),M 40B 0,U-HVIX
E-JCUS,Wicked Creek,-0.22,CONDI (5),M 55B 0,4F89-U;LP1M-Q;W-QN5X;YHEN-G
F-3FOY,Wicked Creek,-0.41,CONDI (5),M 18B 0,5DE-QS;GRHS-B
F5M-CC,Wicked Creek,-0.39,CONDI (5),M 79B 0,H-HHTH;LKZ-CY;TZE-UB
F-EM4Q,Wicked Creek,-0.43,CONDI (5),M 54B 0,MN-Q26
F-QQ5N,Wicked Creek,-0.65,CONDI (5),M 36B 6,1-7B6D;1L-OEK;4-EFLU;U-HVIX
G063-U,Wicked Creek,-0.30,CONDI (5),M 43B 0,07-SLO;W-QN5X
G9L-LP,Wicked Creek,-0.15,CONDI (5),M 21B 0,GM-50Y;X-ARMF
G9NE-B,Wicked Creek,-0.33,CONDI (5),M 50B 0,0RI-OV;4-43BW;C0O6-K;SR-4EK
GGE-5Q,Wicked Creek,-0.49,CONDI (5),M 49B 0,5DE-QS;5E-CMA
GM-50Y,Wicked Creek,-0.17,CONDI (5),M 55B 0,4NDT-W;G9L-LP;L-FM3P;MKIG-5
GPD5-0,Wicked Creek,-0.31,CONDI (5),M 41B 0,07-SLO;LP1M-Q
GPLB-C,Wicked Creek,-0.25,CONDI (5),M 39B 0,5E-CMA;6-L4YC;MSG-BZ;U104-3
GRHS-B,Wicked Creek,-0.46,CONDI (5),M 73B 0,DUO-51;F-3FOY;J-RXYN
H6-EYX,Wicked Creek,-0.73,CONDI (5),M 79B 18,1-7B6D
HD-AJ7,Wicked Creek,-0.31,CONDI (5),M 46B 0,C0O6-K;C-LTXS;SJJ-4F;SR-4EK
H-HHTH,Wicked Creek,-0.42,CONDI (5),M 60B 0,F5M-CC;MWA-5Q;UY5A-D
HPBE-D,Wicked Creek,-0.29,CONDI (5),M 22B 0,R4N-LD
Immensea,Wicked Creek,-0.30,,,I-9GI1
J7-BDX,Wicked Creek,-0.41,CONDI (5),M 57B 0,30-YOU
JEQG-7,Wicked Creek,-0.29,CONDI (5),M 43B 0,B-WQDP;OR-7N5
JQU-KY,Wicked Creek,-0.27,CONDI (5),M 29B 0,C-62I5;MWA-5Q
J-RXYN,Wicked Creek,-0.46,CONDI (5),M11B0,DUO-51;GRHS-B;M3-KAQ;Z-A8FS
L-FM3P,Wicked Creek,-0.17,CONDI (5),M 70B 0,0TYR-T;78-0R6;GM-50Y
LKZ-CY,Wicked Creek,-0.45,CONDI (5),M 43B 0,F5M-CC;WRL4-2;XQS-GZ
LP1M-Q,Wicked Creek,-0.24,CONDI (5),M14B0,E-JCUS;GPD5-0
L-Z9KJ,Wicked Creek,-0.35,CONDI (5),M 87B 0,0RI-OV;7K-NSE
M3-KAQ,Wicked Creek,-0.32,CONDI (5),M 26B 0,J-RXYN;U104-3
MKIG-5,Wicked Creek,-0.22,CONDI (5),M 15B 0,30-YOU;6-L4YC;GM-50Y;YHEN-G
MLQ-O9,Wicked Creek,-0.20,CONDI (5),M 50B 0,8-OZU1
M-MBRT,Wicked Creek,-0.24,CONDI (5),M 60B 0,R4N-LD
MN-Q26,Wicked Creek,-0.51,CONDI (5),M 52B 0,4-OS2A;F-EM4Q;Q-GQHN;XQS-GZ
MWA-5Q,Wicked Creek,-0.31,CONDI (5),M 33B 0,H-HHTH;JQU-KY;UM-SCG;UY5A-D
OAIG-0,Wicked Creek,-0.35,CONDI (5),M 42B 0,5DE-QS;UM-SCG
OR-7N5,Wicked Creek,-0.30,CONDI (5),M 35B 0,5NQI-E;7K-NSE;JEQG-7
Q-GQHN,Wicked Creek,-0.53,CONDI (5),M 23B 0,1L-OEK;4-OS2A;MN-Q26;XQS-GZ
R0-DMM,Wicked Creek,-0.47,CONDI (5),M 54B 0,5Q65-4;OAQY-M;UZ-QXW
R4N-LD,Wicked Creek,-0.26,CONDI (5),M 7B 0,HPBE-D;M-MBRT;TP7-KE
SJJ-4F,Wicked Creek,-0.25,CONDI (5),M 26B 0,C-LTXS;HD-AJ7
SO-X5L,Wicked Creek,-0.70,CONDI (5),M 72B 30,1L-OEK;YI-GV6
SR-4EK,Wicked Creek,-0.34,CONDI (5),M 46B 0,0RI-OV;C0O6-K;G9NE-B;HD-AJ7
TP7-KE,Wicked Creek,-0.33,CONDI (5),M 69B 0,A-4JOO;B-1UJC;R4N-LD;UM-SCG
TZE-UB,Wicked Creek,-0.32,CONDI(5),M 21B 0,F5M-CC;XEN7-0
U104-3,Wicked Creek,-0.27,CONDI (5),M 78B 0,GPLB-C;M3-KAQ
U-HVIX,Wicked Creek,-0.66,CONDI (5),M 6B 3,4-EFLU;EIH-IU;F-QQ5N
UM-SCG,Wicked Creek,-0.31,CONDI (5),M 44B 0,MWA-5Q;OAIG-0;TP7-KE
UY5A-D,Wicked Creek,-0.40,CONDI (5),M 94B 0,H-HHTH;MWA-5Q;ZH-GKG
UZ-QXW,Wicked Creek,-0.48,CONDI (5),M 77B 0,5DE-QS;R0-DMM
V7G-RL,Wicked Creek,-0.44,CONDI (5),M 41B 0,OEG-K9;WRL4-2
W-QN5X,Wicked Creek,-0.27,CONDI (5),M 14B 0,E-JCUS;G063-U
WRL4-2,Wicked Creek,-0.41,CONDI (5),M 36B 0,LKZ-CY;V7G-RL
X-ARMF,Wicked Creek,-0.09,CONDI (5),M 97B 0,G9L-LP
XEN7-0,Wicked Creek,-0.19,CONDI (5),M 38B 0,TZE-UB
XQS-GZ,Wicked Creek,-0.55,CONDI (5),M 34B 0,LKZ-CY;MN-Q26;Q-GQHN
YHEN-G,Wicked Creek,-0.20,CONDI (5),M 25B 0,30-YOU;384-IN;E-JCUS;MKIG-5
YI-GV6,Wicked Creek,-0.64,CONDI (5),M 7B 0,1L-OEK;DE-A7P;SO-X5L
Z-A8FS,Wicked Creek,-0.54,CONDI (5),M 44B 0,07-SLO;DUO-51;J-RXYN
ZH-GKG,Wicked Creek,-0.13,CONDI (5),M 45B 0,C-62I5;UY5A-D
YYYYY (N),X   = System Name,-0.34,,,
Zarzakh,Yasna Zakh,-1.00,,M 0B 0,Alsavoinon;G-0Q86;H-PA29;Placid;Turnur
