582	Bantam	Frigate	Ship
583	Condor	Frigate	Ship
584	Griffin	Frigate	Ship
585	Slasher	Frigate	Ship
586	Probe	Frigate	Ship
587	Rifter	Frigate	Ship
588	Reaper	Corvette	Ship
589	Executioner	Frigate	Ship
590	Inquisitor	Frigate	Ship
591	Tormentor	Frigate	Ship
592	Navitas	Frigate	Ship
593	Tristan	Frigate	Ship
594	Incursus	Frigate	Ship
595	Gallente Police Ship	Frigate	Ship
596	Impairor	Corvette	Ship
597	Punisher	Frigate	Ship
598	Breacher	Frigate	Ship
599	Burst	Frigate	Ship
600	Minmatar Peacekeeper Ship	Frigate	Ship
601	Ibis	Corvette	Ship
602	Kestrel	Frigate	Ship
603	Merlin	Frigate	Ship
605	Heron	Frigate	Ship
606	Velator	Corvette	Ship
607	Imicus	Frigate	Ship
608	Atron	Frigate	Ship
609	Maulus	Frigate	Ship
613	Devourer	Frigate	Ship
614	Fury	Frigate	Ship
615	Immolator	Corvette	Ship
616	Medusa	Frigate	Ship
617	Echo	Corvette	Ship
618	Lynx	Frigate	Ship
619	Swordspine	Frigate	Ship
620	Osprey	Cruiser	Ship
621	Caracal	Cruiser	Ship
622	Stabber	Cruiser	Ship
623	Moa	Cruiser	Ship
624	Maller	Cruiser	Ship
625	Augoror	Cruiser	Ship
626	Vexor	Cruiser	Ship
627	Thorax	Cruiser	Ship
628	Arbitrator	Cruiser	Ship
629	Rupture	Cruiser	Ship
630	Bellicose	Cruiser	Ship
631	Scythe	Cruiser	Ship
632	Blackbird	Cruiser	Ship
633	Celestis	Cruiser	Ship
634	Exequror	Cruiser	Ship
635	Opux Luxury Yacht	Special Edition Yachts	Ship
638	Raven	Battleship	Ship
639	Tempest	Battleship	Ship
640	Scorpion	Battleship	Ship
641	Megathron	Battleship	Ship
642	Apocalypse	Battleship	Ship
643	Armageddon	Battleship	Ship
644	Typhoon	Battleship	Ship
645	Dominix	Battleship	Ship
648	Badger	Hauler	Ship
649	Tayra	Hauler	Ship
650	Nereus	Hauler	Ship
651	Hoarder	Hauler	Ship
652	Mammoth	Hauler	Ship
653	Wreathe	Hauler	Ship
654	Kryos	Hauler	Ship
655	Epithal	Hauler	Ship
656	Miasmos	Hauler	Ship
657	Iteron Mark V	Hauler	Ship
670	Capsule	Capsule	Ship
671	Erebus	Titan	Ship
672	Caldari Shuttle	Shuttle	Ship
1194	Amarr Sentry Gun	Sentry Gun	Entity
1201	Wasp I	Combat Drone	Drone
1202	Civilian Mining Drone	Mining Drone	Drone
1233	Polaris Enigma Frigate	Corvette	Ship
1896	Concord Police Frigate	Frigate	Ship
1898	Concord SWAT Frigate	Frigate	Ship
1900	Concord Army Frigate	Frigate	Ship
1902	Concord Special Ops Frigate	Frigate	Ship
1904	Concord Police Cruiser	Cruiser	Ship
1912	Concord Police Battleship	Battleship	Ship
1914	Concord Special Ops Battleship	Battleship	Ship
1916	Concord SWAT Battleship	Battleship	Ship
1918	Concord Army Battleship	Battleship	Ship
1944	Bestower	Hauler	Ship
2006	Omen	Cruiser	Ship
2010	Rebel Leader	Minor Threat	Entity
2011	Prison Facility	Spawn Container	Entity
2012	Terrorist Leader	Deadspace Angel Cartel Frigate	Entity
2045	SARO Frigate	Mission CONCORD Frigate	Entity
2052	Mercenary Trainee	Minor Threat	Entity
2072	Anire Scarlet	Deadspace Blood Raiders BattleCruiser	Entity
2077	Amarr Frigate Container	Mission Container	Entity
2078	Zephyr	Prototype Exploration Ship	Ship
2098	Phenod's Broke-Ass Destroyer	Deadspace Serpentis Destroyer	Entity
2126	Anakism	Deadspace Serpentis Frigate	Entity
2127	Amarr Diplomat Quarters	Spawn Container	Entity
2128	Locced's Destroyer	Deadspace Serpentis Destroyer	Entity
2161	Crucifier	Frigate	Ship
2163	CONCORD Collection Vessel	Mission Container	Entity
2173	Infiltrator I	Combat Drone	Drone
2175	Infiltrator II	Combat Drone	Drone
2181	Minmatar Diplomat Quarters	Spawn Container	Entity
2183	Hammerhead I	Combat Drone	Drone
2185	Hammerhead II	Combat Drone	Drone
2187	Orca Container	Mission Container	Entity
2189	Drone Infested Dominix	Mission Container	Entity
2190	Renyn Meten	Incursion Sansha's Nation Frigate	Entity
2191	Antem Neo	Incursion Sansha's Nation Cruiser	Entity
2192	The Kundalini Manifest	Incursion Sansha's Nation Capital	Entity
2193	Praetor I	Combat Drone	Drone
2195	Praetor II	Combat Drone	Drone
2203	Acolyte I	Combat Drone	Drone
2205	Acolyte II	Combat Drone	Drone
2207	Vylade Dien	Incursion Sansha's Nation Cruiser	Entity
2208	Uitra Telen	Incursion Sansha's Nation Cruiser	Entity
2209	Arnon Epithalamus	Incursion Sansha's Nation Cruiser	Entity
2214	Guard Post	Mission Container	Entity
2218	Locced's Bribe	Spawn Container	Entity
2222	Scions of the Superior Gene	Mission Caldari State Cruiser	Entity
2223	Preacher's Quarters	Spawn Container	Entity
2224	Tolmak's Zealots	Mission Faction Cruiser	Entity
2232	Life pod	Spawn Container	Entity
2370	Serpentis Initiate	Asteroid Serpentis Frigate	Entity
2372	Angel Rogue	Asteroid Angel Cartel Frigate	Entity
2378	Mysterious Shuttle	Mission Caldari State Other	Entity
2379	Serpentis Spy	Asteroid Serpentis Frigate	Entity
2381	Serpentis Chief Spy	Asteroid Serpentis Cruiser	Entity
2382	Guristas Arrogator	Asteroid Guristas Frigate	Entity
2383	Guristas Invader	Asteroid Guristas Frigate	Entity
2384	Guristas Imputor	Asteroid Guristas Frigate	Entity
2385	Guristas Despoiler	Asteroid Guristas Frigate	Entity
2386	Guristas Plunderer	Asteroid Guristas Frigate	Entity
2387	Guristas Silencer	Asteroid Guristas Cruiser	Entity
2436	Wasp II	Combat Drone	Drone
2444	Ogre I	Combat Drone	Drone
2446	Ogre II	Combat Drone	Drone
2454	Hobgoblin I	Combat Drone	Drone
2456	Hobgoblin II	Combat Drone	Drone
2464	Hornet I	Combat Drone	Drone
2466	Hornet II	Combat Drone	Drone
2476	Berserker I	Combat Drone	Drone
2478	Berserker II	Combat Drone	Drone
2486	Warrior I	Combat Drone	Drone
2488	Warrior II	Combat Drone	Drone
2594	ISHAEKA Monalaz Commander	Mission Amarr Empire Battleship	Entity
2834	Utu	Assault Frigate	Ship
2836	Adrestia	Heavy Assault Cruiser	Ship
2841	Angel Officer's Quarters	Spawn Container	Entity
2845	Outuni Mesen	Incursion Sansha's Nation Battleship	Entity
2846	Domination Excavator	Deadspace Overseer Cruiser	Entity
2847	True Sansha Foreman	Deadspace Overseer Cruiser	Entity
2850	Suspicious Ship Wreck	Spawn Container	Entity
2854	Cloaked Cache	Spawn Container	Entity
2855	Intaki Colliculus	Incursion Sansha's Nation Battleship	Entity
2859	Romi Thalamus	Incursion Sansha's Nation Cruiser	Entity
2860	The Seven Holding Cells	Spawn Container	Entity
2863	Primae	Hauler	Ship
2877	Federation Freighter Vessel	Mission Faction Transports	Entity
2878	Federation Hauler	Mission Faction Haulers	Entity
2879	Imperial Freighter Vessel	Mission Faction Transports	Entity
2882	State Freighter Vessel	Mission Faction Transports	Entity
2883	State Hauler	Mission Faction Haulers	Entity
2884	Republic Hauler	Mission Faction Haulers	Entity
2885	Imperial Hauler	Mission Faction Haulers	Entity
2886	Tomb of the Unknown Soldiers	Spawn Container	Entity
2891	Amarr Battleship Wreckage	Spawn Container	Entity
2892	Amarrian Battleship Wreckage	Spawn Container	Entity
2895	Asteroid Pirate Station	Spawn Container	Entity
2896	Patient Zero	Large Collidable Structure	Entity
2901	Science Vessel Wreck	Spawn Container	Entity
2902	Deactivated Acceleration Gate	Large Collidable Structure	Entity
2903	Manager's Station	Mission Container	Entity
2907	Schmaeel Medulla	Incursion Sansha's Nation Frigate	Entity
2909	Niarja Myelen	Incursion Sansha's Nation Frigate	Entity
2911	Gallente Passenger Liner Damaged	Spawn Container	Entity
2915	Auxiliary Academic Campus	Large Collidable Structure	Entity
2916	Rogue Minmatar	Mission Minmatar Republic Battleship	Entity
2918	Cell Block D	Spawn Container	Entity
2931	Mara Paleo	Incursion Sansha's Nation Cruiser	Entity
2932	Ostingele Tectum	Incursion Sansha's Nation Battleship	Entity
2933	Deltole Tegmentum	Incursion Sansha's Nation Battleship	Entity
2935	Yulai Crus Cerebi	Incursion Sansha's Nation Battleship	Entity
2936	Auga Hypophysis	Incursion Sansha's Nation Cruiser	Entity
2939	Tama Cerebellum	Incursion Sansha's Nation Frigate	Entity
2948	Shadow	Heavy Fighter	Fighter
2950	Lirsautton Parichaya	Incursion Sansha's Nation Cruiser	Entity
2966	Eystur Rhomben	Incursion Sansha's Nation Frigate	Entity
2998	Noctis	Hauler	Ship
3054	Sansha Territorial Reclamation Outpost	Mission Container	Entity
3070	Orca Civilian	Mission Faction Transports	Entity
3071	Uroborus	Incursion Sansha's Nation Capital	Entity
3218	Harvester Mining Drone	Mining Drone	Drone
3259	Orkashu Pontine	Incursion Sansha's Nation Frigate	Entity
3261	Logistics Control Array	Spawn Container	Entity
3457	Test LCO Drone	LCO Drone	Entity
3484	Citizen Astur	Incursion Sansha's Nation Battleship	Entity
3485	Slave 32152	Incursion Sansha's Nation Battleship	Entity
3486	Slave Tama01	Incursion Sansha's Nation Battleship	Entity
3487	Slave Heavenbound02	Incursion Sansha's Nation Battleship	Entity
3490	Slave Endoma01	Incursion Sansha's Nation Battleship	Entity
3491	Sansha Communications Array	Spawn Container	Entity
3492	Sansha's Nation Commander	Incursion Sansha's Nation Frigate	Entity
3495	Shield Transfer Control Tower	Mission Container	Entity
3498	CONCORD MTAC Factory	Spawn Container	Entity
3499	Sansha Starbase Control Tower	Large Collidable Structure	Entity
3500	Reinforced Nation Outpost	Large Collidable Structure	Entity
3502	Nation Ore Refinery	Mission Container	Entity
3503	Emergency Evacuation Freighter	Mission Container	Entity
3506	Central Control Nexus	Spawn Container	Entity
3508	Sansha Control Relay	Mission Container	Entity
3511	Gang booster test NPC	Incursion Sansha's Nation Cruiser	Entity
3514	Revenant	Supercarrier	Ship
3516	Malice	Assault Frigate	Ship
3518	Vangel	Heavy Assault Cruiser	Ship
3524	Jel Rhomben	Incursion Sansha's Nation Frigate	Entity
3525	Youl Meten	Incursion Sansha's Nation Frigate	Entity
3526	Orkashu Myelen	Incursion Sansha's Nation Frigate	Entity
3527	Raa Thalamus	Incursion Sansha's Nation Cruiser	Entity
3532	Echelon	Frigate	Ship
3548	Insurance Teaching Drone	Minor Threat	Entity
3549	Tutorial Attack Drone	Combat Drone	Drone
3591	Angel Control Tower	Large Collidable Structure	Entity
3624	Holding Cell	Spawn Container	Entity
3628	Nation	Supercarrier	Ship
3629	Amarr Academy Office	Spawn Container	Entity
3739	Caldari Sentry Gun III	Sentry Gun	Entity
3740	Caldari Sentry Gun I	Sentry Gun	Entity
3741	Caldari Sentry Gun II	Sentry Gun	Entity
3742	Gallente Sentry Gun	Sentry Gun	Entity
3743	Minmatar Sentry Gun	Sentry Gun	Entity
3744	Silverfish Alvi	Deadspace Rogue Drone Frigate	Entity
3745	Viral Infector Alvum	Deadspace Rogue Drone Cruiser	Entity
3746	Wrecker Alvum	Deadspace Rogue Drone Cruiser	Entity
3747	Enforcer Alvatis	Deadspace Rogue Drone BattleCruiser	Entity
3748	Strain Infester Alvi	Deadspace Rogue Drone Frigate	Entity
3749	Decimator Alvi	Deadspace Rogue Drone Frigate	Entity
3750	Infester Alvi	Deadspace Rogue Drone Frigate	Entity
3751	SOCT 1	Frigate	Ship
3753	SOCT 2	Frigate	Ship
3756	Gnosis	Combat Battlecruiser	Ship
3764	Leviathan	Titan	Ship
3766	Vigil	Frigate	Ship
3768	Amarr Police Frigate	Frigate	Ship
3792	Caldari Academy Office	Spawn Container	Entity
3795	Blood Raider Central Bastion	Deadspace Overseer's Sentry	Entity
3805	Sansha's Nation Central Bastion	Deadspace Overseer's Sentry	Entity
3809	Serpentis Administration Facility	Deadspace Overseer's Sentry	Entity
3811	Minmatar Academy Office	Spawn Container	Entity
3821	Dread Guristas Commanding Officer	Deadspace Overseer Battleship	Entity
3823	True Sansha Archduke	Deadspace Overseer Battleship	Entity
3825	Dark Blood Hunter	Deadspace Overseer Battleship	Entity
3827	Shadow Serpentis Big Boss	Deadspace Overseer Battleship	Entity
3835	Gallente Academy Office	Spawn Container	Entity
3845	Amarr Cargo Rig	Spawn Container	Entity
3846	Caldari Cargo Rig	Spawn Container	Entity
3847	Gallente Cargo Rig	Spawn Container	Entity
3848	Minmatar Cargo Rig	Spawn Container	Entity
3858	Tutorial Fuel Depot	Large Collidable Structure	Entity
3863	CONCORD Police Officer	Concord Drone	Entity
3882	Exsanguinator	Deadspace Overseer Cruiser	Entity
3883	DED Army Officer	Faction Drone	Entity
3884	Guristas Distributor	Deadspace Overseer Cruiser	Entity
3885	CONCORD Police Captain	Concord Drone	Entity
3886	DED Army Captain	Faction Drone	Entity
3889	Slave Ation09	Deadspace Overseer Cruiser	Entity
3890	Sarpati Family Enforcer	Deadspace Overseer Cruiser	Entity
3891	5/10 DED Angel Big Boss	Deadspace Overseer Cruiser	Entity
3921	Pirate Saboteur	Mission Generic Frigates	Entity
3959	Criminal Saboteur	Mission Generic Frigates	Entity
3960	Bandit Saboteur	Mission Generic Frigates	Entity
3961	Rogue Saboteur	Mission Generic Frigates	Entity
4005	Scorpion Ishukone Watch	Battleship	Ship
4010	Domination Grigori	Deadspace Overseer Frigate	Entity
4011	Reinforced Drone Bunker	Large Collidable Structure	Entity
4012	Dread Guristas Irregular	Deadspace Overseer Frigate	Entity
4015	Dark Blood Alpha	Deadspace Overseer Frigate	Entity
4302	Oracle	Attack Battlecruiser	Ship
4306	Naga	Attack Battlecruiser	Ship
4308	Talos	Attack Battlecruiser	Ship
4310	Tornado	Attack Battlecruiser	Ship
4354	Sansha Tenebrus	Deadspace Overseer Frigate	Entity
4355	Dark Blood Keeper	Deadspace Overseer Frigate	Entity
4356	Shadow Serpentis Warden	Deadspace Overseer Frigate	Entity
4357	Amarr Drone Mine	Large Collidable Structure	Entity
4359	QA Jump Bridge	Jump Portal Array	Starbase
4361	QA Fuel Control Tower	Control Tower	Starbase
4363	Miasmos Quafe Ultra Edition	Hauler	Ship
4386	Mobile Large Jump Disruptor I	Mobile Jump Disruptor	Deployable
4388	Miasmos Quafe Ultramarine Edition	Hauler	Ship
9854	Polaris Inspector Frigate	Corvette	Ship
9858	Polaris Centurion TEST	Corvette	Ship
9860	Polaris Legatus Frigate	Corvette	Ship
9862	Polaris Centurion Frigate	Corvette	Ship
9869	Loiterer I	Convoy Drone	Entity
9871	Repair Drone	Repair Drone	Drone
9959	Amarr Surveillance Officer	Police Drone	Entity
9960	Amarr Surveillance Sergeant Major	Police Drone	Entity
9962	Amarr Surveillance Sergeant	Police Drone	Entity
9965	Caldari Police Vice Commissioner	Police Drone	Entity
9970	Caldari Police 3rd Lieutenant	Police Drone	Entity
9971	Caldari Police 1st Lieutenant	Police Drone	Entity
9977	Minmatar Security Officer 2nd Rank	Police Drone	Entity
9978	Minmatar Security Officer 1st Rank	Police Drone	Entity
9983	Gallente Police Master Sergeant	Police Drone	Entity
9984	Gallente Police Captain	Police Drone	Entity
9987	Khanid Surveillance Officer	Police Drone	Entity
9988	Khanid Surveillance Sergeant	Police Drone	Entity
9989	Minmatar Security Officer 3rd Rank	Police Drone	Entity
9991	Gallente Police Sergeant	Police Drone	Entity
9997	Imperial Navy Sergeant Major	Faction Drone	Entity
9998	Imperial Navy Sergeant	Faction Drone	Entity
9999	Imperial Navy Captain	Faction Drone	Entity
10000	Imperial Navy Major	Faction Drone	Entity
10001	Imperial Navy Colonel	Faction Drone	Entity
10003	Imperial Navy General	Faction Drone	Entity
10013	Angel Hijacker	Asteroid Angel Cartel Frigate	Entity
10014	Angel Outlaw	Asteroid Angel Cartel Frigate	Entity
10015	Angel Nomad	Asteroid Angel Cartel Frigate	Entity
10016	Angel Raider	Asteroid Angel Cartel Frigate	Entity
10017	Angel Depredator	Asteroid Angel Cartel Cruiser	Entity
10018	Angel Smasher	Asteroid Angel Cartel Cruiser	Entity
10019	Angel Hunter	Asteroid Angel Cartel Frigate	Entity
10025	Sansha's Servant	Asteroid Sansha's Nation Frigate	Entity
10026	Sansha's Scavenger	Asteroid Sansha's Nation Frigate	Entity
10027	Sansha's Savage	Asteroid Sansha's Nation Frigate	Entity
10028	Sansha's Plague	Asteroid Sansha's Nation Frigate	Entity
10030	Sansha's Ravager	Asteroid Sansha's Nation Cruiser	Entity
10035	CONCORD SWAT Officer	Police Drone	Entity
10036	CONCORD SWAT Captain	Police Drone	Entity
10037	DED Special Operation Officer	Concord Drone	Entity
10038	DED Special Operation Captain	Concord Drone	Entity
10043	Peddler	Convoy	Entity
10044	Column	Convoy	Entity
10045	Vanguard	Convoy	Entity
10046	Caldari Navy Captain 2nd Rank	Faction Drone	Entity
10047	Caldari Navy Captain 1st Rank	Faction Drone	Entity
10048	Caldari Navy Commodore	Faction Drone	Entity
10050	Caldari Navy Vice Admiral	Faction Drone	Entity
10052	Federation Navy Command Sergeant Major	Faction Drone	Entity
10053	Federation Navy Fleet Captain	Faction Drone	Entity
10054	Federation Navy Sergeant Major	Faction Drone	Entity
10056	Federation Navy Fleet Major	Faction Drone	Entity
10057	Federation Navy Fleet Colonel	Faction Drone	Entity
10058	Republic Fleet Private 3rd Rank	Faction Drone	Entity
10060	Republic Fleet Captain	Faction Drone	Entity
10076	Khanid Navy Sergeant	Faction Drone	Entity
10077	Republic Fleet Commander	Faction Drone	Entity
10078	Republic Fleet High Captain	Faction Drone	Entity
10079	Khanid Navy Sergeant Major	Faction Drone	Entity
10080	Khanid Navy Major	Faction Drone	Entity
10082	Khanid Navy Colonel	Faction Drone	Entity
10083	Khanid Navy General	Faction Drone	Entity
10084	Ammatar Navy Sergeant	Faction Drone	Entity
10085	Ammatar Navy Sergeant Major	Faction Drone	Entity
10086	Ammatar Navy Major	Faction Drone	Entity
10089	Ammatar Navy General	Faction Drone	Entity
10090	Sarum Navy Sergeant	Faction Drone	Entity
10091	Sarum Navy Major	Faction Drone	Entity
10092	Sarum Navy Captain	Faction Drone	Entity
10095	Sarum Navy General	Faction Drone	Entity
10097	Ammatar Surveillance Officer	Police Drone	Entity
10099	Ammatar Surveillance Sergeant Major	Police Drone	Entity
10100	Ammatar Surveillance Sergeant	Police Drone	Entity
10102	Sarum Surveillance Officer	Police Drone	Entity
10104	Sarum Surveillance Sergeant Major	Police Drone	Entity
10105	Sarum Surveillance Sergeant	Police Drone	Entity
10106	Intaki Defense Sergeant Major	Faction Drone	Entity
10107	Intaki Defense Command Sergeant Major	Faction Drone	Entity
10108	Intaki Defense Fleet Captain	Faction Drone	Entity
10109	Intaki Defense Fleet Colonel	Faction Drone	Entity
10110	Thukker Follower	Mission Thukker Frigate	Entity
10111	Thukker Brute	Faction Drone	Entity
10112	Thukker Warrior	Faction Drone	Entity
10113	Thukker Tribal Lord	Faction Drone	Entity
10114	Tradesman	Convoy	Entity
10115	Merchant	Convoy	Entity
10116	Trafficker	Convoy	Entity
10117	Caravan	Convoy	Entity
10118	Flotilla	Convoy	Entity
10125	Mordu's Lieutenant 3rd Rank	Faction Drone	Entity
10126	Mordu's Lieutenant 2nd Rank	Faction Drone	Entity
10133	Mordu's Lieutenant	Faction Drone	Entity
10134	Mordu's Captain	Faction Drone	Entity
10167	Abandoned Container	Spawn Container	Entity
10231	Flotsam	Spawn Container	Entity
10246	Mining Drone I	Mining Drone	Drone
10248	Mining Drone - Improved	Mining Drone	Drone
10250	Mining Drone II	Mining Drone	Drone
10252	Mining Drone - Elite	Mining Drone	Drone
10261	Drifting Cask	Spawn Container	Entity
10262	Forsaken Stockpile	Spawn Container	Entity
10263	Cache Container	Spawn Container	Entity
10265	Guristas Ascriber	Asteroid Guristas Cruiser	Entity
10266	Guristas Wrecker	Asteroid Guristas Frigate	Entity
10273	Sansha's Minion	Asteroid Sansha's Nation Frigate	Entity
10274	Sansha's Ravisher	Asteroid Sansha's Nation Cruiser	Entity
10275	Blood Follower	Asteroid Blood Raiders Frigate	Entity
10276	Blood Herald	Asteroid Blood Raiders Frigate	Entity
10277	Blood Upholder	Asteroid Blood Raiders Frigate	Entity
10278	Blood Seeker	Asteroid Blood Raiders Frigate	Entity
10279	Blood Collector	Asteroid Blood Raiders Frigate	Entity
10280	Blood Reaver	Asteroid Blood Raiders Frigate	Entity
10281	Blood Arch Reaver	Asteroid Blood Raiders Cruiser	Entity
10282	Blood Arch Engraver	Asteroid Blood Raiders Cruiser	Entity
10283	Serpentis Scout	Asteroid Serpentis Frigate	Entity
10284	Serpentis Watchman	Asteroid Serpentis Frigate	Entity
10285	Serpentis Patroller	Asteroid Serpentis Frigate	Entity
10286	Serpentis Defender	Asteroid Serpentis Frigate	Entity
10287	Serpentis Chief Patroller	Asteroid Serpentis Cruiser	Entity
10299	Alvus Controller	Deadspace Rogue Drone Battleship	Entity
10649	Training Drone	Rogue Drone	Entity
10650	Ammatar Navy Captain	Faction Drone	Entity
10651	Caldari Navy Captain 3rd Rank	Faction Drone	Entity
10652	Federation Navy First Sergeant	Faction Drone	Entity
10653	Intaki Defense First Sergeant	Faction Drone	Entity
10654	Mordu's Lieutenant 1st Rank	Faction Drone	Entity
10655	Mordu's Legion	Faction Drone	Entity
10656	Sarum Navy Sergeant Major	Faction Drone	Entity
10657	Thukker Tribalist	Faction Drone	Entity
10658	Thukker Tribal Priest	Faction Drone	Entity
10660	Caldari Police 2nd Lieutenant	Police Drone	Entity
10663	Republic Fleet Private 1st Rank	Faction Drone	Entity
10664	Republic Fleet Private 2nd Rank	Faction Drone	Entity
10669	Ammatar Navy Colonel	Faction Drone	Entity
10670	Khanid Navy Captain	Faction Drone	Entity
10674	Khanid Surveillance Sergeant Major	Police Drone	Entity
10676	Sarum Navy Colonel	Faction Drone	Entity
10677	Intaki Defense Fleet Major	Faction Drone	Entity
10823	Retailer	Convoy	Entity
10824	Chafferer	Convoy	Entity
10825	Trailer	Convoy	Entity
10826	Hauler	Convoy	Entity
10827	Trader	Convoy	Entity
10828	Courier	Convoy	Entity
10829	Purveyor	Convoy	Entity
10830	Carrier	Convoy	Entity
10831	Hawker	Convoy	Entity
10832	Huckster	Convoy	Entity
10833	Patronager	Convoy	Entity
10834	Chandler	Convoy	Entity
10986	Moth Apis	Deadspace Rogue Drone Swarm	Entity
10987	Dragonfly Apis	Deadspace Rogue Drone Swarm	Entity
10988	Termite Apis	Deadspace Rogue Drone Swarm	Entity
10989	Scorpionfly Apis	Deadspace Rogue Drone Swarm	Entity
10990	Arachula Apis	Deadspace Rogue Drone Swarm	Entity
10991	Tarantula Apis	Deadspace Rogue Drone Swarm	Entity
10992	Beelzebub Apis	Deadspace Rogue Drone Swarm	Entity
10993	Mammon Apis	Deadspace Rogue Drone Swarm	Entity
10994	Asmodeus Apis	Deadspace Rogue Drone Swarm	Entity
10995	Belphegor Apis	Deadspace Rogue Drone Swarm	Entity
10999	Convoy Escort	Convoy Drone	Entity
11000	Convoy Protector	Convoy Drone	Entity
11001	Convoy Guard	Convoy Drone	Entity
11002	Convoy Sentry	Convoy Drone	Entity
11011	Guardian-Vexor	Cruiser	Ship
11019	Cockroach	Frigate	Ship
11021	Angel Thug	Asteroid Angel Cartel Frigate	Entity
11022	Angel Ruffian	Asteroid Angel Cartel Frigate	Entity
11023	Angel Ambusher	Asteroid Angel Cartel Frigate	Entity
11024	Angel Impaler	Asteroid Angel Cartel Frigate	Entity
11025	Angel Predator	Asteroid Angel Cartel Cruiser	Entity
11026	Angel Crusher	Asteroid Angel Cartel Cruiser	Entity
11027	Guristas Infiltrator	Asteroid Guristas Frigate	Entity
11028	Guristas Saboteur	Asteroid Guristas Frigate	Entity
11029	Guristas Destructor	Asteroid Guristas Frigate	Entity
11030	Guristas Demolisher	Asteroid Guristas Frigate	Entity
11031	Guristas Murderer	Asteroid Guristas Cruiser	Entity
11032	Sansha's Ravener	Asteroid Sansha's Nation Frigate	Entity
11033	Sansha's Enslaver	Asteroid Sansha's Nation Frigate	Entity
11034	Sansha's Slavehunter	Asteroid Sansha's Nation Frigate	Entity
11035	Sansha's Butcher	Asteroid Sansha's Nation Frigate	Entity
11036	Guristas Killer	Asteroid Guristas Cruiser	Entity
11037	Sansha's Beast	Asteroid Sansha's Nation Cruiser	Entity
11038	Sansha's Juggernaut	Asteroid Sansha's Nation Cruiser	Entity
11039	Blood Worshipper	Asteroid Blood Raiders Frigate	Entity
11040	Blood Raider	Asteroid Blood Raiders Frigate	Entity
11041	Blood Diviner	Asteroid Blood Raiders Frigate	Entity
11042	Blood Engraver	Asteroid Blood Raiders Frigate	Entity
11043	Blood Arch Templar	Asteroid Blood Raiders Cruiser	Entity
11044	Blood Revenant	Asteroid Blood Raiders Cruiser	Entity
11045	Serpentis Agent	Asteroid Serpentis Frigate	Entity
11046	Serpentis Patroller	Asteroid Serpentis Frigate	Entity
11047	Serpentis Safeguard	Asteroid Serpentis Frigate	Entity
11048	Serpentis Protector	Asteroid Serpentis Frigate	Entity
11049	Serpentis Chief Scout	Asteroid Serpentis Cruiser	Entity
11050	Serpentis Chief Watchman	Asteroid Serpentis Cruiser	Entity
11072	Data Storage	Spawn Container	Entity
11076	Serpentis Stronghold	Large Collidable Structure	Entity
11077	Angel Battlestation	Large Collidable Structure	Entity
11079	Guristas War Installation	Large Collidable Structure	Entity
11080	Sansha's Battletower	Large Collidable Structure	Entity
11081	Blood Raider Battlestation	Large Collidable Structure	Entity
11125	CONCORD Police Commander	Concord Drone	Entity
11126	CONCORD SWAT Commander	Police Drone	Entity
11127	DED Army Commander	Faction Drone	Entity
11128	DED Special Operation Commander	Concord Drone	Entity
11129	Gallente Shuttle	Shuttle	Ship
11132	Minmatar Shuttle	Shuttle	Ship
11134	Amarr Shuttle	Shuttle	Ship
11136	CONCORD Billboard	Billboard	Entity
11137	Imperial Navy Fleet Marshall	Faction Drone	Entity
11138	Caldari Navy Fleet Admiral	Faction Drone	Entity
11139	Federation Navy Fleet General	Faction Drone	Entity
11140	Republic Fleet High Commander	Faction Drone	Entity
11167	Fragmented Cathedral I	Large Collidable Structure	Entity
11168	Fragmented Cathedral II	Large Collidable Structure	Entity
11169	Fragmented Cathedral III	Large Collidable Structure	Entity
11170	Fragmented Cathedral IV	Large Collidable Structure	Entity
11171	Fragmented Cathedral V	Large Collidable Structure	Entity
11172	Helios	Covert Ops	Ship
11174	Keres	Electronic Attack Ship	Ship
11176	Crow	Interceptor	Ship
11178	Raptor	Interceptor	Ship
11182	Cheetah	Covert Ops	Ship
11184	Crusader	Interceptor	Ship
11186	Malediction	Interceptor	Ship
11188	Anathema	Covert Ops	Ship
11190	Sentinel	Electronic Attack Ship	Ship
11192	Buzzard	Covert Ops	Ship
11194	Kitsune	Electronic Attack Ship	Ship
11196	Claw	Interceptor	Ship
11198	Stiletto	Interceptor	Ship
11200	Taranis	Interceptor	Ship
11202	Ares	Interceptor	Ship
11365	Vengeance	Assault Frigate	Ship
11371	Wolf	Assault Frigate	Ship
11373	Blade	Assault Frigate	Ship
11375	Erinye	Assault Frigate	Ship
11377	Nemesis	Stealth Bomber	Ship
11379	Hawk	Assault Frigate	Ship
11381	Harpy	Assault Frigate	Ship
11383	Gatherer	Assault Frigate	Ship
11387	Hyena	Electronic Attack Ship	Ship
11389	Kishar	Assault Frigate	Ship
11393	Retribution	Assault Frigate	Ship
11400	Jaguar	Assault Frigate	Ship
11515	Amarr Surveillance General Major	Police Drone	Entity
11516	Sarum Surveillance General Major	Police Drone	Entity
11517	Ammatar Surveillance General Major	Police Drone	Entity
11518	Khanid Surveillance General Major	Police Drone	Entity
11519	Gallente Police Major	Police Drone	Entity
11520	Minmatar Security High Captain	Police Drone	Entity
11521	Caldari Police Commissioner	Police Drone	Entity
11546	Mining Pollution Cloud	Temporary Cloud	Entity
11567	Avatar	Titan	Ship
11589	Temple Stone Storage	Spawn Container	Entity
11590	Drone Sensor Storage	Spawn Container	Entity
11593	The Thief	Mission Generic Frigates	Entity
11594	The Ex-Employee	Mission Generic Frigates	Entity
11595	Rogue Agent	Mission Generic Frigates	Entity
11596	Sangrel Minn	Mission Generic Frigates	Entity
11597	Kruul	Mission Generic Cruisers	Entity
11598	Kruul's Henchman	Mission Generic Frigates	Entity
11600	Pirate Drone	Mission Generic Frigates	Entity
11601	Guristas Emissary	Deadspace Guristas Cruiser	Entity
11636	Minmatar Mercenary Warship	Mission Minmatar Republic Cruiser	Entity
11639	Minmatar Mercenary Fighter	Mission Minmatar Republic Frigate	Entity
11650	Zerim Kurzon	Mission Generic Cruisers	Entity
11651	Shark Kurzon	Mission Generic Frigates	Entity
11652	Kurzon Mercenary	Mission Generic Frigates	Entity
11655	Shiez Kuzak	Mission Generic Cruisers	Entity
11656	Kuzak Mercenary Fighter	Mission Generic Frigates	Entity
11657	Imperial Navy Detective	Mission Amarr Empire Frigate	Entity
11658	Ammatar Navy Detective	Mission Amarr Empire Frigate	Entity
11659	Caldari Navy Detective	Mission Caldari State Frigate	Entity
11660	Republic Fleet Detective	Mission Minmatar Republic Cruiser	Entity
11661	Federation Navy Detective	Mission Gallente Federation Cruiser	Entity
11662	Imperial Navy Scout	Mission Amarr Empire Frigate	Entity
11663	Ammatar Navy Scout	Mission Amarr Empire Frigate	Entity
11664	Caldari Navy Scout	Mission Caldari State Frigate	Entity
11665	Minmatar Freedom Fighter	Mission Minmatar Republic Frigate	Entity
11666	Federation Navy Scout	Mission Gallente Federation Frigate	Entity
11668	Bounty Hunter Ikaruz	Mission Generic Cruisers	Entity
11669	Bounty Hunter Obunga	Mission Generic Cruisers	Entity
11670	Bounty Hunter Jason	Mission Generic Cruisers	Entity
11671	Bounty Hunter Okochyn	Mission Generic Cruisers	Entity
11672	Bounty Hunter Rookie	Mission Generic Frigates	Entity
11673	Mercenary Fighter	Mission Generic Frigates	Entity
11675	Karothas	Mission Generic Cruisers	Entity
11676	Ibrahim	Mission Generic Cruisers	Entity
11677	Akori	Mission Generic Cruisers	Entity
11679	Mercenary Rookie	Mission Generic Frigates	Entity
11680	Forcefield Array	Spawn Container	Entity
11681	Shazzyr	Mission Generic Frigates	Entity
11683	Shogon	Mission Generic Frigates	Entity
11684	Roland	Mission Generic Frigates	Entity
11685	Durim	Mission Generic Frigates	Entity
11699	Thanok Kuggar	Mission Generic Cruisers	Entity
11704	Shakyr Maruk	Mission Generic Cruisers	Entity
11705	Shakyr Personal Guard	Mission Generic Frigates	Entity
11708	Alena Karyn	Mission Generic Cruisers	Entity
11710	Minmatar Transport Ship	Mission Minmatar Republic Cruiser	Entity
11711	Amarr Transport Ship	Mission Amarr Empire Cruiser	Entity
11712	Caldari Transport Ship	Mission Caldari State Cruiser	Entity
11713	Ammatar Transport Ship	Mission Amarr Empire Cruiser	Entity
11714	Gallente Transport Ship	Mission Faction Haulers	Entity
11716	Blood Raider Transport Ship	Deadspace Blood Raiders Cruiser	Entity
11717	Sanshas Transport Ship	Deadspace Sansha's Nation Cruiser	Entity
11718	Guristas Transport Ship	Deadspace Guristas Cruiser	Entity
11719	Angel Cartel Transport Ship	Deadspace Angel Cartel Cruiser	Entity
11720	Serpentis Transport Ship	Deadspace Serpentis Cruiser	Entity
11721	Rogue Pirate Transport Ship	Mission Generic Cruisers	Entity
11722	Rogue Pirate Escort	Mission Generic Cruisers	Entity
11745	Republic Fleet Scout	Mission Minmatar Republic Frigate	Entity
11894	Angel Breaker	Asteroid Angel Cartel Cruiser	Entity
11895	Angel Defeater	Asteroid Angel Cartel Cruiser	Entity
11896	Angel Marauder	Asteroid Angel Cartel Cruiser	Entity
11897	Angel Liquidator	Asteroid Angel Cartel Cruiser	Entity
11898	Angel Commander	Asteroid Angel Cartel Battleship	Entity
11899	Angel General	Asteroid Angel Cartel Battleship	Entity
11900	Angel Warlord	Asteroid Angel Cartel Battleship	Entity
11901	Blood Sage	Asteroid Blood Raiders Cruiser	Entity
11902	Blood Priest	Asteroid Blood Raiders Cruiser	Entity
11903	Blood Arch Sage	Asteroid Blood Raiders Cruiser	Entity
11904	Blood Arch Priest	Asteroid Blood Raiders Cruiser	Entity
11905	Blood Archon	Asteroid Blood Raiders Battleship	Entity
11906	Blood Prophet	Asteroid Blood Raiders Battleship	Entity
11907	Blood Oracle	Asteroid Blood Raiders Battleship	Entity
11908	Blood Apostle	Asteroid Blood Raiders Battleship	Entity
11909	Sansha's Slaughterer	Asteroid Sansha's Nation Cruiser	Entity
11910	Sansha's Execrator	Asteroid Sansha's Nation Cruiser	Entity
11911	Sansha's Mutilator	Asteroid Sansha's Nation Cruiser	Entity
11912	Sansha's Torturer	Asteroid Sansha's Nation Cruiser	Entity
11913	Sansha's Lord	Asteroid Sansha's Nation Battleship	Entity
11914	Sansha's Slave Lord	Asteroid Sansha's Nation Battleship	Entity
11915	Sansha's Mutant Lord	Asteroid Sansha's Nation Battleship	Entity
11916	Sansha's Savage Lord	Asteroid Sansha's Nation Battleship	Entity
11917	Serpentis Chief Guard	Asteroid Serpentis Cruiser	Entity
11918	Serpentis Chief Safeguard	Asteroid Serpentis Cruiser	Entity
11919	Serpentis Chief Defender	Asteroid Serpentis Cruiser	Entity
11920	Serpentis Chief Protector	Asteroid Serpentis Cruiser	Entity
11921	Serpentis Baron	Asteroid Serpentis Battleship	Entity
11922	Serpentis Commodore	Asteroid Serpentis Battleship	Entity
11923	Serpentis Port Admiral	Asteroid Serpentis Battleship	Entity
11924	Serpentis Rear Admiral	Asteroid Serpentis Battleship	Entity
11927	Angel War General	Asteroid Angel Cartel Battleship	Entity
11928	Guristas Annihilator	Asteroid Guristas Cruiser	Entity
11929	Guristas Nullifier	Asteroid Guristas Cruiser	Entity
11930	Guristas Mortifier	Asteroid Guristas Cruiser	Entity
11931	Guristas Inferno	Asteroid Guristas Cruiser	Entity
11932	Guristas Eradicator	Asteroid Guristas Battleship	Entity
11933	Guristas Obliterator	Asteroid Guristas Battleship	Entity
11934	Guristas Dismantler	Asteroid Guristas Battleship	Entity
11935	Guristas Extinguisher	Asteroid Guristas Battleship	Entity
11936	Apocalypse Imperial Issue	Battleship	Ship
11938	Armageddon Imperial Issue	Battleship	Ship
11940	Gold Magnate	Frigate	Ship
11942	Silver Magnate	Frigate	Ship
11947	Khanid Fighter	Mission Khanid Frigate	Entity
11948	Khanid Officer	Mission Khanid Cruiser	Entity
11957	Falcon	Force Recon Ship	Ship
11959	Rook	Combat Recon Ship	Ship
11961	Huginn	Combat Recon Ship	Ship
11963	Rapier	Force Recon Ship	Ship
11965	Pilgrim	Force Recon Ship	Ship
11969	Arazu	Force Recon Ship	Ship
11971	Lachesis	Combat Recon Ship	Ship
11978	Scimitar	Logistics	Ship
11985	Basilisk	Logistics	Ship
11987	Guardian	Logistics	Ship
11989	Oneiros	Logistics	Ship
11993	Cerberus	Heavy Assault Cruiser	Ship
11995	Onyx	Heavy Interdiction Cruiser	Ship
11999	Vagabond	Heavy Assault Cruiser	Ship
12003	Zealot	Heavy Assault Cruiser	Ship
12005	Ishtar	Heavy Assault Cruiser	Ship
12011	Eagle	Heavy Assault Cruiser	Ship
12013	Broadsword	Heavy Interdiction Cruiser	Ship
12015	Muninn	Heavy Assault Cruiser	Ship
12017	Devoter	Heavy Interdiction Cruiser	Ship
12019	Sacrilege	Heavy Assault Cruiser	Ship
12021	Phobos	Heavy Interdiction Cruiser	Ship
12023	Deimos	Heavy Assault Cruiser	Ship
12028	Storage Bin	Spawn Container	Entity
12029	Khanid Elite Fighter	Mission Khanid Frigate	Entity
12032	Manticore	Stealth Bomber	Ship
12034	Hound	Stealth Bomber	Ship
12036	Dagger	Assault Frigate	Ship
12038	Purifier	Stealth Bomber	Ship
12042	Ishkur	Assault Frigate	Ship
12044	Enyo	Assault Frigate	Ship
12046	Ammatar Slave Trader	Mission Amarr Empire Cruiser	Entity
12047	Khanid Slave Trader	Mission Khanid Cruiser	Entity
12048	Amarr Slave Trader	Mission Amarr Empire Cruiser	Entity
12197	Grecko	Mission Generic Cruisers	Entity
12198	Mobile Small Warp Disruptor I	Mobile Warp Disruptor	Deployable
12199	Mobile Medium Warp Disruptor I	Mobile Warp Disruptor	Deployable
12200	Mobile Large Warp Disruptor I	Mobile Warp Disruptor	Deployable
12235	Amarr Control Tower	Control Tower	Starbase
12236	Gallente Control Tower	Control Tower	Starbase
12237	Ship Maintenance Array	Ship Maintenance Array	Starbase
12238	Reprocessing Array	Reprocessing Array	Starbase
12239	Compression Array	Compression Array	Starbase
12240	Medium Storage Array	Mobile Storage	Starbase
12244	University Escort Ship	Mission Generic Cruisers	Entity
12245	Angel Fugitive	Pirate Drone	Entity
12246	Blood Fugitive	Pirate Drone	Entity
12248	Sansha's Fugitive	Pirate Drone	Entity
12249	Serpentis Fugitive	Pirate Drone	Entity
12251	Sarrah	Mission Generic Cruisers	Entity
12252	Schmidt	Mission Generic Cruisers	Entity
12253	Olufami	Mission Generic Cruisers	Entity
12254	Test_NONE	Mission Generic Cruisers	Entity
12255	Elena Gazky	Mission Generic Cruisers	Entity
12256	Zor	Mission Generic Battleships	Entity
12388	Imperial Navy Apocalypse	Mission Amarr Empire Battleship	Entity
12389	Republic Fleet Tempest	Mission Minmatar Republic Battleship	Entity
12390	Federation Navy Megathron	Mission Gallente Federation Battleship	Entity
12391	Caldari Navy Raven	Mission Caldari State Battleship	Entity
12392	Khanid Mashtori	Mission Khanid Battleship	Entity
12394	Caldari Navy Blackbird	Mission Caldari State Cruiser	Entity
12438	Republic Fleet Stabber	Mission Minmatar Republic Cruiser	Entity
12439	Imperial Navy Omen	Mission Amarr Empire Cruiser	Entity
12440	Federation Navy Vexor	Mission Gallente Federation Cruiser	Entity
12464	Mercenary Overlord	Mission Generic Battleships	Entity
12554	Munition Storage	Spawn Container	Entity
12555	Charge Ammunition Storage	Spawn Container	Entity
12556	Frequency Crystal Storage	Spawn Container	Entity
12602	Missile Storage	Spawn Container	Entity
12729	Crane	Blockade Runner	Ship
12731	Bustard	Deep Space Transport	Ship
12733	Prorator	Blockade Runner	Ship
12735	Prowler	Blockade Runner	Ship
12743	Viator	Blockade Runner	Ship
12745	Occator	Deep Space Transport	Ship
12747	Mastodon	Deep Space Transport	Ship
12753	Impel	Deep Space Transport	Ship
12835	Mercenary Commander	Mission Generic Cruisers	Entity
12892	Maryk Ogun	Mission Generic Cruisers	Entity
12989	Rent-A-Dream Pleasure Gardens	Large Collidable Structure	Entity
12996	UDI Mercenary	Mission Generic Cruisers	Entity
12999	Ammatar Navy Augoror	Mission Amarr Empire Cruiser	Entity
13032	Arch Angel Rogue	Asteroid Angel Cartel Frigate	Entity
13033	Arch Angel Thug	Asteroid Angel Cartel Frigate	Entity
13034	Power Generator	Large Collidable Structure	Entity
13035	Arch Angel Hijacker	Asteroid Angel Cartel Frigate	Entity
13036	Arch Angel Outlaw	Asteroid Angel Cartel Frigate	Entity
13037	Elder Blood Upholder	Asteroid Blood Raiders Frigate	Entity
13038	Elder Blood Worshipper	Asteroid Blood Raiders Frigate	Entity
13039	Elder Blood Follower	Asteroid Blood Raiders Frigate	Entity
13040	Elder Blood Herald	Asteroid Blood Raiders Frigate	Entity
13041	Dire Guristas Invader	Asteroid Guristas Frigate	Entity
13042	Dire Guristas Infiltrator	Asteroid Guristas Frigate	Entity
13043	Dire Guristas Imputor	Asteroid Guristas Frigate	Entity
13044	Dire Guristas Arrogator	Asteroid Guristas Frigate	Entity
13045	Sansha's Loyal Ravener	Asteroid Sansha's Nation Frigate	Entity
13046	Sansha's Loyal Scavenger	Asteroid Sansha's Nation Frigate	Entity
13047	Sansha's Loyal Minion	Asteroid Sansha's Nation Frigate	Entity
13048	Sansha's Loyal Servant	Asteroid Sansha's Nation Frigate	Entity
13049	Guardian Agent	Asteroid Serpentis Frigate	Entity
13050	Guardian Spy	Asteroid Serpentis Frigate	Entity
13051	Guardian Scout	Asteroid Serpentis Frigate	Entity
13052	Guardian Initiate	Asteroid Serpentis Frigate	Entity
13068	Guristas Sentry Gun	Destructible Sentry Gun	Entity
13104	Caldari Navy Officer	Mission Caldari State Frigate	Entity
13105	Republic Fleet Officer	Mission Minmatar Republic Frigate	Entity
13106	Scanner Post	Large Collidable Structure	Entity
13107	Imperial Navy Officer	Mission Amarr Empire Cruiser	Entity
13112	Federation Navy Officer	Mission Gallente Federation Frigate	Entity
13113	Sansha Sentry Gun	Destructible Sentry Gun	Entity
13114	Angel Sentry Gun	Destructible Sentry Gun	Entity
13115	Serpentis Sentry Gun	Destructible Sentry Gun	Entity
13116	Blood Raider Sentry Gun	Destructible Sentry Gun	Entity
13163	Mercenary Elite Fighter	Mission Generic Frigates	Entity
13200	Large EM Forcefield	Large Collidable Structure	Entity
13201	Testgaur	Mission Generic Cruisers	Entity
13202	Megathron Federate Issue	Battleship	Ship
13268	Cathedral Carrier	Mission Generic Cruisers	Entity
13323	Rogue Drone	Rogue Drone	Entity
13513	Rogue Pirate	Mission Generic Cruisers	Entity
13514	Rogue Pirate Leader	Mission Generic Battleships	Entity
13515	Domination Hijacker	Asteroid Angel Cartel Commander Frigate	Entity
13516	Domination Rogue	Asteroid Angel Cartel Commander Frigate	Entity
13517	Domination Outlaw	Asteroid Angel Cartel Commander Frigate	Entity
13518	Domination Thug	Asteroid Angel Cartel Commander Frigate	Entity
13519	Domination Ambusher	Asteroid Angel Cartel Commander Frigate	Entity
13520	Domination Depredator	Asteroid Angel Cartel Commander Cruiser	Entity
13521	Domination Hunter	Asteroid Angel Cartel Commander Frigate	Entity
13522	Domination Impaler	Asteroid Angel Cartel Commander Frigate	Entity
13523	Domination Crusher	Asteroid Angel Cartel Commander Cruiser	Entity
13524	Domination Smasher	Asteroid Angel Cartel Commander Cruiser	Entity
13525	Domination Nomad	Asteroid Angel Cartel Commander Frigate	Entity
13526	Domination Predator	Asteroid Angel Cartel Commander Cruiser	Entity
13527	Domination Raider	Asteroid Angel Cartel Commander Frigate	Entity
13528	Domination Ruffian	Asteroid Angel Cartel Commander Frigate	Entity
13529	Domination Breaker	Asteroid Angel Cartel Commander Cruiser	Entity
13530	Domination Defeater	Asteroid Angel Cartel Commander Cruiser	Entity
13531	Domination Marauder	Asteroid Angel Cartel Commander Cruiser	Entity
13532	Domination Phalanx	Asteroid Angel Cartel Commander Cruiser	Entity
13533	Domination Liquidator	Asteroid Angel Cartel Commander Cruiser	Entity
13534	Domination Centurion	Asteroid Angel Cartel Commander Cruiser	Entity
13535	Domination Commander	Asteroid Angel Cartel Commander Battleship	Entity
13536	Mizuro Cybon	Asteroid Angel Cartel Officer	Entity
13537	Domination General	Asteroid Angel Cartel Commander Battleship	Entity
13538	Hakim Stormare	Asteroid Angel Cartel Officer	Entity
13539	Domination War General	Asteroid Angel Cartel Commander Battleship	Entity
13540	Domination Saint	Asteroid Angel Cartel Commander Battleship	Entity
13541	Gotan Kreiss	Asteroid Angel Cartel Officer	Entity
13542	Domination Nephilim	Asteroid Angel Cartel Commander Battleship	Entity
13543	Domination Warlord	Asteroid Angel Cartel Commander Battleship	Entity
13544	Tobias Kruzhor	Asteroid Angel Cartel Officer	Entity
13545	Dark Blood Reaver	Asteroid Blood Raiders Commander Frigate	Entity
13546	Dark Blood Follower	Asteroid Blood Raiders Commander Frigate	Entity
13547	Dark Blood Arch Engraver	Asteroid Blood Raiders Commander Cruiser	Entity
13548	Dark Blood Arch Priest	Asteroid Blood Raiders Commander Cruiser	Entity
13549	Dark Blood Dark Priest	Asteroid Blood Raiders Commander Cruiser	Entity
13550	Dark Blood Arch Reaver	Asteroid Blood Raiders Commander Cruiser	Entity
13551	Dark Blood Arch Sage	Asteroid Blood Raiders Commander Cruiser	Entity
13552	Dark Blood Shadow Sage	Asteroid Blood Raiders Commander Cruiser	Entity
13553	Dark Blood Arch Templar	Asteroid Blood Raiders Commander Cruiser	Entity
13554	Dark Blood Diviner	Asteroid Blood Raiders Commander Frigate	Entity
13555	Dark Blood Upholder	Asteroid Blood Raiders Commander Frigate	Entity
13556	Dark Blood Prophet	Asteroid Blood Raiders Commander Battleship	Entity
13557	Raysere Giant	Asteroid Blood Raiders Officer	Entity
13558	Dark Blood Collector	Asteroid Blood Raiders Commander Frigate	Entity
13559	Dark Blood Oracle	Asteroid Blood Raiders Commander Battleship	Entity
13560	Dark Blood Archbishop	Asteroid Blood Raiders Commander Battleship	Entity
13561	Ahremen Arkah	Asteroid Blood Raiders Officer	Entity
13562	Dark Blood Apostle	Asteroid Blood Raiders Commander Battleship	Entity
13563	Dark Blood Harbinger	Asteroid Blood Raiders Commander Battleship	Entity
13564	Draclira Merlonne	Asteroid Blood Raiders Officer	Entity
13565	Dark Blood Priest	Asteroid Blood Raiders Commander Cruiser	Entity
13566	Dark Blood Raider	Asteroid Blood Raiders Commander Frigate	Entity
13567	Dark Blood Herald	Asteroid Blood Raiders Commander Frigate	Entity
13568	Dark Blood Seeker	Asteroid Blood Raiders Commander Frigate	Entity
13569	Dark Blood Revenant	Asteroid Blood Raiders Commander Cruiser	Entity
13570	Dark Blood Sage	Asteroid Blood Raiders Commander Cruiser	Entity
13571	Dark Blood Worshipper	Asteroid Blood Raiders Commander Frigate	Entity
13572	Dark Blood Archon	Asteroid Blood Raiders Commander Battleship	Entity
13573	Tairei Namazoth	Asteroid Blood Raiders Officer	Entity
13574	Dark Blood Engraver	Asteroid Blood Raiders Commander Frigate	Entity
13575	Dread Guristas Killer	Asteroid Guristas Commander Cruiser	Entity
13576	Dread Guristas Arrogator	Asteroid Guristas Commander Frigate	Entity
13577	Dread Guristas Ascriber	Asteroid Guristas Commander Cruiser	Entity
13578	Dread Guristas Dismantler	Asteroid Guristas Commander Battleship	Entity
13579	Dread Guristas Eliminator	Asteroid Guristas Commander Battleship	Entity
13580	Vepas Minimala	Asteroid Guristas Officer	Entity
13581	Dread Guristas Demolisher	Asteroid Guristas Commander Frigate	Entity
13582	Dread Guristas Despoiler	Asteroid Guristas Commander Frigate	Entity
13583	Dread Guristas Obliterator	Asteroid Guristas Commander Battleship	Entity
13584	Thon Eney	Asteroid Guristas Officer	Entity
13585	Dread Guristas Destructor	Asteroid Guristas Commander Frigate	Entity
13586	Dread Guristas Inferno	Asteroid Guristas Commander Cruiser	Entity
13587	Dread Guristas Abolisher	Asteroid Guristas Commander Cruiser	Entity
13588	Dread Guristas Eradicator	Asteroid Guristas Commander Battleship	Entity
13589	Kaikka Peunato	Asteroid Guristas Officer	Entity
13590	Dread Guristas Imputor	Asteroid Guristas Commander Frigate	Entity
13591	Dread Guristas Mortifier	Asteroid Guristas Commander Cruiser	Entity
13592	Dread Guristas Eraser	Asteroid Guristas Commander Cruiser	Entity
13593	Dread Guristas Infiltrator	Asteroid Guristas Commander Frigate	Entity
13594	Dread Guristas Invader	Asteroid Guristas Commander Frigate	Entity
13595	Dread Guristas Nullifier	Asteroid Guristas Commander Cruiser	Entity
13596	Dread Guristas Murderer	Asteroid Guristas Commander Cruiser	Entity
13597	Dread Guristas Plunderer	Asteroid Guristas Commander Frigate	Entity
13598	Dread Guristas Saboteur	Asteroid Guristas Commander Frigate	Entity
13599	Dread Guristas Annihilator	Asteroid Guristas Commander Cruiser	Entity
13600	Dread Guristas Silencer	Asteroid Guristas Commander Cruiser	Entity
13601	Dread Guristas Extinguisher	Asteroid Guristas Commander Battleship	Entity
13602	Dread Guristas Exterminator	Asteroid Guristas Commander Battleship	Entity
13603	Estamel Tharchon	Asteroid Guristas Officer	Entity
13604	Dread Guristas Wrecker	Asteroid Guristas Commander Frigate	Entity
13605	True Sansha's Beast	Asteroid Sansha's Nation Commander Cruiser	Entity
13606	True Sansha's Lord	Asteroid Sansha's Nation Commander Battleship	Entity
13609	Brokara Ryver	Asteroid Sansha's Nation Officer	Entity
13610	True Sansha's Butcher	Asteroid Sansha's Nation Commander Frigate	Entity
13611	True Sansha's Slaughterer	Asteroid Sansha's Nation Commander Cruiser	Entity
13612	True Sansha's Enslaver	Asteroid Sansha's Nation Commander Frigate	Entity
13613	True Sansha's Juggernaut	Asteroid Sansha's Nation Commander Cruiser	Entity
13614	True Sansha's Slave Lord	Asteroid Sansha's Nation Commander Battleship	Entity
13615	Selynne Mardakar	Asteroid Sansha's Nation Officer	Entity
13616	True Sansha's Manslayer	Asteroid Sansha's Nation Commander Frigate	Entity
13617	True Sansha's Minion	Asteroid Sansha's Nation Commander Frigate	Entity
13618	True Sansha's Torturer	Asteroid Sansha's Nation Commander Cruiser	Entity
13619	True Sansha's Hellhound	Asteroid Sansha's Nation Commander Cruiser	Entity
13620	True Sansha's Mutant Lord	Asteroid Sansha's Nation Commander Battleship	Entity
13621	True Sansha's Plague Lord	Asteroid Sansha's Nation Commander Battleship	Entity
13622	Vizan Ankonin	Asteroid Sansha's Nation Officer	Entity
13623	True Sansha's Plague	Asteroid Sansha's Nation Commander Frigate	Entity
13624	True Sansha's Ravager	Asteroid Sansha's Nation Commander Cruiser	Entity
13625	True Sansha's Ravener	Asteroid Sansha's Nation Commander Frigate	Entity
13626	True Sansha's Ravisher	Asteroid Sansha's Nation Commander Cruiser	Entity
13627	True Sansha's Savage	Asteroid Sansha's Nation Commander Frigate	Entity
13628	True Sansha's Scavenger	Asteroid Sansha's Nation Commander Frigate	Entity
13629	True Sansha's Servant	Asteroid Sansha's Nation Commander Frigate	Entity
13630	True Sansha's Mutilator	Asteroid Sansha's Nation Commander Cruiser	Entity
13631	True Sansha's Fiend	Asteroid Sansha's Nation Commander Cruiser	Entity
13632	True Sansha's Slavehunter	Asteroid Sansha's Nation Commander Frigate	Entity
13633	True Sansha's Beast Lord	Asteroid Sansha's Nation Commander Battleship	Entity
13634	True Sansha's Savage Lord	Asteroid Sansha's Nation Commander Battleship	Entity
13635	Chelm Soran	Asteroid Sansha's Nation Officer	Entity
13636	True Sansha's Execrator	Asteroid Sansha's Nation Commander Cruiser	Entity
13637	Shadow Serpentis Chief Watchman	Asteroid Serpentis Commander Cruiser	Entity
13638	Shadow Serpentis Chief Patroller	Asteroid Serpentis Commander Cruiser	Entity
13639	Shadow Serpentis Chief Scout	Asteroid Serpentis Commander Cruiser	Entity
13640	Shadow Serpentis Safeguard	Asteroid Serpentis Commander Frigate	Entity
13641	Shadow Serpentis Chief Spy	Asteroid Serpentis Commander Cruiser	Entity
13642	Shadow Serpentis Guard	Asteroid Serpentis Commander Frigate	Entity
13643	Shadow Serpentis Spy	Asteroid Serpentis Commander Frigate	Entity
13644	Shadow Serpentis Watchman	Asteroid Serpentis Commander Frigate	Entity
13645	Shadow Serpentis Scout	Asteroid Serpentis Commander Frigate	Entity
13646	Shadow Serpentis Agent	Asteroid Serpentis Commander Frigate	Entity
13647	Shadow Serpentis Defender	Asteroid Serpentis Commander Frigate	Entity
13648	Shadow Serpentis Patroller	Asteroid Serpentis Commander Frigate	Entity
13649	Shadow Serpentis Initiate	Asteroid Serpentis Commander Frigate	Entity
13650	Shadow Serpentis Protector	Asteroid Serpentis Commander Frigate	Entity
13651	Shadow Serpentis Chief Protector	Asteroid Serpentis Commander Cruiser	Entity
13652	Shadow Serpentis Vice Admiral	Asteroid Serpentis Commander Battleship	Entity
13653	Shadow Serpentis Rear Admiral	Asteroid Serpentis Commander Battleship	Entity
13654	Cormack Vaaja	Asteroid Serpentis Officer	Entity
13656	Shadow Serpentis Chief Sentinel	Asteroid Serpentis Commander Cruiser	Entity
13658	Shadow Serpentis Commodore	Asteroid Serpentis Commander Battleship	Entity
13659	Tuvan Orth	Asteroid Serpentis Officer	Entity
13660	Shadow Serpentis Baron	Asteroid Serpentis Commander Battleship	Entity
13661	Brynn Jerdola	Asteroid Serpentis Officer	Entity
13663	Shadow Serpentis Chief Safeguard	Asteroid Serpentis Commander Cruiser	Entity
13664	Shadow Serpentis Chief Guard	Asteroid Serpentis Commander Cruiser	Entity
13665	Shadow Serpentis Port Admiral	Asteroid Serpentis Commander Battleship	Entity
13666	Shadow Serpentis Flotilla Admiral	Asteroid Serpentis Commander Battleship	Entity
13667	Setele Schellan	Asteroid Serpentis Officer	Entity
13668	Shadow Serpentis Chief Defender	Asteroid Serpentis Commander Cruiser	Entity
13669	Shadow Serpentis Chief Infantry	Asteroid Serpentis Commander Cruiser	Entity
13670	Korrani Salemo	Mission Generic Cruisers	Entity
13671	Zerak Cheryn	Mission Generic Cruisers	Entity
13672	Lynk	Mission Generic Cruisers	Entity
13673	Kuran 'Scarface' Lonan	Mission Generic Cruisers	Entity
13678	Angel Carrier	Asteroid Angel Cartel Hauler	Entity
13679	Angel Convoy	Asteroid Angel Cartel Hauler	Entity
13680	Angel Trailer	Asteroid Angel Cartel Hauler	Entity
13681	Angel Hauler	Asteroid Angel Cartel Hauler	Entity
13682	Angel Bulker	Asteroid Angel Cartel Hauler	Entity
13683	Angel Transporter	Asteroid Angel Cartel Hauler	Entity
13684	Angel Trucker	Asteroid Angel Cartel Hauler	Entity
13685	Angel Courier	Asteroid Angel Cartel Hauler	Entity
13686	Angel Loader	Asteroid Angel Cartel Hauler	Entity
13687	Angel Ferrier	Asteroid Angel Cartel Hauler	Entity
13688	Angel Gatherer	Asteroid Angel Cartel Hauler	Entity
13689	Angel Harvester	Asteroid Angel Cartel Hauler	Entity
13690	Blood Carrier	Asteroid Blood Raiders Hauler	Entity
13691	Blood Convoy	Asteroid Blood Raiders Hauler	Entity
13692	Blood Trailer	Asteroid Blood Raiders Hauler	Entity
13693	Blood Hauler	Asteroid Blood Raiders Hauler	Entity
13694	Blood Bulker	Asteroid Blood Raiders Hauler	Entity
13695	Blood Transporter	Asteroid Blood Raiders Hauler	Entity
13696	Blood Trucker	Asteroid Blood Raiders Hauler	Entity
13697	Blood Courier	Asteroid Blood Raiders Hauler	Entity
13698	Blood Loader	Asteroid Blood Raiders Hauler	Entity
13699	Blood Ferrier	Asteroid Blood Raiders Hauler	Entity
13700	Blood Gatherer	Asteroid Blood Raiders Hauler	Entity
13701	Blood Harvester	Asteroid Blood Raiders Hauler	Entity
13702	Serpentis Carrier	Asteroid Serpentis Hauler	Entity
13703	Serpentis Convoy	Asteroid Serpentis Hauler	Entity
13704	Serpentis Trailer	Asteroid Serpentis Hauler	Entity
13705	Serpentis Hauler	Asteroid Serpentis Hauler	Entity
13706	Serpentis Bulker	Asteroid Serpentis Hauler	Entity
13707	Serpentis Transporter	Asteroid Serpentis Hauler	Entity
13708	Serpentis Trucker	Asteroid Serpentis Hauler	Entity
13709	Serpentis Courier	Asteroid Serpentis Hauler	Entity
13710	Serpentis Loader	Asteroid Serpentis Hauler	Entity
13711	Serpentis Ferrier	Asteroid Serpentis Hauler	Entity
13712	Serpentis Gatherer	Asteroid Serpentis Hauler	Entity
13713	Serpentis Harvester	Asteroid Serpentis Hauler	Entity
13714	Guristas Carrier	Asteroid Guristas Hauler	Entity
13715	Guristas Convoy	Asteroid Guristas Hauler	Entity
13716	Guristas Trailer	Asteroid Guristas Hauler	Entity
13717	Guristas Hauler	Asteroid Guristas Hauler	Entity
13718	Guristas Bulker	Asteroid Guristas Hauler	Entity
13719	Guristas Transporter	Asteroid Guristas Hauler	Entity
13720	Guristas Trucker	Asteroid Guristas Hauler	Entity
13721	Guristas Courier	Asteroid Guristas Hauler	Entity
13722	Guristas Loader	Asteroid Guristas Hauler	Entity
13723	Guristas Ferrier	Asteroid Guristas Hauler	Entity
13724	Guristas Gatherer	Asteroid Guristas Hauler	Entity
13725	Guristas Harvester	Asteroid Guristas Hauler	Entity
13726	Sansha's Carrier	Asteroid Sansha's Nation Hauler	Entity
13727	Sansha's Convoy	Asteroid Sansha's Nation Hauler	Entity
13728	Sansha's Trailer	Asteroid Sansha's Nation Hauler	Entity
13729	Sansha's Hauler	Asteroid Sansha's Nation Hauler	Entity
13730	Sansha's Bulker	Asteroid Sansha's Nation Hauler	Entity
13731	Sansha's Transporter	Asteroid Sansha's Nation Hauler	Entity
13732	Sansha's Trucker	Asteroid Sansha's Nation Hauler	Entity
13733	Sansha's Courier	Asteroid Sansha's Nation Hauler	Entity
13734	Sansha's Loader	Asteroid Sansha's Nation Hauler	Entity
13735	Sansha's Ferrier	Asteroid Sansha's Nation Hauler	Entity
13736	Sansha's Gatherer	Asteroid Sansha's Nation Hauler	Entity
13737	Sansha's Harvester	Asteroid Sansha's Nation Hauler	Entity
13771	Drazin Jaruk	Mission Generic Cruisers	Entity
13772	Drezins Capsule	Mission Generic Frigates	Entity
13780	Equipment Assembly Array	Assembly Array	Starbase
13895	Darkonnen Veteran	Mission Generic Frigates	Entity
13896	Darkonnen Gang Leader	Mission Generic Cruisers	Entity
13897	Darkonnen Overlord	Mission Generic Cruisers	Entity
13898	Maru Raider	Mission Generic Frigates	Entity
13899	Maru Raid Leader	Mission Generic Cruisers	Entity
13900	Maru Harbinger	Mission Generic Cruisers	Entity
13901	Odamian Privateer	Mission Generic Frigates	Entity
13902	Odamian Veteran	Mission Generic Cruisers	Entity
13903	Odamian Master	Mission Generic Cruisers	Entity
13904	Komni Smuggler	Mission Generic Frigates	Entity
13905	Komni Assassin	Mission Generic Cruisers	Entity
13906	Komni Honcho	Mission Generic Cruisers	Entity
13908	Komni Envoy	Mission Generic Battleships	Entity
13909	Darkonnen Envoy	Mission Generic Battleships	Entity
13910	Maru Envoy	Mission Generic Battleships	Entity
13911	Odamian Envoy	Mission Generic Battleships	Entity
13914	Darkonnen Grunt	Mission Generic Frigates	Entity
13915	Maru Grunt	Mission Generic Frigates	Entity
13916	Odamian Guard	Mission Generic Frigates	Entity
13917	Komni Grunt	Mission Generic Frigates	Entity
14294	Kruul's Capsule	Mission Generic Frigates	Entity
14343	Silo	Silo	Starbase
14344	Renegade Guristas Pirate	Deadspace Guristas Cruiser	Entity
14345	Renegade Angel Goon	Deadspace Angel Cartel Cruiser	Entity
14346	Renegade Blood Raider	Deadspace Blood Raiders Cruiser	Entity
14347	Renegade Serpentis Assassin	Deadspace Serpentis Cruiser	Entity
14348	Renegade Sanshas Slaver	Deadspace Sansha's Nation Cruiser	Entity
14349	Sarum Maller	Mission Amarr Empire Cruiser	Entity
14350	Commander Karzo Sarum	Mission Generic Battleships	Entity
14351	Imperial Navy Soldier	Mission Amarr Empire Frigate	Entity
14352	Ammatar Navy Soldier	Mission Amarr Empire Frigate	Entity
14353	Federation Navy Soldier	Mission Gallente Federation Frigate	Entity
14354	Republic Fleet Soldier	Mission Minmatar Republic Frigate	Entity
14355	Caldari Navy Soldier	Mission Caldari State Frigate	Entity
14356	Ammatar Navy Apocalypse	Mission Amarr Empire Battleship	Entity
14359	Caldari Navy Condor	Mission Caldari State Frigate	Entity
14360	Republic Fleet Slasher	Mission Minmatar Republic Frigate	Entity
14361	Federation Navy Atron	Mission Gallente Federation Frigate	Entity
14362	Imperial Navy Executioner	Mission Amarr Empire Frigate	Entity
14363	Ammatar Navy Executioner	Mission Amarr Empire Frigate	Entity
14364	Ammatar Navy Officer	Mission Amarr Empire Frigate	Entity
14478	Caldari Navy Griffin	Mission Caldari State Frigate	Entity
14479	Imperial Navy Crucifer	Mission Amarr Empire Frigate	Entity
14480	Republic Fleet Vigil	Mission Minmatar Republic Frigate	Entity
14481	Federation Navy Maulus	Mission Gallente Federation Frigate	Entity
14482	Ammatar Navy Inquisitor	Mission Amarr Empire Frigate	Entity
15320	Caldari Navy Moa	Mission Caldari State Cruiser	Entity
15322	Imperial Navy Maller	Mission Amarr Empire Cruiser	Entity
15323	Ammatar Navy Maller	Mission Amarr Empire Cruiser	Entity
15324	Republic Fleet Rupture	Mission Minmatar Republic Cruiser	Entity
15325	Federation Navy Thorax	Mission Gallente Federation Cruiser	Entity
15326	Caldari Navy Scorpion	Mission Caldari State Battleship	Entity
15327	Republic Fleet Typhoon	Mission Minmatar Republic Battleship	Entity
15328	Imperial Navy Armageddon	Mission Amarr Empire Battleship	Entity
15329	Ammatar Navy Armageddon	Mission Amarr Empire Battleship	Entity
15330	Federation Navy Dominix	Mission Gallente Federation Battleship	Entity
15333	Pirate Transport Ship	Mission Generic Cruisers	Entity
15334	Smuggler Freight	Mission Generic Cruisers	Entity
15335	Imperial Navy Fleet Commander	Mission Amarr Empire Battleship	Entity
15336	Ammatar Navy Fleet Commander	Mission Amarr Empire Battleship	Entity
15337	Federation Navy Fleet Commander	Mission Gallente Federation Battleship	Entity
15338	Caldari Navy Fleet Commander	Mission Caldari State Battleship	Entity
15341	Republic Fleet Command Ship	Mission Minmatar Republic Battleship	Entity
15342	Republic Fleet Squad Leader	Mission Minmatar Republic Frigate	Entity
15343	Republic Fleet Raid Leader	Mission Minmatar Republic Cruiser	Entity
15344	Imperial Navy Squad Leader	Mission Amarr Empire Frigate	Entity
15345	Federation Navy Squad Leader	Mission Gallente Federation Frigate	Entity
15346	Caldari Navy Squad Leader	Mission Caldari State Frigate	Entity
15347	Ammatar Navy Squad Leader	Mission Amarr Empire Frigate	Entity
15349	Caldari Navy Raid Leader	Mission Caldari State Cruiser	Entity
15350	Imperial Navy Raid Leader	Mission Amarr Empire Cruiser	Entity
15351	Federation Navy Raid Leader	Mission Gallente Federation Battleship	Entity
15352	Ammatar Navy Raid Leader	Mission Amarr Empire Cruiser	Entity
15354	DED Scout Drone	Mission Generic Frigates	Entity
15355	Gallentean Luxury Yacht	Mission Gallente Federation Battleship	Entity
15390	Hari Kaimo	Mission Generic Cruisers	Entity
15391	Pierre Turon	Mission Generic Cruisers	Entity
15392	Zack Mead	Mission Generic Frigates	Entity
15393	Jared Kalem	Mission Generic Battleships	Entity
15394	Taisu Magdesh	Mission Generic Battleships	Entity
15395	Construction Freight	Mission Drone	Entity
15396	General Luther Veron	Deadspace Overseer Battleship	Entity
15411	Amarr Luxury Yacht	Mission Amarr Empire Battleship	Entity
15412	Andres Sikvatsen	Mission Generic Frigates	Entity
15413	Commander Terachi TashMurkon	Deadspace Overseer Battleship	Entity
15414	Warlord Shaqil Dragat	Deadspace Overseer Battleship	Entity
15415	Fleet Commander Naiyon Tai	Deadspace Overseer Battleship	Entity
15508	Vespa I	Combat Drone	Drone
15510	Valkyrie I	Combat Drone	Drone
15577	Imperial Navy Elite Soldier	Mission Amarr Empire Frigate	Entity
15578	Ammatar Navy Elite Soldier	Mission Amarr Empire Frigate	Entity
15579	Caldari Navy Elite Soldier	Mission Caldari State Frigate	Entity
15580	Federation Navy Elite Soldier	Mission Gallente Federation Frigate	Entity
15581	Republic Fleet Elite Soldier	Mission Minmatar Republic Frigate	Entity
15582	Captain Yeni Sarum	Mission Generic Cruisers	Entity
15583	Captain Jerek Zuomi	Mission Generic Cruisers	Entity
15584	Captain Mizuma Gomi	Mission Generic Cruisers	Entity
15585	Captain Jerome Leman	Mission Generic Cruisers	Entity
15586	Captain Kali Midez	Mission Generic Cruisers	Entity
15969	Caldari Navy Gamma I Support Frigate	Mission Caldari State Frigate	Entity
15970	Caldari Navy Gamma II Support Frigate	Mission Caldari State Frigate	Entity
15971	Caldari Navy Delta I Support Frigate	Mission Caldari State Frigate	Entity
15972	Caldari Navy Delta II Support Frigate	Mission Caldari State Frigate	Entity
15973	Republic Fleet C-2 Support Frigate	Mission Minmatar Republic Frigate	Entity
15974	Republic Fleet D-2 Support Frigate	Mission Minmatar Republic Frigate	Entity
15975	Republic Fleet C-1 Support Frigate	Mission Minmatar Republic Frigate	Entity
15976	Republic Fleet D-1 Support Frigate	Mission Minmatar Republic Frigate	Entity
15977	Ammatar Navy Gamma II Support Frigate	Mission Amarr Empire Frigate	Entity
15978	Ammatar Navy Gamma I Support Frigate	Mission Amarr Empire Frigate	Entity
15982	Ammatar Navy Delta I Support Frigate	Mission Amarr Empire Frigate	Entity
15983	Ammatar Navy Delta II Support Frigate	Mission Amarr Empire Frigate	Entity
15984	Imperial Navy Gamma II Support Frigate	Mission Amarr Empire Frigate	Entity
15985	Imperial Navy Gamma I Support Frigate	Mission Amarr Empire Frigate	Entity
15986	Imperial Navy Delta II Support Frigate	Mission Amarr Empire Frigate	Entity
15987	Imperial Navy Delta I Support Frigate	Mission Amarr Empire Frigate	Entity
15988	Federation Navy Gamma II Support Frigate	Mission Gallente Federation Frigate	Entity
15989	Federation Navy Delta II Support Frigate	Mission Gallente Federation Frigate	Entity
15990	Federation Navy Gamma I Support Frigate	Mission Gallente Federation Frigate	Entity
15991	Federation Navy Delta I Support Frigate	Mission Gallente Federation Frigate	Entity
16010	Mercenary Wingman	Mission Generic Frigates	Entity
16019	Mordus Rookie	Mission Mordu Frigate	Entity
16020	Mordus Sabre	Mission Mordu Frigate	Entity
16021	Mordus Rapier	Mission Mordu Frigate	Entity
16022	Mordus Gladius	Mission Mordu Frigate	Entity
16023	Mordus Katana	Mission Mordu Frigate	Entity
16024	Mordus Squad Leader	Mission Mordu Frigate	Entity
16027	Mordus Bobcat	Mission Mordu Cruiser	Entity
16028	Mordus Cheetah	Mission Mordu Cruiser	Entity
16030	Mordus Puma	Mission Mordu Cruiser	Entity
16031	Mordus Leopard	Mission Mordu Cruiser	Entity
16033	Mordus Lion	Mission Mordu Cruiser	Entity
16034	Mordus Phanti	Mission Mordu Battleship	Entity
16035	Mordus Sequestor	Mission Mordu Battleship	Entity
16036	Mordus Gigamar	Mission Mordu Battleship	Entity
16037	Mordus Mammoth	Mission Mordu Battleship	Entity
16038	Mordus Raid Leader	Mission Mordu Cruiser	Entity
16039	Mordus Fleet Commander	Mission Mordu Battleship	Entity
16040	Mordus Bounty Hunter	Mission Mordu Frigate	Entity
16087	EoM Imp	Mission Generic Frigates	Entity
16088	EoM Fiend	Mission Generic Frigates	Entity
16089	EoM Incubus	Mission Generic Frigates	Entity
16090	EoM Succubus	Mission Generic Frigates	Entity
16091	EoM Demon	Mission Generic Frigates	Entity
16092	EoM Saboteur	Mission Generic Frigates	Entity
16093	EoM Priest	Mission Generic Cruisers	Entity
16094	EoM Prophet	Mission Generic Cruisers	Entity
16095	EoM Black Priest	Mission Generic Cruisers	Entity
16096	EoM Crusader	Mission Generic Cruisers	Entity
16097	EoM Death Knight	Mission Generic Cruisers	Entity
16098	EoM Hydra	Mission Generic Battleships	Entity
16099	EoM Death Lord	Mission Generic Battleships	Entity
16100	EoM Ogre	Mission Generic Battleships	Entity
16101	EoM Behemoth	Mission Generic Battleships	Entity
16102	Ore Supply Freight	Mission Drone	Entity
16104	CONCORD Surveillance Drone	Mission Drone	Entity
16105	DED Soldier 3rd Class	Mission CONCORD Frigate	Entity
16106	DED Soldier 2nd Class	Mission CONCORD Frigate	Entity
16107	DED Soldier 1st Class	Mission CONCORD Frigate	Entity
16108	DED Special Ops Piranha	Mission CONCORD Frigate	Entity
16109	DED Special Ops Panther	Mission CONCORD Frigate	Entity
16110	DED Officer 3rd Class	Mission CONCORD Cruiser	Entity
16111	DED Officer 2nd Class	Mission CONCORD Cruiser	Entity
16112	DED Officer 1st Class	Mission CONCORD Cruiser	Entity
16114	DED Captain	Mission CONCORD Cruiser	Entity
16115	DED Special Ops Raptor	Mission CONCORD Cruiser	Entity
16116	DED Army Colonel	Mission CONCORD Battleship	Entity
16117	DED Army General	Mission CONCORD Battleship	Entity
16160	Gallente Personnel Transport	Mission Faction Haulers	Entity
16161	Amarr Personnel Transport	Mission Amarr Empire Cruiser	Entity
16162	Caldari Personnel Transport	Mission Caldari State Cruiser	Entity
16163	Minmatar Personnel Transport	Mission Minmatar Republic Cruiser	Entity
16164	Ammatar Personnel Transport	Mission Amarr Empire Cruiser	Entity
16165	Angel Cartel Personnel Transport	Deadspace Angel Cartel Cruiser	Entity
16166	Blood Raider Personnel Transport	Deadspace Blood Raiders Cruiser	Entity
16167	Sanshas Personnel Transport	Deadspace Sansha's Nation Cruiser	Entity
16168	Serpentis Personnel Transport	Deadspace Serpentis Cruiser	Entity
16169	Guristas Personnel Transport	Deadspace Guristas Cruiser	Entity
16170	Khanid Personnel Transport	Mission Khanid Battleship	Entity
16171	Khanid Rookie	Mission Khanid Frigate	Entity
16172	Khanid Sparrow	Mission Khanid Frigate	Entity
16173	Khanid Hawk	Mission Khanid Cruiser	Entity
16174	Khanid Eagle	Mission Khanid Cruiser	Entity
16175	Khanid Warbird	Mission Khanid Cruiser	Entity
16176	Khanid High Commander	Mission Khanid Battleship	Entity
16177	Khanid Kazmaar	Mission Khanid Battleship	Entity
16178	Khanid Scout	Mission Khanid Frigate	Entity
16190	Rogue Agent	Mission Generic Frigates	Entity
16191	Kaphyr	Mission Generic Frigates	Entity
16192	Claudius	Mission Generic Frigates	Entity
16193	Lemonn	Mission Generic Frigates	Entity
16195	Jade Lebache	Mission Generic Frigates	Entity
16196	Yuki Tamaru	Mission Generic Frigates	Entity
16197	Sami Kurzon	Mission Generic Frigates	Entity
16198	Kaltoh Kurzon	Mission Generic Cruisers	Entity
16199	Gaabu Moniq	Mission Generic Cruisers	Entity
16200	Jerek Shapuir	Mission Generic Battleships	Entity
16201	Ioan Lafonte	Mission Generic Battleships	Entity
16202	Tauron	Mission Generic Battleships	Entity
16203	Kyokan	Mission Generic Battleships	Entity
16206	Hellhound I	Combat Drone	Drone
16208	Ex-Secret Agent	Mission Generic Frigates	Entity
16209	Ex-Elite Secret Agent	Mission Generic Cruisers	Entity
16210	Spider Drone I	Deadspace Rogue Drone Frigate	Entity
16211	Spider Drone II	Deadspace Rogue Drone Frigate	Entity
16212	Khanid Wingman	Mission Khanid Frigate	Entity
16213	Caldari Control Tower	Control Tower	Starbase
16214	Minmatar Control Tower	Control Tower	Starbase
16215	Small Armory	Large Collidable Structure	Entity
16216	Research Laboratory	Laboratory	Starbase
16217	Small Auxiliary Power Array	Mobile Power Core	Starbase
16219	Small Storage Array	Mobile Storage	Starbase
16220	Rapid Equipment Assembly Array	Assembly Array	Starbase
16221	Moon Harvesting Array	Moon Mining	Starbase
16222	Light Missile Battery	Mobile Missile Sentry	Starbase
16223	Shield Generation Array	Mobile Shield Generator	Starbase
16226	Kurzon Destroyer	Mission Generic Battleships	Entity
16227	Ferox	Combat Battlecruiser	Ship
16229	Brutix	Combat Battlecruiser	Ship
16231	Cyclone	Combat Battlecruiser	Ship
16233	Prophecy	Combat Battlecruiser	Ship
16236	Coercer	Destroyer	Ship
16238	Cormorant	Destroyer	Ship
16240	Catalyst	Destroyer	Ship
16242	Thrasher	Destroyer	Ship
16244	Sarum Spider	Mission Amarr Empire Frigate	Entity
16250	Maylan Falek	Mission Generic Cruisers	Entity
16251	Freedom Patriot	Mission Generic Cruisers	Entity
16252	Freedom Liberty	Mission Generic Battleships	Entity
16254	Kuzak Obliterator	Mission Generic Cruisers	Entity
16256	Nugoeihuvi Agent	Mission Generic Cruisers	Entity
16286	QA Control Tower	Control Tower	Starbase
16287	Tazmyr's Capsule	Mission Generic Frigates	Entity
16288	Tazmyr	Mission Generic Frigates	Entity
16545	Pleasure Cruiser	Mission Generic Cruisers	Entity
16553	Wallekon Nezmar	Mission Generic Frigates	Entity
16554	Velzion Drekin	Mission Generic Frigates	Entity
16555	Terrens Glokuir	Mission Generic Cruisers	Entity
16556	Karbim Dula	Mission Generic Cruisers	Entity
16557	Guerin Marduke	Mission Generic Frigates	Entity
16558	Jhelom Marek	Mission Generic Frigates	Entity
16559	Malad Dorsin	Mission Generic Cruisers	Entity
16560	Umeni Kurr	Mission Generic Cruisers	Entity
16561	Angel Viper	Asteroid Angel Cartel Frigate	Entity
16562	Angel Webifier	Asteroid Angel Cartel Frigate	Entity
16563	Blood Wraith	Deadspace Blood Raiders Frigate	Entity
16564	Blood Disciple	Deadspace Blood Raiders Frigate	Entity
16565	Guristas Kyoukan	Deadspace Guristas Frigate	Entity
16566	Guristas Webifier	Deadspace Guristas Frigate	Entity
16567	Sansha's Demon	Deadspace Sansha's Nation Frigate	Entity
16568	Sansha's Berserker	Deadspace Sansha's Nation Frigate	Entity
16569	Guardian Veteran	Deadspace Serpentis Frigate	Entity
16570	Jenai Taen	Mission Generic Frigates	Entity
16571	Ralek Schult	Mission Generic Frigates	Entity
16572	Thoriam Delvar	Mission Generic Cruisers	Entity
16573	Zenin Mirae	Mission Generic Cruisers	Entity
16574	Borain Doleni	Mission Generic Cruisers	Entity
16575	Tsejani Kulvin	Mission Generic Cruisers	Entity
16576	Oggenon Shafi	Mission Generic Frigates	Entity
16577	Thomas Pulver	Mission Generic Frigates	Entity
16578	Zidan Kloveni	Mission Generic Frigates	Entity
16579	Tudor Brem	Mission Generic Frigates	Entity
16580	Maccen Aman	Mission Generic Cruisers	Entity
16581	Keizo Veron	Mission Generic Cruisers	Entity
16582	Kyani Torrin	Mission Generic Frigates	Entity
16583	Aiko Temura	Mission Generic Frigates	Entity
16584	Juddi Temu	Mission Generic Cruisers	Entity
16585	Kimo Sekuta	Mission Generic Cruisers	Entity
16586	Ivan Minelli	Mission Generic Frigates	Entity
16587	Torstan Kreoman	Mission Generic Frigates	Entity
16588	Jaques Klemont	Mission Generic Cruisers	Entity
16590	Tobi Lafonte	Mission Generic Cruisers	Entity
16607	Horak Mane	Mission Generic Frigates	Entity
16608	Lori Tzen	Mission Generic Frigates	Entity
16609	Jabar Kurr	Mission Generic Cruisers	Entity
16610	Xulan Anieu	Mission Generic Frigates	Entity
16611	Tehmi Anieu	Mission Generic Cruisers	Entity
16612	Zerone Anieu	Mission Generic Cruisers	Entity
16613	Korien Anieu	Mission Generic Battleships	Entity
16615	CONCORD Starship	Mission CONCORD Battleship	Entity
16616	CONCORD ship	Mission CONCORD Battleship	Entity
16618	Veri Monnani	Mission Generic Frigates	Entity
16619	Guemo Kajinn	Mission Generic Frigates	Entity
16620	Telhia Hurst	Mission Generic Cruisers	Entity
16621	Hyan Vezzon	Mission Generic Battleships	Entity
16626	Militia Guardian	Mission Generic Cruisers	Entity
16627	Militia Protector	Mission Generic Frigates	Entity
16628	Militia Leader	Mission Generic Frigates	Entity
16631	Small Artillery Battery	Mobile Projectile Sentry	Starbase
16688	Medium Artillery Battery	Mobile Projectile Sentry	Starbase
16689	Large Artillery Battery	Mobile Projectile Sentry	Starbase
16690	Small Railgun Battery	Mobile Hybrid Sentry	Starbase
16691	Medium Railgun Battery	Mobile Hybrid Sentry	Starbase
16692	Large Railgun Battery	Mobile Hybrid Sentry	Starbase
16693	Enhanced Training Drone	Rogue Drone	Entity
16694	Large Beam Laser Battery	Mobile Laser Sentry	Starbase
16695	Heavy Missile Battery	Mobile Missile Sentry	Starbase
16696	Cruise Missile Battery	Mobile Missile Sentry	Starbase
16697	Torpedo Battery	Mobile Missile Sentry	Starbase
16698	Vivian Menure	Mission Generic Frigates	Entity
16699	Uenia Khann	Mission Generic Frigates	Entity
16700	Mullok Bloodsworn	Mission Generic Frigates	Entity
16701	Javvyn Bloodsworn	Mission Generic Frigates	Entity
16702	Terror Bloodsworn	Mission Generic Frigates	Entity
16703	Mordur Bloodsworn	Mission Mordu Frigate	Entity
16720	Ammo_Container	Spawn Container	Entity
16721	Armor_Container	Spawn Container	Entity
16722	Electronic_Container	Spawn Container	Entity
16723	Mineral Container	Spawn Container	Entity
16724	Rogue Drone Container	Spawn Container	Entity
16725	weapon_container	Spawn Container	Entity
16726	Amarr Cathedral	Large Collidable Structure	Entity
16727	Blood Raider Cathedral	Large Collidable Structure	Entity
16728	Asteroid Installation	Large Collidable Structure	Entity
16729	Cargo Rig	Large Collidable Structure	Entity
16730	Amarr Chapel	Large Collidable Structure	Entity
16731	Blood Raider Chapel	Large Collidable Structure	Entity
16732	Drone Structure II	Large Collidable Structure	Entity
16733	Drone Structure I	Large Collidable Structure	Entity
16734	Partially constructed Megathron	Large Collidable Structure	Entity
16735	Landing Pad	Large Collidable Structure	Entity
16736	Infested Station Ruins	Large Collidable Structure	Entity
16737	Ruined Stargate	Large Collidable Structure	Entity
16738	Solar Harvester	Large Collidable Structure	Entity
16739	Tower Sentry Amarr III	Destructible Sentry Gun	Entity
16740	Tower Sentry Angel III	Destructible Sentry Gun	Entity
16741	Tower Sentry Bloodraider III	Destructible Sentry Gun	Entity
16742	Tower Sentry Caldari III	Destructible Sentry Gun	Entity
16743	Tower Sentry Gallente III	Destructible Sentry Gun	Entity
16744	Tower Sentry Guristas III	Destructible Sentry Gun	Entity
16745	Tower Sentry Minmatar III	Destructible Sentry Gun	Entity
16746	Tower Sentry Sansha III	Destructible Sentry Gun	Entity
16747	Tower Sentry Serpentis III	Destructible Sentry Gun	Entity
16748	Occupied Amarr Bunker	Large Collidable Structure	Entity
16749	Amarr Elevator	Large Collidable Structure	Entity
16750	Amarr Junction	Large Collidable Structure	Entity
16751	Amarr Lookout	Large Collidable Structure	Entity
16752	Amarr Wall	Large Collidable Structure	Entity
16753	Amarr Barricade	Large Collidable Structure	Entity
16754	Amarr Fence	Large Collidable Structure	Entity
16755	Amarr Barrier	Large Collidable Structure	Entity
16756	Amarr Battery	Large Collidable Structure	Entity
16757	Angel Bunker	Large Collidable Structure	Entity
16758	Angel Elevator	Large Collidable Structure	Entity
16759	Angel Junction	Large Collidable Structure	Entity
16760	Angel Lookout	Large Collidable Structure	Entity
16761	Angel Battery	Large Collidable Structure	Entity
16762	Angel Wall	Large Collidable Structure	Entity
16763	Angel Barricade	Large Collidable Structure	Entity
16764	Angel Fence	Large Collidable Structure	Entity
16765	Angel Barrier	Large Collidable Structure	Entity
16766	Blood Raider Bunker	Large Collidable Structure	Entity
16767	Blood Raider Elevator	Large Collidable Structure	Entity
16768	Blood Raider Junction	Large Collidable Structure	Entity
16769	Blood Raider Lookout	Large Collidable Structure	Entity
16770	Blood Raider Battery	Large Collidable Structure	Entity
16771	Blood Raider Wall	Large Collidable Structure	Entity
16772	Blood Raider Barricade	Large Collidable Structure	Entity
16773	Blood Raider Fence	Large Collidable Structure	Entity
16774	Blood Raider Barrier	Large Collidable Structure	Entity
16775	Caldari Elevator	Large Collidable Structure	Entity
16776	Caldari Junction	Large Collidable Structure	Entity
16777	Caldari Lookout	Large Collidable Structure	Entity
16778	Caldari Battery	Large Collidable Structure	Entity
16779	Caldari Wall	Large Collidable Structure	Entity
16780	Caldari Barricade	Large Collidable Structure	Entity
16781	Caldari Fence	Large Collidable Structure	Entity
16782	Caldari Barrier	Large Collidable Structure	Entity
16784	Gallente Bunker	Large Collidable Structure	Entity
16785	Gallente Elevator	Large Collidable Structure	Entity
16786	Gallente Junction	Large Collidable Structure	Entity
16787	Gallente Lookout	Large Collidable Structure	Entity
16788	Gallente Battery	Large Collidable Structure	Entity
16789	Gallente Wall	Large Collidable Structure	Entity
16790	Gallente Barricade	Large Collidable Structure	Entity
16791	Gallente Fence	Large Collidable Structure	Entity
16792	Gallente Barrier	Large Collidable Structure	Entity
16793	Guristas Great Wall	Large Collidable Structure	Entity
16794	Guristas Battery	Large Collidable Structure	Entity
16796	Guristas Bunker	Large Collidable Structure	Entity
16797	Guristas Elevator	Large Collidable Structure	Entity
16798	Guristas Junction	Large Collidable Structure	Entity
16799	Guristas Lookout	Large Collidable Structure	Entity
16800	Guristas Wall	Large Collidable Structure	Entity
16801	Guristas Barricade	Large Collidable Structure	Entity
16802	Guristas Fence	Large Collidable Structure	Entity
16803	Guristas Barrier	Large Collidable Structure	Entity
16804	Minmatar Barrier	Large Collidable Structure	Entity
16805	Minmatar Bunker	Large Collidable Structure	Entity
16806	Minmatar Elevator	Large Collidable Structure	Entity
16807	Minmatar Junction	Large Collidable Structure	Entity
16808	Minmatar Lookout	Large Collidable Structure	Entity
16809	Minmatar Battery	Large Collidable Structure	Entity
16810	Minmatar Wall	Large Collidable Structure	Entity
16811	Minmatar Barricade	Large Collidable Structure	Entity
16812	Minmatar Fence	Large Collidable Structure	Entity
16813	Sansha Fence	Large Collidable Structure	Entity
16814	Sansha Bunker	Large Collidable Structure	Entity
16815	Sansha Elevator	Large Collidable Structure	Entity
16816	Sansha Junction	Large Collidable Structure	Entity
16817	Sansha Lookout	Large Collidable Structure	Entity
16818	Sansha Battery	Large Collidable Structure	Entity
16819	Sansha Wall	Large Collidable Structure	Entity
16820	Sansha Barricade	Large Collidable Structure	Entity
16821	Sansha Barrier	Large Collidable Structure	Entity
16822	Serpentis Bunker	Large Collidable Structure	Entity
16823	Serpentis Elevator	Large Collidable Structure	Entity
16824	Serpentis Junction	Large Collidable Structure	Entity
16825	Serpentis Lookout	Large Collidable Structure	Entity
16826	Serpentis Battery	Large Collidable Structure	Entity
16827	Serpentis Wall	Large Collidable Structure	Entity
16828	Serpentis Barricade	Large Collidable Structure	Entity
16829	Serpentis Fence	Large Collidable Structure	Entity
16830	Serpentis Barrier	Large Collidable Structure	Entity
16831	Radio Telescope	Large Collidable Structure	Entity
16836	Amarr Deadspace Refiner	Large Collidable Structure	Entity
16837	Amarr Deadspace Repair Unit	Large Collidable Structure	Entity
16838	Amarr Deadspace Tactical Unit	Large Collidable Structure	Entity
16839	Asteroid Factory	Large Collidable Structure	Entity
16840	Asteroid Colony	Large Collidable Structure	Entity
16841	Asteroid Construct	Large Collidable Structure	Entity
16842	Asteroid Prime Colony	Large Collidable Structure	Entity
16843	Asteroid Structure	Large Collidable Structure	Entity
16844	Asteroid Secondary Colony	Large Collidable Structure	Entity
16845	Meat Popsicle	Large Collidable Structure	Entity
16846	Asteroid Colony Tower	Large Collidable Structure	Entity
16847	Asteroid Micro-Colony	Large Collidable Structure	Entity
16848	Empty Station Battery	Large Collidable Structure	Entity
16849	Deadspace Particle Accelerator	Large Collidable Structure	Entity
16850	Caldari Deadspace Refining Outpost	Large Collidable Structure	Entity
16851	Caldari Deadspace Repair Outpost	Large Collidable Structure	Entity
16852	Caldari Deadspace Tactical Outpost	Large Collidable Structure	Entity
16853	Circle Construct	Large Collidable Structure	Entity
16854	Pulsating Sensor	Large Collidable Structure	Entity
16855	Gallentean Deadspace Outpost	Large Collidable Structure	Entity
16856	Pressure Silo	Large Collidable Structure	Entity
16857	Minmatar Deadspace Refining Outpost	Large Collidable Structure	Entity
16858	Minmatar Deadspace Repair Outpost	Large Collidable Structure	Entity
16859	Minmatar Deadspace Tactical Outpost	Large Collidable Structure	Entity
16860	Freight Pad	Large Collidable Structure	Entity
16861	Subspace Frequency Generator	Large Collidable Structure	Entity
16862	Blasted Neon Sign	Large Collidable Structure	Entity
16864	Low-Tech Deadspace Energy Harvester	Large Collidable Structure	Entity
16865	Rapid Pulse Sentry	Large Collidable Structure	Entity
16866	Magnetic Retainment Field	Large Collidable Structure	Entity
16867	Ultra Fast Mobile Laser Sentry	Mobile Laser Sentry	Starbase
16869	Complex Reactor Array	Mobile Reactor	Starbase
16870	Captain Numek Kradin	Mission Generic Frigates	Entity
16871	General Krayek Tsunomi	Mission Generic Battleships	Entity
16873	Captain Jym Muntoya	Mission Generic Cruisers	Entity
16874	Gistii Ambusher	Deadspace Angel Cartel Frigate	Entity
16875	Gistum Depredator	Deadspace Angel Cartel Cruiser	Entity
16876	Gistii Fugitive	Deadspace Angel Cartel Frigate	Entity
16877	Gistii Hijacker	Deadspace Angel Cartel Frigate	Entity
16878	Gistii Hunter	Deadspace Angel Cartel Frigate	Entity
16879	Gistii Impaler	Deadspace Angel Cartel Frigate	Entity
16880	Gistum Crusher	Deadspace Angel Cartel Cruiser	Entity
16881	Gistum Smasher	Deadspace Angel Cartel Cruiser	Entity
16882	Gistii Nomad	Deadspace Angel Cartel Frigate	Entity
16883	Gistii Outlaw	Deadspace Angel Cartel Frigate	Entity
16884	Gistum Predator	Deadspace Angel Cartel Cruiser	Entity
16885	Gistii Raider	Deadspace Angel Cartel Frigate	Entity
16886	Gistii Rogue	Deadspace Angel Cartel Frigate	Entity
16887	Gistii Ruffian	Deadspace Angel Cartel Frigate	Entity
16888	Gistii Thug	Deadspace Angel Cartel Frigate	Entity
16889	Gistum Breaker	Deadspace Angel Cartel Cruiser	Entity
16890	Arch Gistii Hijacker	Deadspace Angel Cartel Frigate	Entity
16891	Gistum Marauder	Deadspace Angel Cartel Cruiser	Entity
16892	Gist Commander	Deadspace Angel Cartel Battleship	Entity
16893	Gist General	Deadspace Angel Cartel Battleship	Entity
16894	Arch Gistii Thug	Deadspace Angel Cartel Frigate	Entity
16895	Arch Gistii Outlaw	Deadspace Angel Cartel Frigate	Entity
16896	Gistum Liquidator	Deadspace Angel Cartel Cruiser	Entity
16897	Arch Gistii Rogue	Deadspace Angel Cartel Frigate	Entity
16898	Gistum Defeater	Deadspace Angel Cartel Cruiser	Entity
16899	Gist Warlord	Deadspace Angel Cartel Battleship	Entity
16900	Gist War General	Deadspace Angel Cartel Battleship	Entity
16901	Gistii Domination Hijacker	Deadspace Angel Cartel Frigate	Entity
16902	Gistii Domination Rogue	Deadspace Angel Cartel Frigate	Entity
16903	Gistii Domination Outlaw	Deadspace Angel Cartel Frigate	Entity
16904	Gistii Domination Thug	Deadspace Angel Cartel Frigate	Entity
16905	Gistii Domination Ambusher	Deadspace Angel Cartel Frigate	Entity
16906	Gistum Domination Depredator	Deadspace Angel Cartel Cruiser	Entity
16907	Gistii Domination Hunter	Deadspace Angel Cartel Frigate	Entity
16908	Gistii Domination Impaler	Deadspace Angel Cartel Frigate	Entity
16909	Gistum Domination Crusher	Deadspace Angel Cartel Cruiser	Entity
16910	Gistum Domination Smasher	Deadspace Angel Cartel Cruiser	Entity
16911	Gistii Domination Nomad	Deadspace Angel Cartel Frigate	Entity
16912	Gistum Domination Predator	Deadspace Angel Cartel Cruiser	Entity
16913	Gistii Domination Raider	Deadspace Angel Cartel Frigate	Entity
16914	Gistii Domination Ruffian	Deadspace Angel Cartel Frigate	Entity
16915	Gistum Domination Breaker	Deadspace Angel Cartel Cruiser	Entity
16916	Gistum Domination Defeater	Deadspace Angel Cartel Cruiser	Entity
16917	Gistum Domination Marauder	Deadspace Angel Cartel Cruiser	Entity
16918	Gistum Domination Phalanx	Deadspace Angel Cartel Cruiser	Entity
16919	Gistum Domination Liquidator	Deadspace Angel Cartel Cruiser	Entity
16920	Gistum Domination Centurion	Deadspace Angel Cartel Cruiser	Entity
16921	Gist Domination Commander	Deadspace Angel Cartel Battleship	Entity
16922	Gist Domination General	Deadspace Angel Cartel Battleship	Entity
16923	Gist Domination War General	Deadspace Angel Cartel Battleship	Entity
16924	Gist Domination Saint	Deadspace Angel Cartel Battleship	Entity
16925	Gist Domination Nephilim	Deadspace Angel Cartel Battleship	Entity
16926	Gist Domination Warlord	Deadspace Angel Cartel Battleship	Entity
16927	Corpum Arch Engraver	Deadspace Blood Raiders Cruiser	Entity
16928	Corpum Arch Priest	Deadspace Blood Raiders Cruiser	Entity
16929	Corpum Arch Reaver	Deadspace Blood Raiders Cruiser	Entity
16930	Corpum Arch Sage	Deadspace Blood Raiders Cruiser	Entity
16931	Corpum Arch Templar	Deadspace Blood Raiders Cruiser	Entity
16932	Corpii Diviner	Deadspace Blood Raiders Frigate	Entity
16933	Corpii Upholder	Deadspace Blood Raiders Frigate	Entity
16934	Corpus Prophet	Deadspace Blood Raiders Battleship	Entity
16935	Corpii Collector	Deadspace Blood Raiders Frigate	Entity
16936	Corpii Follower	Deadspace Blood Raiders Frigate	Entity
16937	Corpii Fugitive	Deadspace Blood Raiders Frigate	Entity
16938	Corpus Oracle	Deadspace Blood Raiders Battleship	Entity
16939	Elder Corpii Herald	Deadspace Blood Raiders Frigate	Entity
16940	Corpii Reaver	Deadspace Blood Raiders Frigate	Entity
16941	Corpus Apostle	Deadspace Blood Raiders Battleship	Entity
16942	Elder Corpii Upholder	Deadspace Blood Raiders Frigate	Entity
16943	Elder Corpii Follower	Deadspace Blood Raiders Frigate	Entity
16944	Corpum Priest	Deadspace Blood Raiders Cruiser	Entity
16945	Corpii Raider	Deadspace Blood Raiders Frigate	Entity
16946	Corpii Herald	Deadspace Blood Raiders Frigate	Entity
16947	Corpii Seeker	Deadspace Blood Raiders Frigate	Entity
16948	Corpum Revenant	Deadspace Blood Raiders Cruiser	Entity
16949	Corpum Sage	Deadspace Blood Raiders Cruiser	Entity
16950	Corpii Worshipper	Deadspace Blood Raiders Frigate	Entity
16951	Elder Corpii Worshiper	Deadspace Blood Raiders Frigate	Entity
16952	Corpus Archon	Deadspace Blood Raiders Battleship	Entity
16953	Corpii Engraver	Deadspace Blood Raiders Frigate	Entity
16954	Dark Corpii Reaver	Deadspace Blood Raiders Frigate	Entity
16955	Dark Corpii Follower	Deadspace Blood Raiders Frigate	Entity
16956	Dark Corpum Arch Engraver	Deadspace Blood Raiders Cruiser	Entity
16957	Dark Corpum Arch Priest	Deadspace Blood Raiders Cruiser	Entity
16958	Dark Corpum Dark Priest	Deadspace Blood Raiders Cruiser	Entity
16959	Dark Corpum Arch Reaver	Deadspace Blood Raiders Cruiser	Entity
16960	Dark Corpum Arch Sage	Deadspace Blood Raiders Cruiser	Entity
16961	Dark Corpum Shadow Sage	Deadspace Blood Raiders Cruiser	Entity
16962	Dark Corpum Arch Templar	Deadspace Blood Raiders Cruiser	Entity
16963	Dark Corpii Diviner	Deadspace Blood Raiders Frigate	Entity
16964	Dark Corpii Upholder	Deadspace Blood Raiders Frigate	Entity
16965	Dark Corpus Prophet	Deadspace Blood Raiders Battleship	Entity
16966	Dark Corpii Collector	Deadspace Blood Raiders Frigate	Entity
16967	Dark Corpus Oracle	Deadspace Blood Raiders Battleship	Entity
16968	Dark Corpus Archbishop	Deadspace Blood Raiders Battleship	Entity
16969	Dark Corpus Apostle	Deadspace Blood Raiders Battleship	Entity
16970	Dark Corpus Harbinger	Deadspace Blood Raiders Battleship	Entity
16971	Dark Corpum Priest	Deadspace Blood Raiders Cruiser	Entity
16972	Dark Corpii Raider	Deadspace Blood Raiders Frigate	Entity
16973	Dark Corpii Herald	Deadspace Blood Raiders Frigate	Entity
16974	Dark Corpii Seeker	Deadspace Blood Raiders Frigate	Entity
16975	Dark Corpum Revenant	Deadspace Blood Raiders Cruiser	Entity
16976	Dark Corpum Sage	Deadspace Blood Raiders Cruiser	Entity
16977	Dark Corpii Worshipper	Deadspace Blood Raiders Frigate	Entity
16978	Dark Corpus Archon	Deadspace Blood Raiders Battleship	Entity
16979	Dark Corpii Engraver	Deadspace Blood Raiders Frigate	Entity
16980	Pithum Killer	Deadspace Guristas Cruiser	Entity
16981	Pithi Arrogator	Deadspace Guristas Frigate	Entity
16982	Pithum Ascriber	Deadspace Guristas Cruiser	Entity
16983	Dire Pithi Infiltrator	Deadspace Guristas Frigate	Entity
16984	Pith Dismantler	Deadspace Guristas Battleship	Entity
16985	Dire Pithi Invader	Deadspace Guristas Frigate	Entity
16986	Pithi Demolisher	Deadspace Guristas Frigate	Entity
16987	Pithi Despoiler	Deadspace Guristas Frigate	Entity
16988	Pith Obliterator	Deadspace Guristas Battleship	Entity
16989	Pithi Destructor	Deadspace Guristas Frigate	Entity
16990	Dire Pithi Imputor	Deadspace Guristas Frigate	Entity
16991	Pithum Inferno	Deadspace Guristas Cruiser	Entity
16992	Pith Eradicator	Deadspace Guristas Battleship	Entity
16993	Pithi Fugitive	Deadspace Guristas Frigate	Entity
16994	Pithi Imputor	Deadspace Guristas Frigate	Entity
16995	Pithum Mortifier	Deadspace Guristas Cruiser	Entity
16996	Pithi Infiltrator	Deadspace Guristas Frigate	Entity
16997	Pithi Invader	Deadspace Guristas Frigate	Entity
16998	Pithum Nullifier	Deadspace Guristas Cruiser	Entity
16999	Dire Pithi Arrogator	Deadspace Guristas Frigate	Entity
17000	Pithum Murderer	Deadspace Guristas Cruiser	Entity
17001	Pithi Plunderer	Deadspace Guristas Frigate	Entity
17002	Pithi Saboteur	Deadspace Guristas Frigate	Entity
17003	Pithum Annihilator	Deadspace Guristas Cruiser	Entity
17004	Pithum Silencer	Deadspace Guristas Cruiser	Entity
17005	Pith Extinguisher	Deadspace Guristas Battleship	Entity
17006	Pithi Wrecker	Deadspace Guristas Frigate	Entity
17007	Dread Pithum Killer	Deadspace Guristas Cruiser	Entity
17008	Dread Pithi Arrogator	Deadspace Guristas Frigate	Entity
17009	Dread Pithum Ascriber	Deadspace Guristas Cruiser	Entity
17010	Dread Pith Dismantler	Deadspace Guristas Battleship	Entity
17011	Dread Pith Eliminator	Deadspace Guristas Battleship	Entity
17012	Dread Pithi Demolisher	Deadspace Guristas Frigate	Entity
17013	Dread Pithi Despoiler	Deadspace Guristas Frigate	Entity
17014	Dread Pith Obliterator	Deadspace Guristas Battleship	Entity
17015	Dread Pithi Destructor	Deadspace Guristas Frigate	Entity
17016	Dread Pithum Inferno	Deadspace Guristas Cruiser	Entity
17017	Dread Pithum Abolisher	Deadspace Guristas Cruiser	Entity
17018	Dread Pith Eradicator	Deadspace Guristas Battleship	Entity
17019	Dread Pithi Imputor	Deadspace Guristas Frigate	Entity
17020	Dread Pithum Mortifier	Deadspace Guristas Cruiser	Entity
17021	Dread Pithum Eraser	Deadspace Guristas Cruiser	Entity
17022	Dread Pithi Infiltrator	Deadspace Guristas Frigate	Entity
17023	Dread Pithi Invader	Deadspace Guristas Frigate	Entity
17024	Dread Pithum Nullifier	Deadspace Guristas Cruiser	Entity
17025	Dread Pithum Murderer	Deadspace Guristas Cruiser	Entity
17026	Dread Pithi Plunderer	Deadspace Guristas Frigate	Entity
17027	Dread Pithi Saboteur	Deadspace Guristas Frigate	Entity
17028	Dread Pithum Annihilator	Deadspace Guristas Cruiser	Entity
17029	Dread Pithum Silencer	Deadspace Guristas Cruiser	Entity
17030	Dread Pith Extinguisher	Deadspace Guristas Battleship	Entity
17031	Dread Pith Exterminator	Deadspace Guristas Battleship	Entity
17032	Dread Pithi Wrecker	Deadspace Guristas Frigate	Entity
17033	Corelum Chief Protector	Deadspace Serpentis Cruiser	Entity
17034	Core Rear Admiral	Deadspace Serpentis Battleship	Entity
17035	Coreli Guardian Scout	Deadspace Serpentis Frigate	Entity
17036	Core Port Admiral	Deadspace Serpentis Battleship	Entity
17037	Core Commodore	Deadspace Serpentis Battleship	Entity
17038	Core Baron	Deadspace Serpentis Battleship	Entity
17039	Corelum Chief Guard	Deadspace Serpentis Cruiser	Entity
17040	Coreli Guardian Initiate	Deadspace Serpentis Frigate	Entity
17041	Coreli Guardian Spy	Deadspace Serpentis Frigate	Entity
17042	Corelum Chief Safeguard	Deadspace Serpentis Cruiser	Entity
17043	Coreli Guardian Agent	Deadspace Serpentis Frigate	Entity
17044	Corelum Chief Defender	Deadspace Serpentis Cruiser	Entity
17045	Shadow Corelum Chief Guard	Deadspace Serpentis Cruiser	Entity
17046	Shadow Corelum Chief Sentinel	Deadspace Serpentis Cruiser	Entity
17047	Shadow Corelum Chief Protector	Deadspace Serpentis Cruiser	Entity
17048	Shadow Corelum Chief Infantry	Deadspace Serpentis Cruiser	Entity
17049	Shadow Core Port Admiral	Deadspace Serpentis Battleship	Entity
17050	Shadow Core Vice Admiral	Deadspace Serpentis Battleship	Entity
17051	Shadow Core Commodore	Deadspace Serpentis Battleship	Entity
17052	Shadow Core Baron	Deadspace Serpentis Battleship	Entity
17053	Shadow Core Flotilla Admiral	Deadspace Serpentis Battleship	Entity
17054	Shadow Core Rear Admiral	Deadspace Serpentis Battleship	Entity
17055	Shadow Corelum Chief Safeguard	Deadspace Serpentis Cruiser	Entity
17056	Shadow Corelum Chief Defender	Deadspace Serpentis Cruiser	Entity
17057	Centum Beast	Deadspace Sansha's Nation Cruiser	Entity
17058	Centus Lord	Deadspace Sansha's Nation Battleship	Entity
17059	Centii Butcher	Deadspace Sansha's Nation Frigate	Entity
17060	Centii Loyal Minion	Deadspace Sansha's Nation Frigate	Entity
17061	Centii Loyal Ravener	Deadspace Sansha's Nation Frigate	Entity
17062	Centum Slaughterer	Deadspace Sansha's Nation Cruiser	Entity
17063	Centii Enslaver	Deadspace Sansha's Nation Frigate	Entity
17064	Centii Fugitive	Deadspace Sansha's Nation Frigate	Entity
17065	Centum Juggernaut	Deadspace Sansha's Nation Cruiser	Entity
17066	Centus Slave Lord	Deadspace Sansha's Nation Battleship	Entity
17067	Centii Manslayer	Deadspace Sansha's Nation Frigate	Entity
17068	Centii Minion	Deadspace Sansha's Nation Frigate	Entity
17069	Centii Loyal Servant	Deadspace Sansha's Nation Frigate	Entity
17070	Centum Torturer	Deadspace Sansha's Nation Cruiser	Entity
17071	Centus Mutant Lord	Deadspace Sansha's Nation Battleship	Entity
17072	Centii Plague	Deadspace Sansha's Nation Frigate	Entity
17073	Centum Ravager	Deadspace Sansha's Nation Cruiser	Entity
17074	Centii Ravener	Deadspace Sansha's Nation Frigate	Entity
17075	Centum Ravisher	Deadspace Sansha's Nation Cruiser	Entity
17076	Centii Savage	Deadspace Sansha's Nation Frigate	Entity
17077	Centii Scavenger	Deadspace Sansha's Nation Frigate	Entity
17078	Centii Servant	Deadspace Sansha's Nation Frigate	Entity
17079	Centii Loyal Scavenger	Deadspace Sansha's Nation Frigate	Entity
17080	Centum Mutilator	Deadspace Sansha's Nation Cruiser	Entity
17081	Centii Slavehunter	Deadspace Sansha's Nation Frigate	Entity
17082	Centus Savage Lord	Deadspace Sansha's Nation Battleship	Entity
17083	Centum Execrator	Deadspace Sansha's Nation Cruiser	Entity
17084	True Centum Beast	Deadspace Sansha's Nation Cruiser	Entity
17085	True Centus Lord	Deadspace Sansha's Nation Battleship	Entity
17086	True Centii Butcher	Deadspace Sansha's Nation Frigate	Entity
17087	True Centum Slaughterer	Deadspace Sansha's Nation Cruiser	Entity
17088	True Centii Enslaver	Deadspace Sansha's Nation Frigate	Entity
17089	True Centum Juggernaut	Deadspace Sansha's Nation Cruiser	Entity
17090	True Centus Slave Lord	Deadspace Sansha's Nation Battleship	Entity
17091	True Centii Manslayer	Deadspace Sansha's Nation Frigate	Entity
17092	True Centii Minion	Deadspace Sansha's Nation Frigate	Entity
17093	True Centum Torturer	Deadspace Sansha's Nation Cruiser	Entity
17094	True Centum Hellhound	Deadspace Sansha's Nation Cruiser	Entity
17095	True Centus Mutant Lord	Deadspace Sansha's Nation Battleship	Entity
17096	True Centus Plague Lord	Deadspace Sansha's Nation Battleship	Entity
17097	True Centii Plague	Deadspace Sansha's Nation Frigate	Entity
17098	True Centum Ravager	Deadspace Sansha's Nation Cruiser	Entity
17099	True Centii Ravener	Deadspace Sansha's Nation Frigate	Entity
17100	True Centum Ravisher	Deadspace Sansha's Nation Cruiser	Entity
17101	True Centii Savage	Deadspace Sansha's Nation Frigate	Entity
17102	True Centii Scavenger	Deadspace Sansha's Nation Frigate	Entity
17103	True Centii Servant	Deadspace Sansha's Nation Frigate	Entity
17104	True Centum Mutilator	Deadspace Sansha's Nation Cruiser	Entity
17105	True Centum Fiend	Deadspace Sansha's Nation Cruiser	Entity
17106	True Centii Slavehunter	Deadspace Sansha's Nation Frigate	Entity
17107	True Centus Beast Lord	Deadspace Sansha's Nation Battleship	Entity
17108	True Centus Savage Lord	Deadspace Sansha's Nation Battleship	Entity
17109	True Centum Execrator	Deadspace Sansha's Nation Cruiser	Entity
17110	Corelum Chief Watchman	Deadspace Serpentis Cruiser	Entity
17111	Corelum Chief Patroller	Deadspace Serpentis Cruiser	Entity
17112	Corelum Chief Scout	Deadspace Serpentis Cruiser	Entity
17113	Coreli Safeguard	Deadspace Serpentis Frigate	Entity
17114	Corelum Chief Spy	Deadspace Serpentis Cruiser	Entity
17115	Coreli Fugitive	Deadspace Serpentis Frigate	Entity
17116	Coreli Watchman	Deadspace Serpentis Frigate	Entity
17117	Coreli Scout	Deadspace Serpentis Frigate	Entity
17118	Coreli Agent	Deadspace Serpentis Frigate	Entity
17119	Coreli Defender	Deadspace Serpentis Frigate	Entity
17120	Coreli Patroller	Deadspace Serpentis Frigate	Entity
17121	Coreli Initiate	Deadspace Serpentis Frigate	Entity
17122	Coreli Protector	Deadspace Serpentis Frigate	Entity
17123	Shadow Corelum Chief Watchman	Deadspace Serpentis Cruiser	Entity
17124	Shadow Corelum Chief Patroller	Deadspace Serpentis Cruiser	Entity
17125	Shadow Corelum Chief Scout	Deadspace Serpentis Cruiser	Entity
17126	Shadow Coreli Safeguard	Deadspace Serpentis Frigate	Entity
17127	Shadow Corelum Chief Spy	Deadspace Serpentis Cruiser	Entity
17128	Shadow Coreli Watchman	Deadspace Serpentis Frigate	Entity
17129	Shadow Coreli Scout	Deadspace Serpentis Frigate	Entity
17130	Shadow Coreli Agent	Deadspace Serpentis Frigate	Entity
17131	Shadow Coreli Defender	Deadspace Serpentis Frigate	Entity
17132	Shadow Coreli Patroller	Deadspace Serpentis Frigate	Entity
17133	Shadow Coreli Initiate	Deadspace Serpentis Frigate	Entity
17134	Shadow Coreli Protector	Deadspace Serpentis Frigate	Entity
17135	Stargate under construction and repair	Deadspace Overseer's Structure	Entity
17138	Augmented Angel Battlestation	Large Collidable Structure	Entity
17140	Security Outpost	Large Collidable Structure	Entity
17141	Tritan - The Underground Overseer	Deadspace Overseer Battleship	Entity
17142	The Battlestation Admiral	Deadspace Overseer Battleship	Entity
17144	Tower Sentry Bloodraider II	Destructible Sentry Gun	Entity
17145	Tower Sentry Bloodraider I	Destructible Sentry Gun	Entity
17146	Tower Sentry Angel II	Destructible Sentry Gun	Entity
17147	Tower Sentry Angel I	Destructible Sentry Gun	Entity
17148	Tower Sentry Caldari II	Destructible Sentry Gun	Entity
17149	Tower Sentry Caldari I	Destructible Sentry Gun	Entity
17150	Tower Sentry Gallente II	Destructible Sentry Gun	Entity
17151	Tower Sentry Gallente I	Destructible Sentry Gun	Entity
17152	Tower Sentry Guristas I	Destructible Sentry Gun	Entity
17153	Tower Sentry Guristas II	Destructible Sentry Gun	Entity
17154	Tower Sentry Minmatar II	Destructible Sentry Gun	Entity
17155	Tower Sentry Minmatar I	Destructible Sentry Gun	Entity
17156	Tower Sentry Sansha II	Destructible Sentry Gun	Entity
17157	Tower Sentry Sansha I	Destructible Sentry Gun	Entity
17158	Tower Sentry Serpentis II	Destructible Sentry Gun	Entity
17159	Tower Sentry Serpentis I	Destructible Sentry Gun	Entity
17160	Tower Sentry Amarr I	Destructible Sentry Gun	Entity
17161	Tower Sentry Amarr II	Destructible Sentry Gun	Entity
17162	The Stronghold General	Deadspace Overseer Battleship	Entity
17163	Serpentis Stasis Tower	Destructible Sentry Gun	Entity
17164	Tower Missile Battery Serpentis I	Destructible Sentry Gun	Entity
17165	Control Headquarters	Deadspace Overseer Cruiser	Entity
17166	Security Coordinator	Deadspace Overseer Cruiser	Entity
17167	Small Beam Laser Battery	Mobile Laser Sentry	Starbase
17168	Medium Beam Laser Battery	Mobile Laser Sentry	Starbase
17172	Medium Auxiliary Power Array	Mobile Power Core	Starbase
17173	Large Auxiliary Power Array	Mobile Power Core	Starbase
17174	Ion Field Projection Battery	Electronic Warfare Battery	Starbase
17175	Phase Inversion Battery	Electronic Warfare Battery	Starbase
17176	Spatial Destabilization Battery	Electronic Warfare Battery	Starbase
17177	White Noise Generation Battery	Electronic Warfare Battery	Starbase
17178	Stasis Webification Battery	Stasis Webification Battery	Starbase
17179	UNUSED_Gist_Battlestation_LCS_ID31_DL1_DCP1	Deadspace Overseer's Structure	Entity
17180	Sensor Dampening Battery	Sensor Dampening Battery	Starbase
17181	Warp Disruption Battery	Warp Scrambling Battery	Starbase
17182	Warp Scrambling Battery	Warp Scrambling Battery	Starbase
17184	Ballistic Deflection Array	Shield Hardening Array	Starbase
17185	Explosion Dampening Array	Shield Hardening Array	Starbase
17186	Heat Dissipation Array	Shield Hardening Array	Starbase
17187	Photon Scattering Array	Shield Hardening Array	Starbase
17188	Force Field Array	Force Field Array	Starbase
17273	Biodome Gardens	Deadspace Overseer's Structure	Entity
17274	Stuffed Container	Deadspace Overseer's Belongings	Entity
17275	Oofus's Repair Shop	Deadspace Overseer's Structure	Entity
17276	Container with blast marks	Deadspace Overseer's Belongings	Entity
17277	Electronically Sealed Container	Deadspace Overseer's Belongings	Entity
17278	Coreli Guard	Deadspace Serpentis Frigate	Entity
17279	Coreli Spy	Deadspace Serpentis Frigate	Entity
17280	Shadow Coreli Guard	Deadspace Serpentis Frigate	Entity
17281	Shadow Coreli Spy	Deadspace Serpentis Frigate	Entity
17283	Sansha Black Ops Squad Leader	Deadspace Overseer Frigate	Entity
17284	Guristas Scout Officer	Deadspace Overseer Cruiser	Entity
17285	Centus Black Ops Commander	Deadspace Overseer Frigate	Entity
17286	Amarr Customs Captain	Customs Official	Entity
17360	Immovable Enigma	Frigate	Ship
17380	Blood Raider Deadspace Tactical Unit	Large Collidable Structure	Entity
17381	Sansha Deadspace Outpost I	Large Collidable Structure	Entity
17382	Guristas Deadspace Tactical Outpost	Large Collidable Structure	Entity
17388	UNUSED_Gist_Bunker_LCS_ID104_DL5_DCP1	Deadspace Overseer's Structure	Entity
17390	Gardan's Fantasy Complex	Deadspace Overseer's Structure	Entity
17393	Bloodsport Arena	Large Collidable Structure	Entity
17394	Habitation Module - Brothel	Large Collidable Structure	Entity
17395	Habitation Module - Residential	Large Collidable Structure	Entity
17396	Habitation Module - Narcotics supermarket	Large Collidable Structure	Entity
17397	Habitation Module - Casino	Large Collidable Structure	Entity
17398	Habitation Module - Pleasure hub	Large Collidable Structure	Entity
17399	Habitation Module - Police base	Large Collidable Structure	Entity
17400	Habitation Module - Prison	Large Collidable Structure	Entity
17401	Habitation Module - Roadhouse	Large Collidable Structure	Entity
17402	Large Blaster Battery	Mobile Hybrid Sentry	Starbase
17403	Medium Blaster Battery	Mobile Hybrid Sentry	Starbase
17404	Small Blaster Battery	Mobile Hybrid Sentry	Starbase
17406	Large Pulse Laser Battery	Mobile Laser Sentry	Starbase
17407	Medium Pulse Laser Battery	Mobile Laser Sentry	Starbase
17408	Small Pulse Laser Battery	Mobile Laser Sentry	Starbase
17412	Phi-Operation Protector	Deadspace Overseer Battleship	Entity
17413	Captain Rouge	Deadspace Overseer Battleship	Entity
17422	Angels Retirement Home	Deadspace Overseer's Structure	Entity
17476	Covetor	Mining Barge	Ship
17478	Retriever	Mining Barge	Ship
17480	Procurer	Mining Barge	Ship
17563	UNUSED_CargoRig_LCS_DL1_DCP1	Deadspace Overseer's Structure	Entity
17565	Unanchoring Drone	Unanchoring Drone	Drone
17568	Serpentis Point Defense Battery	Destructible Sentry Gun	Entity
17569	Serpentis Light Missile Battery	Destructible Sentry Gun	Entity
17570	Serpentis Heavy Missile Battery	Destructible Sentry Gun	Entity
17571	Serpentis Cruise Missile Battery	Destructible Sentry Gun	Entity
17572	Angel Point Defense Battery	Destructible Sentry Gun	Entity
17573	Angel Light Missile Battery	Destructible Sentry Gun	Entity
17574	Angel Heavy Missile Battery	Destructible Sentry Gun	Entity
17575	Angel Cruise Missile Battery	Destructible Sentry Gun	Entity
17576	Minmatar Point Defense Battery	Destructible Sentry Gun	Entity
17577	Minmatar Light Missile Battery	Destructible Sentry Gun	Entity
17578	Minmatar Heavy Missile Battery	Destructible Sentry Gun	Entity
17579	Minmatar Cruise Missile Battery	Destructible Sentry Gun	Entity
17580	Sansha Point Defense Battery	Destructible Sentry Gun	Entity
17581	Sansha Light Missile Battery	Destructible Sentry Gun	Entity
17582	Sansha Heavy Missile Battery	Destructible Sentry Gun	Entity
17583	Sansha Cruise Missile Battery	Destructible Sentry Gun	Entity
17584	Gallente Point Defense Battery	Destructible Sentry Gun	Entity
17585	Gallente Light Missile Battery	Destructible Sentry Gun	Entity
17586	Gallente Heavy Missile Battery	Destructible Sentry Gun	Entity
17587	Gallente Cruise Missile Battery	Destructible Sentry Gun	Entity
17588	Amarr Point Defense Battery	Destructible Sentry Gun	Entity
17589	Amarr Light Missile Battery	Destructible Sentry Gun	Entity
17590	Amarr Heavy Missile Battery	Destructible Sentry Gun	Entity
17591	Amarr Cruise Missile Battery	Destructible Sentry Gun	Entity
17592	Blood Point Defense Battery	Destructible Sentry Gun	Entity
17593	Blood Light Missile Battery	Destructible Sentry Gun	Entity
17594	Blood Heavy Missile Battery	Destructible Sentry Gun	Entity
17595	Blood Cruise Missile Battery	Destructible Sentry Gun	Entity
17596	Guristas Point Defense Battery	Destructible Sentry Gun	Entity
17597	Guristas Light Missile Battery	Destructible Sentry Gun	Entity
17598	Guristas Heavy Missile Battery	Destructible Sentry Gun	Entity
17599	Guristas Cruise Missile Batteries	Destructible Sentry Gun	Entity
17600	Caldari Point Defense Battery	Destructible Sentry Gun	Entity
17601	Caldari Light Missile Battery	Destructible Sentry Gun	Entity
17602	Caldari Heavy Missile Battery	Destructible Sentry Gun	Entity
17603	Caldari Cruise Missile Battery	Destructible Sentry Gun	Entity
17605	Angel Stasis Tower	Destructible Sentry Gun	Entity
17606	Minmatar Stasis Tower	Destructible Sentry Gun	Entity
17607	Sansha Stasis Tower	Destructible Sentry Gun	Entity
17608	Gallente Stasis Tower	Destructible Sentry Gun	Entity
17609	Amarr Stasis Tower	Destructible Sentry Gun	Entity
17610	Blood Stasis Tower	Destructible Sentry Gun	Entity
17611	Guristas Stasis Tower	Destructible Sentry Gun	Entity
17612	Caldari Stasis Tower	Destructible Sentry Gun	Entity
17613	Inner Sanctum	Deadspace Overseer's Structure	Entity
17614	Thorak's Biodome Garden	Deadspace Overseer's Structure	Entity
17615	Corpus Crimson Commander	Deadspace Overseer Cruiser	Entity
17616	Mul-Zatah Gatekeeper	Deadspace Overseer Cruiser	Entity
17619	Caldari Navy Hookbill	Frigate	Ship
17621	Corporate Hangar Array	Corporate Hangar Array	Starbase
17622	Jenmai Hirokan	Mission Generic Frigates	Entity
17625	Imai Kenon	Mission Generic Frigates	Entity
17626	Stationary Bestower	Large Collidable Structure	Entity
17627	Stationary Mammoth	Large Collidable Structure	Entity
17628	Stationary Iteron V	Large Collidable Structure	Entity
17629	Stationary Tayra	Large Collidable Structure	Entity
17631	Deadspace Synchronization HQ	Deadspace Overseer's Structure	Entity
17632	CreoCorp Main Factory	Deadspace Overseer's Structure	Entity
17633	UNUSED_HabMod_Residential_LCS	Deadspace Overseer's Structure	Entity
17634	Caracal Navy Issue	Cruiser	Ship
17636	Raven Navy Issue	Battleship	Ship
17638	Sentinel Bloodraider	Destructible Sentry Gun	Entity
17641	Arch Angel Raelek	Deadspace Angel Cartel Battleship	Entity
17644	Asteroid Deadspace Mining Post	Large Collidable Structure	Entity
17645	Deadspace Control Station	Deadspace Overseer's Structure	Entity
17701	Tracking Array	Tracking Array	Starbase
17703	Imperial Navy Slicer	Frigate	Ship
17705	Khanid Navy Frigate	Frigate	Ship
17707	Mordus Frigate	Frigate	Ship
17709	Omen Navy Issue	Cruiser	Ship
17713	Stabber Fleet Issue	Cruiser	Ship
17715	Gila	Cruiser	Ship
17718	Phantasm	Cruiser	Ship
17720	Cynabal	Cruiser	Ship
17722	Vigilant	Cruiser	Ship
17726	Apocalypse Navy Issue	Battleship	Ship
17728	Megathron Navy Issue	Battleship	Ship
17732	Tempest Fleet Issue	Battleship	Ship
17736	Nightmare	Battleship	Ship
17738	Machariel	Battleship	Ship
17740	Vindicator	Battleship	Ship
17742	Uleen Bloodsworn	Mission Generic Frigates	Entity
17744	Purple Particle Research Patrol	Deadspace Overseer Battleship	Entity
17745	General Hixous Puxley	Deadspace Overseer Battleship	Entity
17746	Supply Headman	Deadspace Overseer Battleship	Entity
17747	Docked & Loaded Mammoth	Deadspace Overseer's Structure	Entity
17748	Megathron under frantic repair	Deadspace Overseer's Structure	Entity
17749	The Antimatter Channeler	Deadspace Overseer Battleship	Entity
17763	Powerful EM Forcefield	Large Collidable Structure	Entity
17764	Ultra Fast Silo	Silo	Starbase
17770	Large AutoCannon Battery	Mobile Projectile Sentry	Starbase
17771	Medium AutoCannon Battery	Mobile Projectile Sentry	Starbase
17772	Small AutoCannon Battery	Mobile Projectile Sentry	Starbase
17773	XL Torpedo Battery	Mobile Missile Sentry	Starbase
17775	Starbase Major Assembly Array	Large Collidable Structure	Entity
17776	Starbase Minor Assembly Array	Large Collidable Structure	Entity
17777	Amarr Starbase Control Tower	Large Collidable Structure	Entity
17778	Caldari Starbase Control Tower	Large Collidable Structure	Entity
17779	Gallente Starbase Control Tower	Large Collidable Structure	Entity
17780	Minmatar Starbase Control Tower	Large Collidable Structure	Entity
17781	Starbase Hangar	Large Collidable Structure	Entity
17782	Starbase Ion Field Projection Battery	Large Collidable Structure	Entity
17783	Starbase Force Field Array	Large Collidable Structure	Entity
17784	Starbase Auxiliary Power Array	Large Collidable Structure	Entity
17785	Starbase Reactor Array	Large Collidable Structure	Entity
17786	Starbase Shield Generator	Large Collidable Structure	Entity
17787	Starbase Storage Facility	Large Collidable Structure	Entity
17788	Starbase Moon Harvester	Large Collidable Structure	Entity
17789	Starbase Medium Refinery	Large Collidable Structure	Entity
17790	Starbase Minor Refinery	Large Collidable Structure	Entity
17798	Dented Cask	Deadspace Overseer's Belongings	Entity
17799	Non-Secured Asteroid Colony	Deadspace Overseer's Structure	Entity
17800	Retired Mining Veteran	Deadspace Overseer Frigate	Entity
17812	Republic Fleet Firetail	Frigate	Ship
17818	Serpentis Supply Stronghold	Deadspace Overseer's Structure	Entity
17820	Supply Traffic Management	Deadspace Overseer's Structure	Entity
17821	Slaver Rig Control Tower	Deadspace Overseer's Structure	Entity
17822	Staff Quarters	Deadspace Overseer's Structure	Entity
17823	Serpentis Chief of Security	Deadspace Overseer Cruiser	Entity
17824	Serpentis Refinery Headmaster	Deadspace Overseer Cruiser	Entity
17841	Federation Navy Comet	Frigate	Ship
17843	Vexor Navy Issue	Cruiser	Ship
17846	Lazarus Trezun	Mission Generic Frigates	Entity
17851	Faramon Zaccori	Mission Generic Battleships	Entity
17875	Sentinel Angel	Destructible Sentry Gun	Entity
17876	Sentinel Sansha	Destructible Sentry Gun	Entity
17877	Sentinel Serpentis	Destructible Sentry Gun	Entity
17878	Sentinel Chimera Strain Mother	Destructible Sentry Gun	Entity
17879	Sentinel Jormungand Strain Mother	Destructible Sentry Gun	Entity
17880	Sentinel Gallente	Destructible Sentry Gun	Entity
17890	Serpentis Drugstore Overseer	Deadspace Overseer Frigate	Entity
17891	Gate Security	Deadspace Overseer's Structure	Entity
17899	Stealth Emitter Array	Stealth Emitter Array	Starbase
17900	Crimson Lord	Deadspace Overseer Battleship	Entity
17903	Outpost Security Officer	Deadspace Overseer Frigate	Entity
17917	Rogue Pirate Grunt	Mission Generic Frigates	Entity
17918	Rattlesnake	Battleship	Ship
17920	Bhaalgorn	Battleship	Ship
17922	Ashimmu	Cruiser	Ship
17924	Succubus	Frigate	Ship
17926	Cruor	Frigate	Ship
17928	Daredevil	Frigate	Ship
17930	Worm	Frigate	Ship
17932	Dramiel	Frigate	Ship
17973	Angel Cartel Jailor	Deadspace Overseer Battleship	Entity
17979	Scramble Wave Generator	Deadspace Overseer's Structure	Entity
17982	Coupling Array	Silo	Starbase
17993	Crimson Sentinel	Deadspace Overseer's Sentry	Entity
17994	Assembly Management HQ	Deadspace Overseer's Structure	Entity
17996	Crimson Hand Container	Deadspace Overseer's Belongings	Entity
17997	Blockade General Sade	Deadspace Overseer Frigate	Entity
18000	Hive mother	Destructible Sentry Gun	Entity
18001	Hive mother 2	Destructible Sentry Gun	Entity
18004	Supply Station Manager	Deadspace Overseer Frigate	Entity
18012	Drone Bunker	Large Collidable Structure	Entity
18013	Drone Elevator	Large Collidable Structure	Entity
18014	Drone Junction	Large Collidable Structure	Entity
18015	Drone Lookout	Large Collidable Structure	Entity
18016	Drone Battery	Large Collidable Structure	Entity
18017	Drone Wall	Large Collidable Structure	Entity
18018	Drone Barricade	Large Collidable Structure	Entity
18019	Drone Fence	Large Collidable Structure	Entity
18020	Drone Barrier	Large Collidable Structure	Entity
18021	Inactive Drone Sentry	Large Collidable Structure	Entity
18023	Drone Wall Sentry Gun	Destructible Sentry Gun	Entity
18024	The Superintendent	Deadspace Overseer Frigate	Entity
18026	Tower Sentry Drone III	Destructible Sentry Gun	Entity
18027	Tower Sentry Drone II	Destructible Sentry Gun	Entity
18028	Tower Sentry Drone I	Destructible Sentry Gun	Entity
18031	Drone Cruise Missile Battery	Destructible Sentry Gun	Entity
18032	Drone Heavy Missile Battery	Destructible Sentry Gun	Entity
18033	Drone Light Missile Battery	Destructible Sentry Gun	Entity
18034	Serpentis Light Missile Battery	Destructible Sentry Gun	Entity
18035	Drone Point Defense Battery	Destructible Sentry Gun	Entity
18070	Strain Splinter Alvi	Deadspace Rogue Drone Frigate	Entity
18071	Strain Render Alvi	Deadspace Rogue Drone Frigate	Entity
18072	Strain Decimator Alvi	Deadspace Rogue Drone Frigate	Entity
18073	Defeater Alvatis	Deadspace Rogue Drone BattleCruiser	Entity
18074	Crippler Alvatis	Deadspace Rogue Drone BattleCruiser	Entity
18075	Striker Alvatis	Deadspace Rogue Drone BattleCruiser	Entity
18076	Violator Alvum	Deadspace Rogue Drone Cruiser	Entity
18077	Disintegrator Alvum	Deadspace Rogue Drone Cruiser	Entity
18078	Bomber Alvum	Deadspace Rogue Drone Cruiser	Entity
18079	Sunder Alvi	Deadspace Rogue Drone Frigate	Entity
18080	Raider Alvi	Deadspace Rogue Drone Frigate	Entity
18082	Destructor Alvum	Deadspace Rogue Drone Cruiser	Entity
18083	Annihilator Alvum	Deadspace Rogue Drone Cruiser	Entity
18084	Devastator Alvum	Deadspace Rogue Drone Cruiser	Entity
18085	Devilfish Alvi	Deadspace Rogue Drone Frigate	Entity
18086	Barracuda Alvi	Deadspace Rogue Drone Frigate	Entity
18087	Splinter Alvi	Deadspace Rogue Drone Frigate	Entity
18088	Render Alvi	Deadspace Rogue Drone Frigate	Entity
18113	Incubus Apis	Deadspace Rogue Drone Swarm	Entity
18114	Malphas Apis	Deadspace Rogue Drone Swarm	Entity
18564	Hunter Alvi	Deadspace Rogue Drone Frigate	Entity
18565	Serpentis Executive Officer	Deadspace Overseer Battleship	Entity
18567	Shipyard	Large Collidable Structure	Entity
18568	Dark Shipyard	Large Collidable Structure	Entity
18569	Dirty Shipyard	Large Collidable Structure	Entity
18573	Rogue Mercenary Thorn	Mission Generic Cruisers	Entity
18574	Seven Grunt	Mission Generic Frigates	Entity
18575	Seven Death Dealer	Mission Generic Frigates	Entity
18576	Seven Deathguard	Mission Generic Frigates	Entity
18577	Seven Thug	Mission Generic Cruisers	Entity
18578	Seven Assassin	Mission Generic Cruisers	Entity
18579	Seven Bodyguard	Mission Generic Cruisers	Entity
18582	Storage Taxes	Deadspace Overseer's Belongings	Entity
18584	Intoxicated Commander	Deadspace Overseer Cruiser	Entity
18586	BH Structure Anchoring Array	Stealth Emitter Array	Starbase
18628	Scratched Cask	Deadspace Overseer's Belongings	Entity
18629	Assembled Container	Deadspace Overseer's Belongings	Entity
18630	Serpentis Fleet Stronghold	Deadspace Overseer's Sentry	Entity
18631	Angel Retention Facility	Deadspace Overseer's Sentry	Entity
18632	Radiating Telescope	Deadspace Overseer's Structure	Entity
18633	Sansha Outpost Administration Building	Deadspace Overseer's Structure	Entity
18634	Serpentis Narcotics Storage	Deadspace Overseer's Structure	Entity
18641	Guristas Harlot Procurer	Deadspace Overseer Cruiser	Entity
18645	Captive Fighting Arena	Deadspace Overseer's Structure	Entity
18656	Shimon Jaen	Mission Generic Cruisers	Entity
18678	Zelfarios Kashnostramus	Mission Generic Battleships	Entity
19365	Sarum Customs General	Customs Official	Entity
19366	Ammatar Customs General	Customs Official	Entity
19367	Caldari Customs Commissioner	Customs Official	Entity
19368	Khanid Customs General Major	Customs Official	Entity
19369	Gallente Customs Major	Customs Official	Entity
19370	Minmatar Customs Commander	Customs Official	Entity
19371	Amarr Customs General	Customs Official	Entity
19372	Amarr Customs Surveillance Officer	Customs Official	Entity
19373	The Prize Container	Deadspace Overseer's Belongings	Entity
19383	Gallente Customs Official	Customs Official	Entity
19384	Sarum Customs Surveillance Officer	Customs Official	Entity
19385	Caldari Customs Agent	Customs Official	Entity
19386	Khanid Customs Surveillance Officer	Customs Official	Entity
19387	Ammatar Customs Surveillance Officer	Customs Official	Entity
19388	Minmatar Customs Patroller	Customs Official	Entity
19423	Watch Officer	Deadspace Overseer Battleship	Entity
19424	Serpentis Shipyard Defender	Deadspace Overseer Battleship	Entity
19425	Black Drone Container	Deadspace Overseer's Belongings	Entity
19426	Strain Operation Bunker	Deadspace Overseer's Structure	Entity
19427	Hive Under Construction	Deadspace Overseer's Structure	Entity
19470	Intensive Reprocessing Array	Reprocessing Array	Starbase
19487	Angel Battlestation	Deadspace Overseer's Structure	Entity
19501	The Damsels Wimpy Prison	Deadspace Overseer's Structure	Entity
19502	The Damsels Wimpy Brothel	Deadspace Overseer's Structure	Entity
19504	Pirate Headquarters	Deadspace Overseer's Structure	Entity
19505	Guristas Starbase Control Tower	Large Collidable Structure	Entity
19533	Gas/Storage Silo - Pirate Extravaganza lvl 3_ MISSION	Large Collidable Structure	Entity
19557	Low-Tech Deadspace Energy Harvester	Deadspace Overseer's Structure	Entity
19558	Angel Radiating Telescope	Deadspace Overseer's Structure	Entity
19559	Habitation Module	Deadspace Overseer's Structure	Entity
19560	Deserted Starbase Storage Facility	Deadspace Overseer's Structure	Entity
19561	Habitation Module	Deadspace Overseer's Structure	Entity
19562	Habitation Module	Deadspace Overseer's Structure	Entity
19563	CONCORD Customs Commander	Customs Official	Entity
19564	CONCORD Customs Official	Customs Official	Entity
19565	Guristas Bunker_MISSION	Deadspace Overseer's Structure	Entity
19588	Gas/Storage Silo	Deadspace Overseer's Structure	Entity
19589	Utori Kumesh	Mission Generic Cruisers	Entity
19590	Dewak's First Officer's HQ	Deadspace Overseer's Structure	Entity
19591	Dewak's Dot	Deadspace Overseer's Belongings	Entity
19592	'Screaming' Dewak Humfry	Deadspace Overseer Battleship	Entity
19593	Imai Kenon's Corpse	Large Collidable Structure	Entity
19620	Drone Commandeered Battleship	Deadspace Overseer Battleship	Entity
19622	Starbase Storage Facility	Deadspace Overseer's Structure	Entity
19653	Industrial Derelict	Deadspace Overseer's Structure	Entity
19662	Jarkon Puman	Mission Generic Cruisers	Entity
19664	Ammatar Point Defense Battery	Destructible Sentry Gun	Entity
19665	Ammatar Light Missile Battery	Destructible Sentry Gun	Entity
19666	Ammatar Heavy Missile Battery	Destructible Sentry Gun	Entity
19667	Ammatar Cruise Missile Battery	Destructible Sentry Gun	Entity
19668	Tower Sentry Ammatar I	Destructible Sentry Gun	Entity
19669	Tower Sentry Ammatar II	Destructible Sentry Gun	Entity
19670	Tower Sentry Ammatar III	Destructible Sentry Gun	Entity
19671	Ammatar Barricade	Large Collidable Structure	Entity
19672	Ammatar Cathedral	Large Collidable Structure	Entity
19673	Ammatar Deadspace Tactical Unit	Large Collidable Structure	Entity
19674	Warlord Ixon Kruz	Mission Generic Battleships	Entity
19676	Ixon Reaver	Mission Generic Cruisers	Entity
19677	Commander Dakin Gara	Mission Generic Battleships	Entity
19679	High Priest Karmone Tizmer	Mission Generic Battleships	Entity
19681	Hunter Malbreth	Mission Generic Cruisers	Entity
19683	Commander Genom Tara	Mission Generic Battleships	Entity
19701	Swarm Parasite Worker	Deadspace Overseer Battleship	Entity
19703	Swarm Defense Battery	Deadspace Overseer's Sentry	Entity
19704	Supreme Hive Defender	Deadspace Overseer Battleship	Entity
19707	Outgrowth Strain Mother	Deadspace Overseer's Sentry	Entity
19708	Metal Scraps In Storage	Deadspace Overseer's Structure	Entity
19711	AstroFarm	Large Collidable Structure	Entity
19712	HumanFarm	Large Collidable Structure	Entity
19714	Habitation Module	Deadspace Overseer's Structure	Entity
19715	Habitation Module	Deadspace Overseer's Structure	Entity
19716	Habitation Module	Deadspace Overseer's Structure	Entity
19720	Revelation	Dreadnought	Ship
19722	Naglfar	Dreadnought	Ship
19724	Moros	Dreadnought	Ship
19726	Phoenix	Dreadnought	Ship
19729	Gallente Bunker UDI	Large Collidable Structure	Entity
19731	Sansha Corpse Collector	Deadspace Overseer Battleship	Entity
19737	Sansha's Tyrant Elite	Deadspace Sansha's Nation Battleship	Entity
19738	Subspace Data Miner	Deadspace Overseer's Structure	Entity
19742	Infested station ruins	Deadspace Overseer's Structure	Entity
19743	Extremely Powerful EM Forcefield	Large Collidable Structure	Entity
19744	Sigil	Hauler	Ship
19765	Warehouse_MISSION	Spawn Container	Entity
19768	Mercenary Corporal	Mission Generic Cruisers	Entity
19769	Mercenary Lieutenant	Mission Generic Cruisers	Entity
19794	Cruise Missile Storage	Spawn Container	Entity
19795	Radio Telescope	Deadspace Overseer's Structure	Entity
19955	'True Power' Assembly Security HQ	Deadspace Overseer's Sentry	Entity
19957	Centus Reprocessing Station	Deadspace Overseer's Structure	Entity
19960	Special Products	Deadspace Overseer's Belongings	Entity
19961	Station Ultima	Deadspace Overseer's Sentry	Entity
20059	Amarr Control Tower Medium	Control Tower	Starbase
20060	Amarr Control Tower Small	Control Tower	Starbase
20061	Caldari Control Tower Medium	Control Tower	Starbase
20062	Caldari Control Tower Small	Control Tower	Starbase
20063	Gallente Control Tower Medium	Control Tower	Starbase
20064	Gallente Control Tower Small	Control Tower	Starbase
20065	Minmatar Control Tower Medium	Control Tower	Starbase
20066	Minmatar Control Tower Small	Control Tower	Starbase
20077	Main Supply Storage	Deadspace Overseer's Belongings	Entity
20078	True Creation's Park Overseer	Deadspace Overseer Battleship	Entity
20079	Effotber's Transit Overseer	Deadspace Overseer Battleship	Entity
20080	Overseer Skomener Effotber	Deadspace Overseer Battleship	Entity
20102	Guristas War Installation	Deadspace Overseer's Structure	Entity
20125	Curse	Combat Recon Ship	Ship
20162	Asteroid Colony	Deadspace Overseer's Structure	Entity
20163	Minmatar Miner	Mission Minmatar Republic Frigate	Entity
20165	Asteroid Prime Colony_MISSION lvl 3	Large Collidable Structure	Entity
20166	Habitation Module	Deadspace Overseer's Structure	Entity
20173	Serpentis Major	Deadspace Overseer Battleship	Entity
20174	Serpentis Deadspace Sergeant	Deadspace Overseer Battleship	Entity
20175	Simple Reactor Array	Mobile Reactor	Starbase
20176	Academy	Mobile Reactor	Starbase
20177	Asteroid Deadspace Mining Colony	Large Collidable Structure	Entity
20182	Secured Drone Bunker	Large Collidable Structure	Entity
20183	Providence	Freighter	Ship
20185	Charon	Freighter	Ship
20187	Obelisk	Freighter	Ship
20189	Fenrir	Freighter	Ship
20196	Blood Raider Chapel	Deadspace Overseer's Structure	Entity
20279	Rogue Pirate Raider	Mission Generic Cruisers	Entity
20282	Storage Silo	Deadspace Overseer's Structure	Entity
20283	Storage Silo	Deadspace Overseer's Structure	Entity
20284	Storage Silo	Deadspace Overseer's Structure	Entity
20285	Storage Silo	Deadspace Overseer's Structure	Entity
20324	COSMOS Caldari B1	Mission Generic Frigates	Entity
20325	Serpentis Bunker	Deadspace Overseer's Structure	Entity
20326	Guristas Starbase Control Tower	Deadspace Overseer's Structure	Entity
20329	Radio Telescope	Deadspace Overseer's Structure	Entity
20330	Imperial Navy Jakar	Mission Amarr Empire Battleship	Entity
20333	Republic Fleet Darkana	Mission Minmatar Republic Battleship	Entity
20334	Caldari Navy Temura	Mission Caldari State Battleship	Entity
20335	Federation Navy Orion	Mission Gallente Federation Battleship	Entity
20359	Kazar Numon	Mission Generic Battleships	Entity
20363	Sukuuvestaa Transport Ship	Mission Generic Cruisers	Entity
20370	Whelan Machorin	Mission Generic Battleships	Entity
20373	General 'Buck' Turgidson	Mission Generic Battleships	Entity
20435	Yaekun Ogdin	Mission Generic Battleships	Entity
20438	Faramon Mundan	Mission Generic Battleships	Entity
20439	Hoborak Moon	Mission Generic Battleships	Entity
20440	Rachen Mysuna	Mission Generic Battleships	Entity
20441	Xevni Jipon	Mission Generic Battleships	Entity
20442	Paon Tay	Mission Generic Battleships	Entity
20459	Republic Fleet Darkana_Alpha	Mission Minmatar Republic Battleship	Entity
20460	Republic Fleet Darkana_Beta	Mission Minmatar Republic Battleship	Entity
20461	Republic Fleet Darkana_Gamma	Mission Minmatar Republic Battleship	Entity
20462	COSMOS Caldari Arrogator	Storyline Frigate	Entity
20463	COSMOS Caldari Assassin	Storyline Frigate	Entity
20464	COSMOS Caldari Death Dealer	Storyline Frigate	Entity
20465	COSMOS Caldari Demolisher	Storyline Frigate	Entity
20466	COSMOS Caldari Despoiler	Storyline Frigate	Entity
20467	COSMOS Caldari Destructor	Storyline Frigate	Entity
20468	COSMOS Caldari Eliminator	Storyline Frigate	Entity
20469	COSMOS Caldari Imputor	Storyline Frigate	Entity
20470	COSMOS Caldari Infiltrator	Storyline Frigate	Entity
20471	COSMOS Caldari Invader	Storyline Frigate	Entity
20472	COSMOS Caldari Nihilist	Storyline Frigate	Entity
20473	COSMOS Caldari Plunderer	Storyline Frigate	Entity
20474	COSMOS Caldari Saboteur	Storyline Frigate	Entity
20475	COSMOS Caldari Wrecker	Storyline Frigate	Entity
20482	COSMOS Caldari Annihilator	Storyline Cruiser	Entity
20483	COSMOS Caldari Ascriber	Storyline Cruiser	Entity
20484	COSMOS Caldari Eraser	Storyline Cruiser	Entity
20485	COSMOS Caldari Inferno	Storyline Cruiser	Entity
20486	COSMOS Caldari Mortifier	Storyline Cruiser	Entity
20487	COSMOS Caldari Nullifier	Storyline Cruiser	Entity
20488	COSMOS Caldari Silencer	Storyline Cruiser	Entity
20489	COSMOS Caldari Terrorist	Storyline Cruiser	Entity
20490	COSMOS Caldari Conquistador	Storyline Battleship	Entity
20491	COSMOS Caldari Destroyer	Storyline Battleship	Entity
20492	COSMOS Caldari Extinguisher	Storyline Battleship	Entity
20493	COSMOS Caldari Usurper	Storyline Battleship	Entity
20523	Habitation Module - Tsuna's Science Labs	Deadspace Overseer's Structure	Entity
20542	Lephny's Mining Post	Deadspace Overseer's Structure	Entity
20545	Markus Ikmani	Mission Generic Battleships	Entity
20547	Ratei Jezzor	Mission Generic Cruisers	Entity
20549	Manchura Todaki	Storyline Mission Cruiser	Entity
20552	Wei Todaki_	Storyline Mission Cruiser	Entity
20714	Lephny's Mining Boat	Mission Generic Cruisers	Entity
20716	Vendor	Convoy	Entity
20717	Bursar	Convoy	Entity
20718	Auctioneer	Convoy	Entity
20719	Marketeer	Convoy	Entity
21049	Tao Pai Motow	Storyline Mission Cruiser	Entity
21052	Old Storage Container	Spawn Container	Entity
21056	Tara Buquet	Storyline Mission Cruiser	Entity
21058	COSMOS Caldari Non-Pirate Battleship 4	Storyline Battleship	Entity
21060	COSMOS Caldari Non-Pirate Frigate Elite 4	Storyline Frigate	Entity
21061	Makele Kordonii	Storyline Mission Cruiser	Entity
21063	Zvarin Karsha_	Storyline Mission Cruiser	Entity
21065	Ryoke Laika	Storyline Mission Cruiser	Entity
21068	Sheriff Togany_	Storyline Mission Cruiser	Entity
21090	Bai Tarziiki	Storyline Mission Cruiser	Entity
21092	Motani Ihura	Storyline Mission Cruiser	Entity
21097	Goru's Shuttle	Shuttle	Ship
21099	Kazka Loot Container	Spawn Container	Entity
21101	RabaRaba ChooChoo	Storyline Mission Cruiser	Entity
21103	Jakon Tooka	Storyline Mission Cruiser	Entity
21127	Payo Ming	Storyline Mission Battleship	Entity
21128	COSMOS Magye Eraser	Storyline Cruiser	Entity
21129	COSMOS Magye Silencer	Storyline Cruiser	Entity
21130	COSMOS Magye Death Dealer	Storyline Frigate	Entity
21131	COSMOS Magye Wrecker	Storyline Frigate	Entity
21161	Kutill's Hoarder	Destructible Agents In Space	Entity
21181	Illian Gara	Storyline Mission Battleship	Entity
21448	Gatti Zhara	Storyline Mission Battleship	Entity
21452	Pata Wakiro	Storyline Mission Battleship	Entity
21459	COSMOS Storage Silo	Deadspace Overseer's Structure	Entity
21490	Zarkona Mirei's Worm	Storyline Mission Frigate	Entity
21495	Dry River Gangmember	Storyline Mission Frigate	Entity
21503	Dry River Gangleader	Storyline Mission Frigate	Entity
21515	The Duke	Storyline Mission Cruiser	Entity
21518	Dry River Guardian	Storyline Mission Frigate	Entity
21519	Dry River Warehouse	Deadspace Overseer's Structure	Entity
21563	Dyklan Harrikar	Storyline Mission Frigate	Entity
21597	Wolf Skarkert	Storyline Mission Cruiser	Entity
21600	Officers Quarters	Deadspace Overseer's Structure	Entity
21617	Barricaded Warehouse	Deadspace Overseer's Structure	Entity
21618	Hired Gunman	Storyline Mission Frigate	Entity
21621	Kazka Eunuch	Storyline Mission Frigate	Entity
21622	Kazka Brothel	Deadspace Overseer's Structure	Entity
21627	Gas/Storage Silo	Deadspace Overseer's Structure	Entity
21628	Guristas Shuttle	Shuttle	Ship
21630	Bounty Hunter Drukhar	Storyline Mission Cruiser	Entity
21633	Urigamu_Warehouse_MISSION	Spawn Container	Entity
21635	Rent-A-Dream Pleasure Gardens	Deadspace Overseer's Structure	Entity
21636	Sefo Caraton	Storyline Mission Frigate	Entity
21638	Vespa II	Combat Drone	Drone
21640	Valkyrie II	Combat Drone	Drone
21643	Guristas Outlaw	Storyline Mission Cruiser	Entity
21647	Guristas Robber	Storyline Mission Cruiser	Entity
21648	Guristas Maniac	Storyline Mission Cruiser	Entity
21649	Nugoeihuvi Excavator	Storyline Mission Cruiser	Entity
21650	Nugoeihuvi Propagandist	Storyline Mission Cruiser	Entity
21651	Propel Dynamics Excavator	Storyline Mission Cruiser	Entity
21652	Propel Dynamics Propagandist	Storyline Mission Cruiser	Entity
21653	Nugoeihuvi Defender	Storyline Mission Frigate	Entity
21654	Nugoeihuvi Miner	Storyline Mission Frigate	Entity
21655	Propel Dynamics Miner	Storyline Mission Frigate	Entity
21656	Propel Dynamics Defender	Storyline Mission Frigate	Entity
21657	Guristas Propagandist	Storyline Mission Frigate	Entity
21658	Guristas Defender	Storyline Mission Frigate	Entity
21660	Bandit Mechanic	Storyline Mission Frigate	Entity
21662	Radio_Telescope_MISSION	Spawn Container	Entity
21670	Quao Kale	Storyline Mission Cruiser	Entity
21675	Zaphiria Oddin	Storyline Mission Cruiser	Entity
21678	Talocan Debris Fragment	Scatter Container	Entity
21679	Talocan Debris Part	Scatter Container	Entity
21680	Talocan Debris Segment	Scatter Container	Entity
21681	Talocan Debris Heap	Scatter Container	Entity
21683	Basic Guristas Vault	Scatter Container	Entity
21684	Standard Guristas Vault	Scatter Container	Entity
21685	Fortified Guristas Vault	Scatter Container	Entity
21686	Secure Guristas Vault	Scatter Container	Entity
21688	Sleeper Debris Fragment	Scatter Container	Entity
21689	Sleeper Debris Part	Scatter Container	Entity
21690	Sleeper Debris Segment	Scatter Container	Entity
21691	Sleeper Debris Heap	Scatter Container	Entity
21693	Basic Angel Vault	Scatter Container	Entity
21694	Standard Angel Vault	Scatter Container	Entity
21695	Fortified Angel Vault	Scatter Container	Entity
21696	Secure Angel Vault	Scatter Container	Entity
21698	Angel Network Node	Spawn Container	Entity
21699	Angel Network Hub	Spawn Container	Entity
21700	Angel Network Nucleus	Spawn Container	Entity
21701	Angel Network Nexus	Spawn Container	Entity
21703	Guristas Network Node	Spawn Container	Entity
21704	Guristas Network Hub	Spawn Container	Entity
21705	Guristas Network Nucleus	Spawn Container	Entity
21706	Guristas Network Nexus	Spawn Container	Entity
21708	Sleeper Data Log	Scatter Container	Entity
21709	Sleeper Data Registry	Scatter Container	Entity
21710	Sleeper Data Transcript	Scatter Container	Entity
21711	Sleeper Data Records	Scatter Container	Entity
21713	Talocan Data Log	Scatter Container	Entity
21714	Talocan Data Registry	Scatter Container	Entity
21715	Talocan Data Transcript	Scatter Container	Entity
21716	Talocan Data Records	Scatter Container	Entity
21735	Loki Machedo	Storyline Mission Battleship	Entity
21744	Siege Artillery Sentry	Destructible Sentry Gun	Entity
21745	Siege Autocannon Sentry	Destructible Sentry Gun	Entity
21746	Siege Beam Laser Sentry	Destructible Sentry Gun	Entity
21747	Siege Pulse Laser Sentry	Destructible Sentry Gun	Entity
21748	Siege Railgun Sentry	Destructible Sentry Gun	Entity
21749	Siege Blaster Sentry	Destructible Sentry Gun	Entity
21754	COSMOS Minmatar Commander	Storyline Battleship	Entity
21755	COSMOS Minmatar Gist General	Storyline Battleship	Entity
21756	COSMOS Minmatar Gist Seraphim	Storyline Battleship	Entity
21757	COSMOS Minmatar Warlord	Storyline Battleship	Entity
21758	COSMOS Minmatar Angel	Storyline Cruiser	Entity
21759	COSMOS Minmatar Liquidator	Storyline Cruiser	Entity
21760	COSMOS Minmatar Marauder	Storyline Cruiser	Entity
21762	COSMOS Minmatar Predator	Storyline Cruiser	Entity
21763	COSMOS Minmatar Angel Centurion	Storyline Cruiser	Entity
21764	COSMOS Minmatar Angel Legionnaire	Storyline Cruiser	Entity
21765	COSMOS Minmatar Angel Scout	Storyline Cruiser	Entity
21766	COSMOS Minmatar Depredator	Storyline Cruiser	Entity
21767	COSMOS Minmatar Hijacker	Storyline Frigate	Entity
21768	COSMOS Minmatar Impaler	Storyline Frigate	Entity
21769	COSMOS Minmatar Hunter	Storyline Frigate	Entity
21770	COSMOS Minmatar Nomad	Storyline Frigate	Entity
21771	COSMOS Minmatar Outlaw	Storyline Frigate	Entity
21772	COSMOS Minmatar Raider	Storyline Frigate	Entity
21773	COSMOS Minmatar Rogue	Storyline Frigate	Entity
21774	COSMOS Minmatar Ruffian	Storyline Frigate	Entity
21775	COSMOS Minmatar Thug	Storyline Frigate	Entity
21776	COSMOS Minmatar Non-Pirate Elite Frigate	Storyline Frigate	Entity
21777	COSMOS Minmatar Non-Pirate Battleship	Storyline Battleship	Entity
21778	COSMOS Minmatar Non-Pirate Cruiser	Storyline Cruiser	Entity
21779	COSMOS Minmatar Arch Ambusher	Storyline Frigate	Entity
21780	COSMOS Minmatar Arch Hunter	Storyline Frigate	Entity
21781	COSMOS Minmatar Arch Impaler	Storyline Frigate	Entity
21782	COSMOS Minmatar Arch Raider	Storyline Frigate	Entity
21786	Nugoeihuvi Operative	Storyline Mission Cruiser	Entity
21787	Arms Dealer Incognito	Storyline Mission Cruiser	Entity
21788	Bandit Arms Dealer	Storyline Mission Battleship	Entity
21792	Bandit Jailor	Storyline Mission Battleship	Entity
21794	Sanku Pansya	Storyline Mission Battleship	Entity
21795	Pansya's Bodyguard	Storyline Mission Battleship	Entity
21796	Black Mask Bandit	Storyline Mission Battleship	Entity
21814	Elite Drone Parasite	Deadspace Rogue Drone Battleship	Entity
21840	Gallente Miner	Mission Gallente Federation Frigate	Entity
21845	Automated Coreli Training Vessel	Pirate Drone	Entity
21846	Automated Gisti Training Vessel	Pirate Drone	Entity
21847	Automated Corpii Training Vessel	Pirate Drone	Entity
21848	Automated Pithi Training Vessel	Pirate Drone	Entity
21849	Automated Centii Training Vessel	Pirate Drone	Entity
21859	Cybertron	Storyline Mission Cruiser	Entity
21860	Gregory Lerma	Mission Generic Battleships	Entity
21861	General Lafema	Deadspace Overseer's Structure	Entity
21881	Jihar Okham	Storyline Mission Cruiser	Entity
21882	Okham's Cyber Thrall	Storyline Mission Cruiser	Entity
21884	Old Nefantar Bunker	Deadspace Overseer's Structure	Entity
21886	The Black Viper	Storyline Mission Battleship	Entity
21887	Nefantar Pilgrim	Storyline Mission Cruiser	Entity
21891	Kutill's Storage Bin	Spawn Container	Entity
21972	Machul Mu'Shabba	Storyline Mission Cruiser	Entity
21974	Outlaw Arrogator	Asteroid Guristas Frigate	Entity
21975	Outlaw Imputor	Asteroid Guristas Frigate	Entity
21976	Outlaw Infiltrator	Asteroid Guristas Frigate	Entity
21977	Outlaw Invader	Asteroid Guristas Frigate	Entity
21978	Outlaw Despoiler	Asteroid Guristas Frigate	Entity
21979	Outlaw Saboteur	Asteroid Guristas Frigate	Entity
21980	Outlaw Plunderer	Asteroid Guristas Frigate	Entity
21981	Outlaw Wrecker	Asteroid Guristas Frigate	Entity
21982	Outlaw Destructor	Asteroid Guristas Frigate	Entity
21983	Outlaw Demolisher	Asteroid Guristas Frigate	Entity
21984	Gunslinger Silencer	Asteroid Guristas Cruiser	Entity
21985	Gunslinger Ascriber	Asteroid Guristas Cruiser	Entity
21986	Gunslinger Killer	Asteroid Guristas Cruiser	Entity
21987	Gunslinger Murderer	Asteroid Guristas Cruiser	Entity
21988	Ace Arrogator	Asteroid Guristas Commander Frigate	Entity
21989	Ace Imputor	Asteroid Guristas Commander Frigate	Entity
21990	Ace Infiltrator	Asteroid Guristas Commander Frigate	Entity
21991	Ace Invader	Asteroid Guristas Commander Frigate	Entity
21992	Ace Despoiler	Asteroid Guristas Commander Frigate	Entity
21993	Ace Saboteur	Asteroid Guristas Commander Frigate	Entity
21994	Ace Plunderer	Asteroid Guristas Commander Frigate	Entity
21995	Ace Wrecker	Asteroid Guristas Commander Frigate	Entity
21996	Ace Destructor	Asteroid Guristas Commander Frigate	Entity
21997	Ace Demolisher	Asteroid Guristas Commander Frigate	Entity
21998	Deuce Silencer	Asteroid Guristas Commander Cruiser	Entity
21999	Deuce Ascriber	Asteroid Guristas Commander Cruiser	Entity
22000	Deuce Killer	Asteroid Guristas Commander Cruiser	Entity
22001	Bandit Gatherer	Asteroid Guristas Hauler	Entity
22002	Bandit Ferrier	Asteroid Guristas Hauler	Entity
22003	Bandit Loader	Asteroid Guristas Hauler	Entity
22004	Bandit Courier	Asteroid Guristas Hauler	Entity
22005	Cyber Hijacker	Asteroid Angel Cartel Frigate	Entity
22006	Cyber Rogue	Asteroid Angel Cartel Frigate	Entity
22007	Cyber Outlaw	Asteroid Angel Cartel Frigate	Entity
22008	Cyber Thug	Asteroid Angel Cartel Frigate	Entity
22009	Cyber Ruffian	Asteroid Angel Cartel Frigate	Entity
22010	Cyber Nomad	Asteroid Angel Cartel Frigate	Entity
22011	Cyber Ambusher	Asteroid Angel Cartel Frigate	Entity
22012	Cyber Raider	Asteroid Angel Cartel Frigate	Entity
22013	Cyber Hunter	Asteroid Angel Cartel Frigate	Entity
22014	Cyber Impaler	Asteroid Angel Cartel Frigate	Entity
22015	Psycho Hijacker	Asteroid Angel Cartel Commander Frigate	Entity
22016	Psycho Rogue	Asteroid Angel Cartel Commander Frigate	Entity
22017	Psycho Outlaw	Asteroid Angel Cartel Commander Frigate	Entity
22018	Psycho Thug	Asteroid Angel Cartel Commander Frigate	Entity
22019	Psycho Ruffian	Asteroid Angel Cartel Commander Frigate	Entity
22020	Psycho Nomad	Asteroid Angel Cartel Commander Frigate	Entity
22021	Psycho Ambusher	Asteroid Angel Cartel Commander Frigate	Entity
22022	Psycho Raider	Asteroid Angel Cartel Commander Frigate	Entity
22023	Psycho Hunter	Asteroid Angel Cartel Commander Frigate	Entity
22024	Psycho Impaler	Asteroid Angel Cartel Commander Frigate	Entity
22025	Degenerate Harvester	Asteroid Angel Cartel Hauler	Entity
22026	Degenerate Gatherer	Asteroid Angel Cartel Hauler	Entity
22027	Degenerate Ferrier	Asteroid Angel Cartel Hauler	Entity
22028	Degenerate Loader	Asteroid Angel Cartel Hauler	Entity
22029	Bandit Harvester	Asteroid Guristas Hauler	Entity
22031	ComLink Scanner	Deadspace Overseer's Structure	Entity
22032	Podded Pilot	Spawn Container	Entity
22039	Hiding Hole	Deadspace Overseer's Structure	Entity
22040	Republic Deserter	Storyline Mission Battleship	Entity
22041	Norak Pakkul	Storyline Mission Battleship	Entity
22042	Pakkul's Thugs	Storyline Mission Cruiser	Entity
22047	Special Forces Command Post	Deadspace Overseer's Structure	Entity
22048	Thukker Nomad Chief	Storyline Mission Battleship	Entity
22052	REF Pilot	Storyline Mission Cruiser	Entity
22053	Automated Centii Keyholder	Pirate Drone	Entity
22057	Roaming Rebel	Storyline Mission Cruiser	Entity
22058	Thukker Scavenger	Storyline Mission Cruiser	Entity
22059	Small Rebel Base	Deadspace Overseer's Structure	Entity
22061	Ship Wreckage	Spawn Container	Entity
22068	Amarr Workers' Quarters	Spawn Container	Entity
22072	Ship Wreckage2	Spawn Container	Entity
22075	Arrak Nutan	Storyline Mission Battleship	Entity
22076	Huriki Vunau	Storyline Mission Cruiser	Entity
22079	Kael Nutan	Storyline Mission Battleship	Entity
22082	Jerpam Hollek	Storyline Mission Cruiser	Entity
22084	Ship Carcass	Spawn Container	Entity
22086	Freedom Command Ship	Mission Generic Battleships	Entity
22088	Roark	Storyline Mission Cruiser	Entity
22091	Sleeban Iratur	Storyline Mission Cruiser	Entity
22092	Honim Iratur	Storyline Mission Frigate	Entity
22093	Umeld Iratur	Storyline Mission Frigate	Entity
22094	Garp Soolim	Storyline Mission Cruiser	Entity
22097	Bazeri Palen	Storyline Mission Battleship	Entity
22098	Bastion Museum	Deadspace Overseer's Structure	Entity
22104	ST 60	Storyline Mission Cruiser	Entity
22105	ST 59	Storyline Mission Cruiser	Entity
22106	ST 58	Storyline Mission Frigate	Entity
22138	Minmatar Prison_Mission	Spawn Container	Entity
22145	Refitted Bestower	Deadspace Overseer's Structure	Entity
22148	Searcher Drone_MISSION Spawn	Deadspace Rogue Drone Cruiser	Entity
22150	Ship Wreckage3	Spawn Container	Entity
22153	Ketta Tommin	Storyline Mission Battleship	Entity
22154	Choiji the Vanquisher	Storyline Mission Battleship	Entity
22156	Sispur Estate Control Tower	Deadspace Overseer's Structure	Entity
22158	Damaged Portal	Deadspace Overseer's Structure	Entity
22160	Famon Gurch	Storyline Mission Cruiser	Entity
22161	Gisti Repair Station	Deadspace Overseer's Structure	Entity
22168	Republic Navy Container	Spawn Container	Entity
22171	Angel Scavenger	Storyline Mission Cruiser	Entity
22182	Barou Lardoss's Iteron	Deadspace Overseer's Structure	Entity
22184	Gallente Miner	Deadspace Overseer's Structure	Entity
22223	Guristas Officer's Quarters Mission Spy Stash	Spawn Container	Entity
22225	Sleeper Data Storage	Scatter Container	Entity
22226	Sleeper Debris Piece	Scatter Container	Entity
22232	Angel Information Center	Deadspace Overseer's Structure	Entity
22233	Vanir Makono	Storyline Mission Cruiser	Entity
22235	Red Hammer	Storyline Mission Battleship	Entity
22236	Angel Drug Addict	Storyline Mission Frigate	Entity
22237	Angel Thief	Storyline Mission Cruiser	Entity
22238	Minmatar Republic Narcotics Officer 3rd Rank	Storyline Mission Battleship	Entity
22239	Minmatar Republic Narcotics Officer 2nd Rank	Storyline Mission Cruiser	Entity
22240	Minmatar Republic Narcotics Officer 1st Rank	Storyline Mission Frigate	Entity
22241	Deserted Nefantar Bunker	Deadspace Overseer's Structure	Entity
22246	Minmatar Republic Narcotics Deputy	Storyline Mission Battleship	Entity
22247	Nefantar Debris II	Spawn Container	Entity
22250	Lagaster Malotoff	Storyline Mission Cruiser	Entity
22253	Rekker Malkun	Storyline Mission Cruiser	Entity
22255	COSMOS Amarr Seeker	Storyline Frigate	Entity
22256	COSMOS Amarr Collector	Storyline Frigate	Entity
22257	COSMOS Amarr Engraver	Storyline Frigate	Entity
22258	COSMOS Amarr Archon	Storyline Frigate	Entity
22259	COSMOS Amarr Templar	Storyline Frigate	Entity
22260	COSMOS Amarr Shade	Storyline Frigate	Entity
22261	COSMOS Amarr Phantom	Storyline Frigate	Entity
22262	COSMOS Amarr Arch Engraver	Storyline Cruiser	Entity
22263	COSMOS Amarr Revenant	Storyline Cruiser	Entity
22264	COSMOS Amarr Arch Priest	Storyline Cruiser	Entity
22265	COSMOS Amarr Priest	Storyline Cruiser	Entity
22266	COSMOS Amarr Shadow Sage	Storyline Battleship	Entity
22267	COSMOS Amarr Dark Priest	Storyline Battleship	Entity
22268	COSMOS Amarr Harbinger	Storyline Battleship	Entity
22269	COSMOS Amarr Patriarch	Storyline Battleship	Entity
22270	COSMOS Amarr Gamma II Support Frigate	Storyline Frigate	Entity
22271	COSMOS Amarr Jakar	Storyline Battleship	Entity
22272	COSMOS Amarr Maller	Storyline Cruiser	Entity
22273	Kurzon General	Storyline Mission Battleship	Entity
22276	Kyan Magdesh	Storyline Mission Battleship	Entity
22280	COSMOS Strain Matriarch Drone	Deadspace Rogue Drone Cruiser	Entity
22281	COSMOS Strain Domination Drone	Deadspace Rogue Drone Cruiser	Entity
22282	COSMOS Strain Spearhead Drone	Deadspace Rogue Drone Cruiser	Entity
22283	COSMOS Viral Infector Drone	Deadspace Rogue Drone Cruiser	Entity
22284	COSMOS Marauder Drone	Deadspace Rogue Drone Frigate	Entity
22285	COSMOS Ripper Drone	Deadspace Rogue Drone Frigate	Entity
22289	Scanner Tower	Deadspace Overseer's Structure	Entity
22293	Talocan Data Storage	Scatter Container	Entity
22294	Talocan Debris Piece	Scatter Container	Entity
22316	Nanom Basskel	Storyline Mission Frigate	Entity
22318	Angel Hardware Storage	Spawn Container	Entity
22320	Brothel	Deadspace Overseer's Structure	Entity
22322	Gerno Babalu	Storyline Mission Cruiser	Entity
22324	Draben Kuvakei	Mission Generic Battleships	Entity
22343	Nefantar Debris I	Spawn Container	Entity
22428	Redeemer	Black Ops	Ship
22430	Sin	Black Ops	Ship
22436	Widow	Black Ops	Ship
22440	Panther	Black Ops	Ship
22442	Eos	Command Ship	Ship
22444	Sleipnir	Command Ship	Ship
22446	Vulture	Command Ship	Ship
22448	Absolution	Command Ship	Ship
22452	Heretic	Interdictor	Ship
22456	Sabre	Interdictor	Ship
22460	Eris	Interdictor	Ship
22464	Flycatcher	Interdictor	Ship
22466	Astarte	Command Ship	Ship
22468	Claymore	Command Ship	Ship
22470	Nighthawk	Command Ship	Ship
22474	Damnation	Command Ship	Ship
22544	Hulk	Exhumer	Ship
22546	Skiff	Exhumer	Ship
22548	Mackinaw	Exhumer	Ship
22572	Praetor EV-900	Energy Neutralizer Drone	Drone
22574	Warp Scrambling Drone	Warp Scrambling Drone	Drone
22634	Medium Biochemical Reactor Array	Mobile Reactor	Starbase
22661	COSMOS Gallente Mercenary	Storyline Frigate	Entity
22662	COSMOS Gallente Patroller	Storyline Frigate	Entity
22663	COSMOS Gallente Sentinel	Storyline Frigate	Entity
22664	COSMOS Gallente Defender	Storyline Frigate	Entity
22665	COSMOS Gallente Soldier	Storyline Frigate	Entity
22666	COSMOS Gallente Elite Frigate	Storyline Frigate	Entity
22667	COSMOS Gallente Drug Baron	Storyline Cruiser	Entity
22668	COSMOS Gallente Chief Protector	Storyline Cruiser	Entity
22669	COSMOS Gallente Sentry	Storyline Cruiser	Entity
22670	COSMOS Gallente Captain	Storyline Cruiser	Entity
22671	COSMOS Gallente Enforcer	Storyline Battleship	Entity
22672	COSMOS Gallente Commodore	Storyline Battleship	Entity
22673	COSMOS Gallente Non-Pirate Elite Frigate	Storyline Frigate	Entity
22674	COSMOS Gallente Non-Pirate Cruiser	Storyline Cruiser	Entity
22675	COSMOS Gallente Non-Pirate Battleship	Storyline Battleship	Entity
22676	COSMOS Pleasure Cruiser	Storyline Cruiser	Entity
22704	General Minas Iksan	Deadspace Overseer's Structure	Entity
22706	Gallente Spy Drone	Mission Gallente Federation Frigate	Entity
22709	Minmatar Starbase Control Tower	Deadspace Overseer's Structure	Entity
22710	Minmatar Command Post	Deadspace Overseer's Structure	Entity
22711	Extremely Powerful EM Forcefield_2	Large Collidable Structure	Entity
22712	Republic Fleet Naglfar - Under Construction	Large Collidable Structure	Entity
22713	10mn webscramblifying Drone	Warp Scrambling Drone	Drone
22716	General Matar Pol	Deadspace Overseer Battleship	Entity
22718	Minas Iksan's Revelation_old	Large Collidable Structure	Entity
22725	Oggiin Kalda's Residence	Deadspace Overseer's Structure	Entity
22728	Minmatar Bunker_Alliance Barracks	Spawn Container	Entity
22729	Strain Domination Drone Replica	Deadspace Rogue Drone Cruiser	Entity
22739	Caldari Broadcasting Unit	Deadspace Overseer's Structure	Entity
22742	Asteroid Construct Minor	Large Collidable Structure	Entity
22743	Asteroid Colony Minor	Large Collidable Structure	Entity
22744	Asteroid Micro-Colony Minor	Large Collidable Structure	Entity
22750	Kameira Quarters	Deadspace Overseer's Structure	Entity
22753	Khanid Kazmaar_2	Mission Khanid Battleship	Entity
22755	Army Quarters	Spawn Container	Entity
22757	Scanner Post	Deadspace Overseer's Structure	Entity
22758	Revelation - Under Construction	Large Collidable Structure	Entity
22759	Baron Haztari Arkhi	Deadspace Overseer Battleship	Entity
22765	Heavy Shield Maintenance Bot I	Logistic Drone	Drone
22780	Fighter Uno	Combat Drone	Drone
22789	Minmatar Transport Ship_2	Mission Minmatar Republic Cruiser	Entity
22791	Ship Wreckage4	Spawn Container	Entity
22794	Habitation Module	Deadspace Overseer's Structure	Entity
22799	Ship Wreckage5	Spawn Container	Entity
22800	Caldari Military Transport	Mission Caldari State Cruiser	Entity
22812	Angel Shatterer	Asteroid Angel Cartel Destroyer	Entity
22813	Angel Defacer	Asteroid Angel Cartel Destroyer	Entity
22814	Angel Haunter	Asteroid Angel Cartel Destroyer	Entity
22815	Angel Defiler	Asteroid Angel Cartel Destroyer	Entity
22816	Angel Seizer	Asteroid Angel Cartel Destroyer	Entity
22817	Angel Trasher	Asteroid Angel Cartel Destroyer	Entity
22818	Arch Angel Ruffian	Asteroid Angel Cartel Frigate	Entity
22819	Arch Angel Nomad	Asteroid Angel Cartel Frigate	Entity
22820	Angel Phalanx	Asteroid Angel Cartel Cruiser	Entity
22821	Angel Centurion	Asteroid Angel Cartel Cruiser	Entity
22822	Angel Legionnaire	Asteroid Angel Cartel BattleCruiser	Entity
22823	Angel Primus	Asteroid Angel Cartel BattleCruiser	Entity
22824	Angel Tribuni	Asteroid Angel Cartel BattleCruiser	Entity
22825	Angel Praefectus	Asteroid Angel Cartel BattleCruiser	Entity
22826	Angel Tribunus	Asteroid Angel Cartel BattleCruiser	Entity
22827	Angel Legatus	Asteroid Angel Cartel BattleCruiser	Entity
22828	Arch Angel Depredator	Asteroid Angel Cartel Cruiser	Entity
22829	Arch Angel Predator	Asteroid Angel Cartel Cruiser	Entity
22830	Arch Angel Marauder	Asteroid Angel Cartel Cruiser	Entity
22831	Arch Angel Liquidator	Asteroid Angel Cartel Cruiser	Entity
22832	Arch Angel Phalanx	Asteroid Angel Cartel Cruiser	Entity
22833	Arch Angel Centurion	Asteroid Angel Cartel Cruiser	Entity
22834	Arch Angel Ambusher	Asteroid Angel Cartel Frigate	Entity
22835	Arch Angel Raider	Asteroid Angel Cartel Frigate	Entity
22836	Arch Angel Hunter	Asteroid Angel Cartel Frigate	Entity
22837	Arch Angel Impaler	Asteroid Angel Cartel Frigate	Entity
22838	Angel Saint	Asteroid Angel Cartel Battleship	Entity
22839	Angel Nephilim	Asteroid Angel Cartel Battleship	Entity
22840	Angel Malakim	Asteroid Angel Cartel Battleship	Entity
22841	Angel Throne	Asteroid Angel Cartel Battleship	Entity
22842	Angel Cherubim	Asteroid Angel Cartel Battleship	Entity
22843	Angel Seraphim	Asteroid Angel Cartel Battleship	Entity
22848	Gallente Sentry Gun - Training	Destructible Sentry Gun	Entity
22849	Drifting Cask - Minmatar Training Facility	Spawn Container	Entity
22852	Hel	Supercarrier	Ship
22857	Domination Shatterer	Asteroid Angel Cartel Commander Destroyer	Entity
22858	Domination Defacer	Asteroid Angel Cartel Commander Destroyer	Entity
22859	Domination Haunter	Asteroid Angel Cartel Commander Destroyer	Entity
22860	Domination Defiler	Asteroid Angel Cartel Commander Destroyer	Entity
22861	Domination Seizer	Asteroid Angel Cartel Commander Destroyer	Entity
22862	Domination Trasher	Asteroid Angel Cartel Commander Destroyer	Entity
22865	Domination Legionnaire	Asteroid Angel Cartel Commander BattleCruiser	Entity
22866	Domination Primus	Asteroid Angel Cartel Commander BattleCruiser	Entity
22867	Domination Tribuni	Asteroid Angel Cartel Commander BattleCruiser	Entity
22868	Domination Praefectus	Asteroid Angel Cartel Commander BattleCruiser	Entity
22869	Domination Tribunus	Asteroid Angel Cartel Commander BattleCruiser	Entity
22870	Domination Legatus	Asteroid Angel Cartel Commander BattleCruiser	Entity
22871	Domination Malakim	Asteroid Angel Cartel Commander Battleship	Entity
22872	Domination Throne	Asteroid Angel Cartel Commander Battleship	Entity
22873	Domination Cherubim	Asteroid Angel Cartel Commander Battleship	Entity
22874	Domination Seraphim	Asteroid Angel Cartel Commander Battleship	Entity
23055	Templar I	Light Fighter	Fighter
23057	Dragonfly I	Light Fighter	Fighter
23059	Firbolg I	Light Fighter	Fighter
23061	Einherji I	Light Fighter	Fighter
23188	Yan Jung Data Log	Scatter Container	Entity
23189	Yan Jung Data Registry	Scatter Container	Entity
23190	Yan Jung Data Transcript	Scatter Container	Entity
23191	Yan Jung Data Records	Scatter Container	Entity
23192	Takmahl Data Log	Scatter Container	Entity
23193	Takmahl Data Registry	Scatter Container	Entity
23194	Takmahl Data Transcript	Scatter Container	Entity
23195	Takmahl Data Records	Scatter Container	Entity
23196	Yan Jung Debris Fragment	Scatter Container	Entity
23197	Yan Jung Debris Part	Scatter Container	Entity
23198	Yan Jung Debris Segment	Scatter Container	Entity
23199	Yan Jung Debris Heap	Scatter Container	Entity
23200	Takmahl Debris Fragment	Scatter Container	Entity
23201	Takmahl Debris Part	Scatter Container	Entity
23202	Takmahl Debris Segment	Scatter Container	Entity
23203	Takmahl Debris Heap	Scatter Container	Entity
23204	Basic Blood Raider Vault	Scatter Container	Entity
23205	Standard Blood Raider Vault	Scatter Container	Entity
23206	Secure Blood Raider Vault	Scatter Container	Entity
23207	Fortified Blood Raider Vault	Scatter Container	Entity
23208	Basic Serpentis Vault	Scatter Container	Entity
23209	Standard Serpentis Vault	Scatter Container	Entity
23210	Secure Serpentis Vault	Scatter Container	Entity
23211	Fortified Serpentis Vault	Scatter Container	Entity
23212	Blood Raider Network Node	Spawn Container	Entity
23213	Blood Raider Network Hub	Spawn Container	Entity
23214	Blood Raider Network Nucleus	Spawn Container	Entity
23215	Blood Raider Network Nexus	Spawn Container	Entity
23216	Serpentis Network Node	Spawn Container	Entity
23217	Serpentis Network Hub	Spawn Container	Entity
23218	Serpentis Network Nucleus	Spawn Container	Entity
23219	Serpentis Network Nexus	Spawn Container	Entity
23220	Disposal Unit	Spawn Container	Entity
23221	COSMOS Amarr NON-Pirate Battleship	Storyline Battleship	Entity
23222	Serpentis Barricade	Large Collidable Structure	Entity
23233	Apte Donie	Storyline Mission Cruiser	Entity
23235	Daubs Louel	Storyline Mission Cruiser	Entity
23240	Drug Storage Facility	Deadspace Overseer's Structure	Entity
23241	Temko Megathron	Storyline Battleship	Entity
23242	Temko Grunt	Storyline Frigate	Entity
23243	Temko Interceptor	Storyline Frigate	Entity
23244	Blood Bishop	Asteroid Blood Raiders BattleCruiser	Entity
23245	Blood Visionary	Asteroid Blood Raiders Destroyer	Entity
23246	Blood Converter	Asteroid Blood Raiders Destroyer	Entity
23247	Blood Templar	Asteroid Blood Raiders Destroyer	Entity
23248	Blood Devoter	Asteroid Blood Raiders Destroyer	Entity
23249	Blood Friar	Asteroid Blood Raiders Destroyer	Entity
23250	Blood Cleric	Asteroid Blood Raiders Destroyer	Entity
23252	Blood Seer	Asteroid Blood Raiders BattleCruiser	Entity
23253	Blood Shade	Asteroid Blood Raiders BattleCruiser	Entity
23254	Blood Fanatic	Asteroid Blood Raiders BattleCruiser	Entity
23255	Blood Phantom	Asteroid Blood Raiders BattleCruiser	Entity
23256	Blood Exorcist	Asteroid Blood Raiders BattleCruiser	Entity
23257	Blood Shadow Sage	Asteroid Blood Raiders Cruiser	Entity
23258	Blood Dark Priest	Asteroid Blood Raiders Cruiser	Entity
23259	Elder Blood Seeker	Asteroid Blood Raiders Frigate	Entity
23260	Elder Blood Collector	Asteroid Blood Raiders Frigate	Entity
23261	Elder Blood Raider	Asteroid Blood Raiders Frigate	Entity
23262	Elder Blood Diviner	Asteroid Blood Raiders Frigate	Entity
23263	Elder Blood Reaver	Asteroid Blood Raiders Frigate	Entity
23264	Elder Blood Engraver	Asteroid Blood Raiders Frigate	Entity
23265	Blood Archbishop	Asteroid Blood Raiders Battleship	Entity
23266	Blood Harbinger	Asteroid Blood Raiders Battleship	Entity
23267	Blood Monsignor	Asteroid Blood Raiders Battleship	Entity
23268	Blood Cardinal	Asteroid Blood Raiders Battleship	Entity
23269	Blood Patriarch	Asteroid Blood Raiders Battleship	Entity
23270	Blood Pope	Asteroid Blood Raiders Battleship	Entity
23271	Alarus Ekire	Storyline Mission Battleship	Entity
23275	FON Cruiser 2	Storyline Cruiser	Entity
23276	FON Cruiser 1	Storyline Cruiser	Entity
23277	FON Frigate 1	Storyline Frigate	Entity
23278	FON Battleship_OLD	Storyline Battleship	Entity
23279	FON Battleship	Storyline Battleship	Entity
23280	FON Frigate 2	Storyline Frigate	Entity
23281	Elder Blood Arch Reaver	Asteroid Blood Raiders Cruiser	Entity
23282	Elder Blood Arch Engraver	Asteroid Blood Raiders Cruiser	Entity
23283	Elder Blood Arch Sage	Asteroid Blood Raiders Cruiser	Entity
23284	Elder Blood Arch Priest	Asteroid Blood Raiders Cruiser	Entity
23285	Elder Blood Shadow Sage	Asteroid Blood Raiders Cruiser	Entity
23286	Elder Blood Dark Priest	Asteroid Blood Raiders Cruiser	Entity
23287	Dark Blood Visionary	Asteroid Blood Raiders Commander Destroyer	Entity
23288	Dark Blood Converter	Asteroid Blood Raiders Commander Destroyer	Entity
23289	Dark Blood Templar	Asteroid Blood Raiders Commander Destroyer	Entity
23290	Dark Blood Devoter	Asteroid Blood Raiders Commander Destroyer	Entity
23291	Dark Blood Friar	Asteroid Blood Raiders Commander Destroyer	Entity
23292	Dark Blood Cleric	Asteroid Blood Raiders Commander Destroyer	Entity
23293	Dark Blood Bishop	Asteroid Blood Raiders Commander BattleCruiser	Entity
23294	Dark Blood Seer	Asteroid Blood Raiders Commander BattleCruiser	Entity
23295	Dark Blood Shade	Asteroid Blood Raiders Commander BattleCruiser	Entity
23296	Dark Blood Fanatic	Asteroid Blood Raiders Commander BattleCruiser	Entity
23297	Dark Blood Phantom	Asteroid Blood Raiders Commander BattleCruiser	Entity
23298	Dark Blood Exorcist	Asteroid Blood Raiders Commander BattleCruiser	Entity
23299	Dark Blood Monsignor	Asteroid Blood Raiders Commander Battleship	Entity
23300	Dark Blood Cardinal	Asteroid Blood Raiders Commander Battleship	Entity
23301	Dark Blood Patriarch	Asteroid Blood Raiders Commander Battleship	Entity
23302	Dark Blood Pope	Asteroid Blood Raiders Commander Battleship	Entity
23305	Dire Guristas Silencer	Asteroid Guristas Cruiser	Entity
23306	Dire Guristas Ascriber	Asteroid Guristas Cruiser	Entity
23307	Dire Guristas Mortifier	Asteroid Guristas Cruiser	Entity
23308	Dire Guristas Inferno	Asteroid Guristas Cruiser	Entity
23309	Dire Guristas Eraser	Asteroid Guristas Cruiser	Entity
23310	Dire Guristas Abolisher	Asteroid Guristas Cruiser	Entity
23312	Guristas Nihilist	Asteroid Guristas Destroyer	Entity
23313	Guristas Anarchist	Asteroid Guristas Destroyer	Entity
23314	Guristas Renegade	Asteroid Guristas Destroyer	Entity
23315	Guristas Guerilla	Asteroid Guristas Destroyer	Entity
23319	Guristas Eraser	Asteroid Guristas Cruiser	Entity
23320	Guristas Abolisher	Asteroid Guristas Cruiser	Entity
23321	Guristas Executor	Asteroid Guristas BattleCruiser	Entity
23322	Guristas Enforcer	Asteroid Guristas BattleCruiser	Entity
23323	Guristas Assaulter	Asteroid Guristas BattleCruiser	Entity
23324	Guristas Assassin	Asteroid Guristas BattleCruiser	Entity
23325	Guristas Death Dealer	Asteroid Guristas BattleCruiser	Entity
23326	Guristas Revolter	Asteroid Guristas BattleCruiser	Entity
23328	Guristas Terrorist	Asteroid Guristas Destroyer	Entity
23329	Guristas Supremacist	Asteroid Guristas Destroyer	Entity
23330	Dire Guristas Despoiler	Asteroid Guristas Frigate	Entity
23331	Dire Guristas Saboteur	Asteroid Guristas Frigate	Entity
23332	Dire Guristas Plunderer	Asteroid Guristas Frigate	Entity
23333	Dire Guristas Wrecker	Asteroid Guristas Frigate	Entity
23334	Dire Guristas Destructor	Asteroid Guristas Frigate	Entity
23335	Dire Guristas Demolisher	Asteroid Guristas Frigate	Entity
23337	Guristas Eliminator	Asteroid Guristas Battleship	Entity
23338	Guristas Exterminator	Asteroid Guristas Battleship	Entity
23339	Guristas Destroyer	Asteroid Guristas Battleship	Entity
23340	Guristas Conquistador	Asteroid Guristas Battleship	Entity
23341	Guristas Massacrer	Asteroid Guristas Battleship	Entity
23342	Guristas Usurper	Asteroid Guristas Battleship	Entity
23343	Dread Guristas Nihilist	Asteroid Guristas Commander Destroyer	Entity
23344	Dread Guristas Anarchist	Asteroid Guristas Commander Destroyer	Entity
23345	Dread Guristas Renegade	Asteroid Guristas Commander Destroyer	Entity
23346	Dread Guristas Guerilla	Asteroid Guristas Commander Destroyer	Entity
23347	Dread Guristas Terrorist	Asteroid Guristas Commander Destroyer	Entity
23348	Dread Guristas Supremacist	Asteroid Guristas Commander Destroyer	Entity
23349	Dread Guristas Executor	Asteroid Guristas Commander BattleCruiser	Entity
23350	Dread Guristas Enforcer	Asteroid Guristas Commander BattleCruiser	Entity
23351	Dread Guristas Assaulter	Asteroid Guristas Commander BattleCruiser	Entity
23352	Dread Guristas Assassin	Asteroid Guristas Commander BattleCruiser	Entity
23353	Dread Guristas Death Dealer	Asteroid Guristas Commander BattleCruiser	Entity
23354	Dread Guristas Revolter	Asteroid Guristas Commander BattleCruiser	Entity
23355	Dread Guristas Destroyer	Asteroid Guristas Commander Battleship	Entity
23356	Dread Guristas Conquistador	Asteroid Guristas Commander Battleship	Entity
23357	Dread Guristas Massacrer	Asteroid Guristas Commander Battleship	Entity
23358	Dread Guristas Usurper	Asteroid Guristas Commander Battleship	Entity
23359	Serpentis Prison_Mission	Spawn Container	Entity
23360	Sansha's Loyal Savage	Asteroid Sansha's Nation Frigate	Entity
23361	Sansha's Loyal Slavehunter	Asteroid Sansha's Nation Frigate	Entity
23362	Sansha's Loyal Enslaver	Asteroid Sansha's Nation Frigate	Entity
23363	Sansha's Loyal Plague	Asteroid Sansha's Nation Frigate	Entity
23364	Sansha's Loyal Manslayer	Asteroid Sansha's Nation Frigate	Entity
23365	Sansha's Loyal Butcher	Asteroid Sansha's Nation Frigate	Entity
23366	Sansha's Loyal Ravisher	Asteroid Sansha's Nation Cruiser	Entity
23367	Sansha's Loyal Ravager	Asteroid Sansha's Nation Cruiser	Entity
23368	Sansha's Loyal Mutilator	Asteroid Sansha's Nation Cruiser	Entity
23369	Sansha's Loyal Torturer	Asteroid Sansha's Nation Cruiser	Entity
23370	Sansha's Loyal Fiend	Asteroid Sansha's Nation Cruiser	Entity
23371	Sansha's Loyal Hellhound	Asteroid Sansha's Nation Cruiser	Entity
23372	Sansha's Plague Lord	Asteroid Sansha's Nation Battleship	Entity
23373	Sansha's Beast Lord	Asteroid Sansha's Nation Battleship	Entity
23374	Sansha's Overlord	Asteroid Sansha's Nation Battleship	Entity
23375	Sansha's Dark Lord	Asteroid Sansha's Nation Battleship	Entity
23376	Sansha's Dread Lord	Asteroid Sansha's Nation Battleship	Entity
23377	Sansha's Tyrant	Asteroid Sansha's Nation Battleship	Entity
23378	Sansha's Misshape	Asteroid Sansha's Nation Destroyer	Entity
23379	Sansha's Cannibal	Asteroid Sansha's Nation Destroyer	Entity
23381	Sansha's Fiend	Asteroid Sansha's Nation Cruiser	Entity
23382	Sansha's Hellhound	Asteroid Sansha's Nation Cruiser	Entity
23383	Sansha's Phantasm	Asteroid Sansha's Nation BattleCruiser	Entity
23384	Sansha's Specter	Asteroid Sansha's Nation BattleCruiser	Entity
23385	Sansha's Wraith	Asteroid Sansha's Nation BattleCruiser	Entity
23386	Sansha's Devil	Asteroid Sansha's Nation BattleCruiser	Entity
23387	Sansha's Daemon	Asteroid Sansha's Nation BattleCruiser	Entity
23388	Sansha's Behemoth	Asteroid Sansha's Nation BattleCruiser	Entity
23391	True Sansha's Misshape	Asteroid Sansha's Nation Commander Destroyer	Entity
23392	True Sansha's Cannibal	Asteroid Sansha's Nation Commander Destroyer	Entity
23394	True Sansha's Phantasm	Asteroid Sansha's Nation Commander BattleCruiser	Entity
23395	True Sansha's Specter	Asteroid Sansha's Nation Commander BattleCruiser	Entity
23396	True Sansha's Wraith	Asteroid Sansha's Nation Commander BattleCruiser	Entity
23397	True Sansha's Devil	Asteroid Sansha's Nation Commander BattleCruiser	Entity
23398	True Sansha's Daemon	Asteroid Sansha's Nation Commander BattleCruiser	Entity
23399	True Sansha's Behemoth	Asteroid Sansha's Nation Commander BattleCruiser	Entity
23400	True Sansha's Overlord	Asteroid Sansha's Nation Commander Battleship	Entity
23401	True Sansha's Dark Lord	Asteroid Sansha's Nation Commander Battleship	Entity
23402	True Sansha's Dread Lord	Asteroid Sansha's Nation Commander Battleship	Entity
23403	True Sansha's Tyrant	Asteroid Sansha's Nation Commander Battleship	Entity
23405	Sansha's Devourer	Asteroid Sansha's Nation Destroyer	Entity
23406	Sansha's Abomination	Asteroid Sansha's Nation Destroyer	Entity
23407	Sansha's Monster	Asteroid Sansha's Nation Destroyer	Entity
23408	Sansha's Horror	Asteroid Sansha's Nation Destroyer	Entity
23409	True Sansha's Devourer	Asteroid Sansha's Nation Commander Destroyer	Entity
23410	True Sansha's Abomination	Asteroid Sansha's Nation Commander Destroyer	Entity
23411	True Sansha's Monster	Asteroid Sansha's Nation Commander Destroyer	Entity
23412	True Sansha's Horror	Asteroid Sansha's Nation Commander Destroyer	Entity
23413	Pend Insurance Storage Bin	Deadspace Overseer's Structure	Entity
23422	Eule Vitrauze	Storyline Mission Cruiser	Entity
23423	Serpentis Trooper	Asteroid Serpentis Destroyer	Entity
23424	Serpentis Soldier	Asteroid Serpentis Destroyer	Entity
23425	Serpentis Infantry	Asteroid Serpentis Destroyer	Entity
23426	Serpentis Sentinel	Asteroid Serpentis Destroyer	Entity
23427	Serpentis Cannoneer	Asteroid Serpentis Destroyer	Entity
23428	Serpentis Artillery	Asteroid Serpentis Destroyer	Entity
23429	Guardian Watchman	Asteroid Serpentis Frigate	Entity
23430	Guardian Patroller	Asteroid Serpentis Frigate	Entity
23431	Guardian Guard	Asteroid Serpentis Frigate	Entity
23432	Guardian Safeguard	Asteroid Serpentis Frigate	Entity
23434	Guardian Defender	Asteroid Serpentis Frigate	Entity
23435	Guardian Protector	Asteroid Serpentis Frigate	Entity
23436	Serpentis Chief Infantry	Asteroid Serpentis Cruiser	Entity
23437	Serpentis Chief Sentinel	Asteroid Serpentis Cruiser	Entity
23438	Serpentis Wing Leader	Asteroid Serpentis BattleCruiser	Entity
23439	Serpentis Squad Leader	Asteroid Serpentis BattleCruiser	Entity
23440	Serpentis Platoon Leader	Asteroid Serpentis BattleCruiser	Entity
23441	Serpentis Captain	Asteroid Serpentis BattleCruiser	Entity
23442	Serpentis Captain Sentry	Asteroid Serpentis BattleCruiser	Entity
23443	Serpentis High Captain	Asteroid Serpentis BattleCruiser	Entity
23444	Guardian Chief Scout	Asteroid Serpentis Cruiser	Entity
23445	Guardian Chief Spy	Asteroid Serpentis Cruiser	Entity
23446	Guardian Chief Defender	Asteroid Serpentis Cruiser	Entity
23447	Guardian Chief Protector	Asteroid Serpentis Cruiser	Entity
23448	Guardian Chief Infantry	Asteroid Serpentis Cruiser	Entity
23449	Guardian Chief Sentinel	Asteroid Serpentis Cruiser	Entity
23450	Serpentis Flotilla Admiral	Asteroid Serpentis Battleship	Entity
23451	Serpentis Vice Admiral	Asteroid Serpentis Battleship	Entity
23452	Serpentis Admiral	Asteroid Serpentis Battleship	Entity
23453	Serpentis High Admiral	Asteroid Serpentis Battleship	Entity
23454	Serpentis Grand Admiral	Asteroid Serpentis Battleship	Entity
23455	Serpentis Lord Admiral	Asteroid Serpentis Battleship	Entity
23457	Shadow Serpentis Trooper	Asteroid Serpentis Commander Destroyer	Entity
23458	Shadow Serpentis Soldier	Asteroid Serpentis Commander Destroyer	Entity
23459	Shadow Serpentis Infantry	Asteroid Serpentis Commander Destroyer	Entity
23460	Shadow Serpentis Sentinel	Asteroid Serpentis Commander Destroyer	Entity
23461	Shadow Serpentis Cannoneer	Asteroid Serpentis Commander Destroyer	Entity
23462	Shadow Serpentis Artillery	Asteroid Serpentis Commander Destroyer	Entity
23463	Shadow Serpentis Wing Leader	Asteroid Serpentis Commander BattleCruiser	Entity
23464	Shadow Serpentis Squad Leader	Asteroid Serpentis Commander BattleCruiser	Entity
23465	Shadow Serpentis Platoon Leader	Asteroid Serpentis Commander BattleCruiser	Entity
23466	Shadow Serpentis Captain	Asteroid Serpentis Commander BattleCruiser	Entity
23467	Shadow Serpentis Captain Sentry	Asteroid Serpentis Commander BattleCruiser	Entity
23468	Shadow Serpentis High Captain	Asteroid Serpentis Commander BattleCruiser	Entity
23469	Shadow Serpentis Admiral	Asteroid Serpentis Commander Battleship	Entity
23470	Shadow Serpentis High Admiral	Asteroid Serpentis Commander Battleship	Entity
23471	Shadow Serpentis Grand Admiral	Asteroid Serpentis Commander Battleship	Entity
23472	Shadow Serpentis Lord Admiral	Asteroid Serpentis Commander Battleship	Entity
23473	Wasp EC-900	Electronic Warfare Drone	Drone
23475	Shatter Alvior	Deadspace Rogue Drone Destroyer	Entity
23476	Ripper Alvior	Deadspace Rogue Drone Destroyer	Entity
23477	Shredder Alvior	Deadspace Rogue Drone Destroyer	Entity
23478	Predator Alvior	Deadspace Rogue Drone Destroyer	Entity
23479	Marauder Alvior	Deadspace Rogue Drone Destroyer	Entity
23480	Dismantler Alvior	Deadspace Rogue Drone Destroyer	Entity
23481	Strain Sunder Alvi	Deadspace Rogue Drone Frigate	Entity
23482	Strain Raider Alvi	Deadspace Rogue Drone Frigate	Entity
23483	Strain Hunter Alvi	Deadspace Rogue Drone Frigate	Entity
23484	Strain Silverfish Alvi	Deadspace Rogue Drone Frigate	Entity
23485	Strain Devilfish Alvi	Deadspace Rogue Drone Frigate	Entity
23486	Strain Barracuda Alvi	Deadspace Rogue Drone Frigate	Entity
23487	Atomizer Alvum	Deadspace Rogue Drone Cruiser	Entity
23488	Nuker Alvum	Deadspace Rogue Drone Cruiser	Entity
23489	Siege Alvatis	Deadspace Rogue Drone BattleCruiser	Entity
23490	Exterminator Alvatis	Deadspace Rogue Drone BattleCruiser	Entity
23491	Strain Wrecker Alvum	Deadspace Rogue Drone Cruiser	Entity
23492	Strain Destructor Alvum	Deadspace Rogue Drone Cruiser	Entity
23493	Strain Disintegrator Alvum	Deadspace Rogue Drone Cruiser	Entity
23494	Strain Bomber Alvum	Deadspace Rogue Drone Cruiser	Entity
23495	Strain Atomizer Alvum	Deadspace Rogue Drone Cruiser	Entity
23496	Strain Nuker Alvum	Deadspace Rogue Drone Cruiser	Entity
23497	Swarm Preserver Alvus	Deadspace Rogue Drone Battleship	Entity
23498	Spearhead Alvus	Deadspace Rogue Drone Battleship	Entity
23499	Domination Alvus	Deadspace Rogue Drone Battleship	Entity
23500	Supreme Alvus Parasite	Deadspace Rogue Drone Battleship	Entity
23501	Alvus Ruler	Deadspace Rogue Drone Battleship	Entity
23502	Alvus Creator	Deadspace Rogue Drone Battleship	Entity
23503	Patriarch Alvus	Deadspace Rogue Drone Battleship	Entity
23504	Matriarch Alvus	Deadspace Rogue Drone Battleship	Entity
23505	Alvus Queen	Deadspace Rogue Drone Battleship	Entity
23506	Ogre SD-900	Electronic Warfare Drone	Drone
23510	Praetor TD-900	Electronic Warfare Drone	Drone
23512	Berserker TP-900	Electronic Warfare Drone	Drone
23514	Elere Febre's Habitation module	Deadspace Overseer's Structure	Entity
23520	Serpentis Stronghold	Deadspace Overseer's Structure	Entity
23522	Asteroid Deadspace Mining Post	Deadspace Overseer's Structure	Entity
23523	Heavy Armor Maintenance Bot I	Logistic Drone	Drone
23525	Curator I	Combat Drone	Drone
23536	Berserker SW-900	Stasis Webifying Drone	Drone
23557	Serpentis Junkie	Storyline Mission Frigate	Entity
23559	Warden I	Combat Drone	Drone
23561	Garde I	Combat Drone	Drone
23563	Bouncer I	Combat Drone	Drone
23567	Serpentis Narcotics Storage	Deadspace Overseer's Structure	Entity
23571	Wiyrkomi Storage	Large Collidable Structure	Entity
23572	Wiyrkomi Warehouse	Spawn Container	Entity
23593	Wiyrkomi Surveillance Outpost	Deadspace Overseer's Structure	Entity
23595	Scorched Container	Spawn Container	Entity
23596	Splinter Smuggler	Storyline Mission Cruiser	Entity
23598	Pourpas Aunten	Storyline Mission Cruiser	Entity
23600	Runner's Relay Station	Deadspace Overseer's Structure	Entity
23601	Maqeri Camcen	Storyline Mission Cruiser	Entity
23607	Wreckage of Isone's Ship	Spawn Container	Entity
23609	Don Rico's Henchman	Storyline Mission Cruiser	Entity
23612	Captain Jark Makon	Storyline Mission Frigate	Entity
23614	Don Rico's Pleasure Yacht	Storyline Mission Cruiser	Entity
23616	FON Contact	Storyline Mission Battleship	Entity
23617	FON Operation Station	Deadspace Overseer's Structure	Entity
23619	Ansedon Blat	Storyline Mission Frigate	Entity
23623	Maschteri Markan	Storyline Mission Battleship	Entity
23628	Malfunctioned Pleasure Cruiser	Storyline Mission Cruiser	Entity
23638	Arch Angel Smasher	Asteroid Angel Cartel Cruiser	Entity
23639	Arch Angel Crusher	Asteroid Angel Cartel Cruiser	Entity
23640	Arch Angel Breaker	Asteroid Angel Cartel Cruiser	Entity
23641	Arch Angel Defeater	Asteroid Angel Cartel Cruiser	Entity
23642	Amarr Battlestation	Deadspace Overseer's Structure	Entity
23643	Elder Blood Arch Templar	Asteroid Blood Raiders Cruiser	Entity
23644	Elder Blood Revenant	Asteroid Blood Raiders Cruiser	Entity
23645	Elder Blood Sage	Asteroid Blood Raiders Cruiser	Entity
23646	Elder Blood Priest	Asteroid Blood Raiders Cruiser	Entity
23647	Dire Guristas Killer	Asteroid Guristas Cruiser	Entity
23648	Dire Guristas Murderer	Asteroid Guristas Cruiser	Entity
23649	Dire Guristas Annihilator	Asteroid Guristas Cruiser	Entity
23650	Dire Guristas Nullifier	Asteroid Guristas Cruiser	Entity
23651	Sansha's Loyal Beast	Asteroid Sansha's Nation Cruiser	Entity
23652	Sansha's Loyal Juggernaut	Asteroid Sansha's Nation Cruiser	Entity
23653	Sansha's Loyal Slaughterer	Asteroid Sansha's Nation Cruiser	Entity
23654	Sansha's Loyal Execrator	Asteroid Sansha's Nation Cruiser	Entity
23655	Guardian Chief Watchman	Asteroid Serpentis Cruiser	Entity
23656	Guardian Chief Patroller	Asteroid Serpentis Cruiser	Entity
23657	Guardian Chief Guard	Asteroid Serpentis Cruiser	Entity
23658	Guardian Chief Safeguard	Asteroid Serpentis Cruiser	Entity
23659	Acolyte EV-300	Energy Neutralizer Drone	Drone
23663	Asteroid Station - 1	Large Collidable Structure	Entity
23664	Kador Surveillance General	Storyline Battleship	Entity
23665	Kador Surveillance Sergeant	Storyline Frigate	Entity
23667	Corpum Arch Sage_COSMOS	Storyline Cruiser	Entity
23670	Dark Corpum Arch Templar_COSMOS	Storyline Cruiser	Entity
23671	Corpii Phantom_COSMOS	Storyline Frigate	Entity
23672	Corpii Templar_COSMOS	Storyline Frigate	Entity
23685	Serpentis Drug Runner	Storyline Mission Cruiser	Entity
23686	Drone Perimeter Guard	Deadspace Rogue Drone Cruiser	Entity
23687	Drone Worker	Deadspace Rogue Drone Cruiser	Entity
23688	Cracked Hive Mind Cage	Deadspace Overseer's Structure	Entity
23689	Dysfunctional Raid Drone	Deadspace Overseer's Structure	Entity
23691	Shattered Hive Mind Cage	Deadspace Overseer's Structure	Entity
23695	Serpentis Repackaging Factory	Deadspace Overseer's Structure	Entity
23696	Serpentis Command Outpost	Deadspace Overseer's Structure	Entity
23701	Stranded Personnel Transport	Spawn Container	Entity
23702	Infiltrator EV-600	Energy Neutralizer Drone	Drone
23705	Vespa EC-600	Electronic Warfare Drone	Drone
23707	Hornet EC-300	Electronic Warfare Drone	Drone
23709	Medium Armor Maintenance Bot I	Logistic Drone	Drone
23711	Light Armor Maintenance Bot I	Logistic Drone	Drone
23713	Hammerhead SD-600	Electronic Warfare Drone	Drone
23715	Hobgoblin SD-300	Electronic Warfare Drone	Drone
23717	Medium Shield Maintenance Bot I	Logistic Drone	Drone
23719	Light Shield Maintenance Bot I	Logistic Drone	Drone
23721	Valkyrie TP-600	Electronic Warfare Drone	Drone
23723	Warrior TP-300	Electronic Warfare Drone	Drone
23725	Infiltrator TD-600	Electronic Warfare Drone	Drone
23727	Acolyte TD-300	Electronic Warfare Drone	Drone
23729	Valkyrie SW-600	Stasis Webifying Drone	Drone
23731	Warrior SW-300	Stasis Webifying Drone	Drone
23743	Kador Bunker	Spawn Container	Entity
23757	Archon	Carrier	Ship
23759	FA-14 Templar	Combat Drone	Drone
23773	Ragnarok	Titan	Ship
23858	Amarr Bunker	Large Collidable Structure	Entity
23859	Amarr Administration Complex	Large Collidable Structure	Entity
23860	Docked Bestower	Large Collidable Structure	Entity
23873	COSMOS BOSS: Keron Vandafelt	Storyline Mission Battleship	Entity
23875	COSMOS Mythos Transport Cruiser	Storyline Cruiser	Entity
23879	Blood Raider Commander	Storyline Battleship	Entity
23904	The Scope Storage Container	Spawn Container	Entity
23906	Stationary Revelation	Large Collidable Structure	Entity
23908	Core Serpentis Sentry	Deadspace Overseer's Structure	Entity
23911	Thanatos	Carrier	Ship
23913	Nyx	Supercarrier	Ship
23915	Chimera	Carrier	Ship
23917	Wyvern	Supercarrier	Ship
23919	Aeon	Supercarrier	Ship
23921	Strain Annihilator Alvum	Deadspace Rogue Drone Cruiser	Entity
23922	Strain Devastator Alvum	Deadspace Rogue Drone Cruiser	Entity
23923	Strain Viral Infector Alvum	Deadspace Rogue Drone Cruiser	Entity
23924	Strain Violator Alvum	Deadspace Rogue Drone Cruiser	Entity
23939	Deuce Murderer	Asteroid Guristas Commander Cruiser	Entity
23940	Vagrant Nihilist	Asteroid Guristas Destroyer	Entity
23941	Vagrant Anarchist	Asteroid Guristas Destroyer	Entity
23942	Desperado Nihilist	Asteroid Guristas Commander Destroyer	Entity
23943	Desperado Anarchist	Asteroid Guristas Commander Destroyer	Entity
23951	Aradim Arachnan	Storyline Mission Cruiser	Entity
23952	Karo Zulak's Bestower	Destructible Agents In Space	Entity
23955	Thukker Mercenary Fighter	Mission Thukker Frigate	Entity
23956	Thukker Mercenary Captain	Mission Thukker Cruiser	Entity
23957	Thukker Mercenary Eliminator	Mission Thukker Cruiser	Entity
23958	Thukker Mercenary Rookie	Mission Thukker Frigate	Entity
23959	Thukker Mercenary Elite Fighter	Mission Thukker Frigate	Entity
23960	Sentry Station Alpha/Beta	Deadspace Overseer's Structure	Entity
23963	Stargate Gallente 1	Large Collidable Structure	Entity
23964	Blood Kernel	Deadspace Overseer's Structure	Entity
23965	Blood Raider Foreman	Storyline Mission Cruiser	Entity
23969	Gistior Shatterer	Deadspace Angel Cartel Destroyer	Entity
23970	Corpior Visionary	Deadspace Blood Raiders Destroyer	Entity
23971	Pithior Nihilist	Deadspace Guristas Destroyer	Entity
23972	Centior Misshape	Deadspace Sansha's Nation Destroyer	Entity
23973	Corelior Trooper	Deadspace Serpentis Destroyer	Entity
23974	Gistior Defacer	Deadspace Angel Cartel Destroyer	Entity
23975	Gistior Haunter	Deadspace Angel Cartel Destroyer	Entity
23976	Gistior Defiler	Deadspace Angel Cartel Destroyer	Entity
23977	Gistior Seizer	Deadspace Angel Cartel Destroyer	Entity
23978	Gistior Trasher	Deadspace Angel Cartel Destroyer	Entity
23979	Corpior Converter	Deadspace Blood Raiders Destroyer	Entity
23980	Corpior Templar	Deadspace Blood Raiders Destroyer	Entity
23981	Corpior Devoter	Deadspace Blood Raiders Destroyer	Entity
23982	Corpior Friar	Deadspace Blood Raiders Destroyer	Entity
23983	Corpior Cleric	Deadspace Blood Raiders Destroyer	Entity
23984	Pithior Anarchist	Deadspace Guristas Destroyer	Entity
23985	Pithior Renegade	Deadspace Guristas Destroyer	Entity
23986	Pithior Guerilla	Deadspace Guristas Destroyer	Entity
23987	Pithior Terrorist	Deadspace Guristas Destroyer	Entity
23988	Pithior Supremacist	Deadspace Guristas Destroyer	Entity
23989	Centior Cannibal	Deadspace Sansha's Nation Destroyer	Entity
23990	Centior Devourer	Deadspace Sansha's Nation Destroyer	Entity
23991	Centior Abomination	Deadspace Sansha's Nation Destroyer	Entity
23992	Centior Monster	Deadspace Sansha's Nation Destroyer	Entity
23993	Centior Horror	Deadspace Sansha's Nation Destroyer	Entity
23994	Corelior Soldier	Deadspace Serpentis Destroyer	Entity
23995	Corelior Infantry	Deadspace Serpentis Destroyer	Entity
23996	Corelior Sentinel	Deadspace Serpentis Destroyer	Entity
23997	Corelior Cannoneer	Deadspace Serpentis Destroyer	Entity
23998	Corelior Artillery	Deadspace Serpentis Destroyer	Entity
23999	Gistatis Legionnaire	Deadspace Angel Cartel BattleCruiser	Entity
24000	Corpatis Bishop	Deadspace Blood Raiders BattleCruiser	Entity
24001	Pithatis Executor	Deadspace Guristas BattleCruiser	Entity
24002	Centatis Phantasm	Deadspace Sansha's Nation BattleCruiser	Entity
24003	Corelatis Wing Leader	Deadspace Serpentis BattleCruiser	Entity
24004	Gistatis Primus	Deadspace Angel Cartel BattleCruiser	Entity
24005	Gistatis Tribuni	Deadspace Angel Cartel BattleCruiser	Entity
24006	Gistatis Praefectus	Deadspace Angel Cartel BattleCruiser	Entity
24007	Gistatis Tribunus	Deadspace Angel Cartel BattleCruiser	Entity
24008	Gistatis Legatus	Deadspace Angel Cartel BattleCruiser	Entity
24009	Corpatis Seer	Deadspace Blood Raiders BattleCruiser	Entity
24010	Corpatis Shade	Deadspace Blood Raiders BattleCruiser	Entity
24011	Corpatis Fanatic	Deadspace Blood Raiders BattleCruiser	Entity
24012	Corpatis Phantom	Deadspace Blood Raiders BattleCruiser	Entity
24013	Corpatis Exorcist	Deadspace Blood Raiders BattleCruiser	Entity
24014	Pithatis Enforcer	Deadspace Guristas BattleCruiser	Entity
24015	Pithatis Assaulter	Deadspace Guristas BattleCruiser	Entity
24016	Pithatis Assassin	Deadspace Guristas BattleCruiser	Entity
24017	Pithatis Death Dealer	Deadspace Guristas BattleCruiser	Entity
24018	Pithatis Revolter	Deadspace Guristas BattleCruiser	Entity
24019	Centatis Specter	Deadspace Sansha's Nation BattleCruiser	Entity
24020	Centatis Wraith	Deadspace Sansha's Nation BattleCruiser	Entity
24021	Centatis Devil	Deadspace Sansha's Nation BattleCruiser	Entity
24022	Centatis Daemon	Deadspace Sansha's Nation BattleCruiser	Entity
24023	Centatis Behemoth	Deadspace Sansha's Nation BattleCruiser	Entity
24024	Corelatis Squad Leader	Deadspace Serpentis BattleCruiser	Entity
24025	Corelatis Platoon Leader	Deadspace Serpentis BattleCruiser	Entity
24026	Corelatis Captain	Deadspace Serpentis BattleCruiser	Entity
24027	Corelatis Captain Sentry	Deadspace Serpentis BattleCruiser	Entity
24028	Corelatis High Captain	Deadspace Serpentis BattleCruiser	Entity
24033	Arch Gistii Ruffian	Deadspace Angel Cartel Frigate	Entity
24034	Arch Gistii Nomad	Deadspace Angel Cartel Frigate	Entity
24035	Arch Gistii Ambusher	Deadspace Angel Cartel Frigate	Entity
24036	Arch Gistii Raider	Deadspace Angel Cartel Frigate	Entity
24037	Arch Gistii Hunter	Deadspace Angel Cartel Frigate	Entity
24038	Arch Gistii Impaler	Deadspace Angel Cartel Frigate	Entity
24039	Elder Corpii Seeker	Deadspace Blood Raiders Frigate	Entity
24040	Elder Corpii Collector	Deadspace Blood Raiders Frigate	Entity
24041	Elder Corpii Raider	Deadspace Blood Raiders Frigate	Entity
24042	Elder Corpii Diviner	Deadspace Blood Raiders Frigate	Entity
24043	Elder Corpii Reaver	Deadspace Blood Raiders Frigate	Entity
24044	Elder Corpii Engraver	Deadspace Blood Raiders Frigate	Entity
24045	Dire Pithi Despoiler	Deadspace Guristas Frigate	Entity
24046	Dire Pithi Saboteur	Deadspace Guristas Frigate	Entity
24047	Dire Pithi Plunderer	Deadspace Guristas Frigate	Entity
24048	Dire Pithi Wrecker	Deadspace Guristas Frigate	Entity
24049	Dire Pithi Destructor	Deadspace Guristas Frigate	Entity
24050	Dire Pithi Demolisher	Deadspace Guristas Frigate	Entity
24051	Centii Loyal Savage	Deadspace Sansha's Nation Frigate	Entity
24052	Centii Loyal Slavehunter	Deadspace Sansha's Nation Frigate	Entity
24053	Centii Loyal Enslaver	Deadspace Sansha's Nation Frigate	Entity
24054	Centii Loyal Plague	Deadspace Sansha's Nation Frigate	Entity
24055	Centii Loyal Manslayer	Deadspace Sansha's Nation Frigate	Entity
24056	Centii Loyal Butcher	Deadspace Sansha's Nation Frigate	Entity
24057	Coreli Guardian Watchman	Deadspace Serpentis Frigate	Entity
24058	Coreli Guardian Patroller	Deadspace Serpentis Frigate	Entity
24059	Coreli Guardian Guard	Deadspace Serpentis Frigate	Entity
24060	Coreli Guardian Safeguard	Deadspace Serpentis Frigate	Entity
24061	Coreli Guardian Defender	Deadspace Serpentis Frigate	Entity
24062	Coreli Guardian Protector	Deadspace Serpentis Frigate	Entity
24063	Corelum Chief Infantry	Deadspace Serpentis Cruiser	Entity
24064	Corelum Chief Sentinel	Deadspace Serpentis Cruiser	Entity
24065	Corelum Guardian Chief Scout	Deadspace Serpentis Cruiser	Entity
24066	Corelum Guardian Chief Spy	Deadspace Serpentis Cruiser	Entity
24067	Corelum Guardian Chief Watchman	Deadspace Serpentis Cruiser	Entity
24068	Corelum Guardian Chief Patroller	Deadspace Serpentis Cruiser	Entity
24069	Corelum Guardian Chief Guard	Deadspace Serpentis Cruiser	Entity
24070	Corelum Guardian Chief SafeGuard	Deadspace Serpentis Cruiser	Entity
24071	Corelum Guardian Chief Defender	Deadspace Serpentis Cruiser	Entity
24072	Corelum Guardian Chief Protector	Deadspace Serpentis Cruiser	Entity
24073	Corelum Guardian Chief Infantry	Deadspace Serpentis Cruiser	Entity
24074	Corelum Guardian Chief Sentinel	Deadspace Serpentis Cruiser	Entity
24075	Centum Fiend	Deadspace Sansha's Nation Cruiser	Entity
24076	Centum Hellhound	Deadspace Sansha's Nation Cruiser	Entity
24077	Centum Loyal Ravisher	Deadspace Sansha's Nation Cruiser	Entity
24078	Centum Loyal Ravager	Deadspace Sansha's Nation Cruiser	Entity
24079	Centum Loyal Beast	Deadspace Sansha's Nation Cruiser	Entity
24080	Centum Loyal Juggernaut	Deadspace Sansha's Nation Cruiser	Entity
24081	Centum Loyal Slaughterer	Deadspace Sansha's Nation Cruiser	Entity
24082	Centum Loyal Execrator	Deadspace Sansha's Nation Cruiser	Entity
24083	Centum Loyal Mutilator	Deadspace Sansha's Nation Cruiser	Entity
24084	Centum Loyal Torturer	Deadspace Sansha's Nation Cruiser	Entity
24085	Centum Loyal Fiend	Deadspace Sansha's Nation Cruiser	Entity
24086	Centum Loyal Hellhound	Deadspace Sansha's Nation Cruiser	Entity
24087	Pithum Eraser	Deadspace Guristas Cruiser	Entity
24088	Pithum Abolisher	Deadspace Guristas Cruiser	Entity
24089	Dire Pithum Silencer	Deadspace Guristas Cruiser	Entity
24090	Dire Pithum Ascriber	Deadspace Guristas Cruiser	Entity
24091	Dire Pithum Killer	Deadspace Guristas Cruiser	Entity
24092	Dire Pithum Murderer	Deadspace Guristas Cruiser	Entity
24093	Dire Pithum Annihilator	Deadspace Guristas Cruiser	Entity
24094	Dire Pithum Nullifier	Deadspace Guristas Cruiser	Entity
24095	Dire Pithum Mortifier	Deadspace Guristas Cruiser	Entity
24096	Dire Pithum Inferno	Deadspace Guristas Cruiser	Entity
24097	Dire Pithum Eraser	Deadspace Guristas Cruiser	Entity
24098	Dire Pithum Abolisher	Deadspace Guristas Cruiser	Entity
24099	Corpum Shadow Sage	Deadspace Blood Raiders Cruiser	Entity
24100	Corpum Dark Priest	Deadspace Blood Raiders Cruiser	Entity
24101	Elder Corpum Arch Reaver	Deadspace Blood Raiders Cruiser	Entity
24102	Elder Corpum Arch Engraver	Deadspace Blood Raiders Cruiser	Entity
24103	Elder Corpum Arch Templar	Deadspace Blood Raiders Cruiser	Entity
24104	Elder Corpum Revenant	Deadspace Blood Raiders Cruiser	Entity
24105	Elder Corpum Sage	Deadspace Blood Raiders Cruiser	Entity
24106	Elder Corpum Priest	Deadspace Blood Raiders Cruiser	Entity
24107	Elder Corpum Arch Sage	Deadspace Blood Raiders Cruiser	Entity
24108	Elder Corpum Arch Priest	Deadspace Blood Raiders Cruiser	Entity
24109	Elder Corpum Shadow Sage	Deadspace Blood Raiders Cruiser	Entity
24110	Elder Corpum Dark Priest	Deadspace Blood Raiders Cruiser	Entity
24111	Gistum Phalanx	Deadspace Angel Cartel Cruiser	Entity
24112	Gistum Centurion	Deadspace Angel Cartel Cruiser	Entity
24113	Arch Gistum Depredator	Deadspace Angel Cartel Cruiser	Entity
24114	Arch Gistum Predator	Deadspace Angel Cartel Cruiser	Entity
24115	Arch Gistum Smasher	Deadspace Angel Cartel Cruiser	Entity
24116	Arch Gistum Crusher	Deadspace Angel Cartel Cruiser	Entity
24117	Arch Gistum Breaker	Deadspace Angel Cartel Cruiser	Entity
24118	Arch Gistum Defeater	Deadspace Angel Cartel Cruiser	Entity
24119	Arch Gistum Marauder	Deadspace Angel Cartel Cruiser	Entity
24120	Arch Gistum Liquidator	Deadspace Angel Cartel Cruiser	Entity
24121	Arch Gistum Phalanx	Deadspace Angel Cartel Cruiser	Entity
24122	Arch Gistum Centurion	Deadspace Angel Cartel Cruiser	Entity
24124	Laser-Pistol Stash	Spawn Container	Entity
24125	Gist Saint	Deadspace Angel Cartel Battleship	Entity
24126	Gist Nephilim	Deadspace Angel Cartel Battleship	Entity
24127	Gist Malakim	Deadspace Angel Cartel Battleship	Entity
24128	Gist Throne	Deadspace Angel Cartel Battleship	Entity
24129	Gist Cherubim	Deadspace Angel Cartel Battleship	Entity
24130	Gist Seraphim	Deadspace Angel Cartel Battleship	Entity
24131	Gist Domination Malakim	Deadspace Angel Cartel Battleship	Entity
24132	Gist Domination Throne	Deadspace Angel Cartel Battleship	Entity
24133	Gist Domination Cherubim	Deadspace Angel Cartel Battleship	Entity
24134	Gist Domination Seraphim	Deadspace Angel Cartel Battleship	Entity
24135	Corpus Archbishop	Deadspace Blood Raiders Battleship	Entity
24136	Corpus Harbinger	Deadspace Blood Raiders Battleship	Entity
24137	Corpus Monsignor	Deadspace Blood Raiders Battleship	Entity
24138	Corpus Cardinal	Deadspace Blood Raiders Battleship	Entity
24139	Corpus Patriarch	Deadspace Blood Raiders Battleship	Entity
24140	Corpus Pope	Deadspace Blood Raiders Battleship	Entity
24141	Dark Corpus Monsignor	Deadspace Blood Raiders Battleship	Entity
24142	Dark Corpus Cardinal	Deadspace Blood Raiders Battleship	Entity
24143	Dark Corpus Patriarch	Deadspace Blood Raiders Battleship	Entity
24144	Dark Corpus Pope	Deadspace Blood Raiders Battleship	Entity
24145	Pith Eliminator	Deadspace Guristas Battleship	Entity
24146	Pith Exterminator	Deadspace Guristas Battleship	Entity
24147	Pith Destroyer	Deadspace Guristas Battleship	Entity
24148	Pith Conquistador	Deadspace Guristas Battleship	Entity
24149	Pith Massacrer	Deadspace Guristas Battleship	Entity
24150	Pith Usurper	Deadspace Guristas Battleship	Entity
24151	Dread Pith Destroyer	Deadspace Guristas Battleship	Entity
24152	Dread Pith Conquistador	Deadspace Guristas Battleship	Entity
24153	Dread Pith Massacrer	Deadspace Guristas Battleship	Entity
24154	Dread Pith Usurper	Deadspace Guristas Battleship	Entity
24155	Centus Plague Lord	Deadspace Sansha's Nation Battleship	Entity
24156	Centus Beast Lord	Deadspace Sansha's Nation Battleship	Entity
24157	Centus Overlord	Deadspace Sansha's Nation Battleship	Entity
24158	Centus Dark Lord	Deadspace Sansha's Nation Battleship	Entity
24159	Centus Dread Lord	Deadspace Sansha's Nation Battleship	Entity
24160	Centus Tyrant	Deadspace Sansha's Nation Battleship	Entity
24161	True Centus Overlord	Deadspace Sansha's Nation Battleship	Entity
24162	True Centus Dark Lord	Deadspace Sansha's Nation Battleship	Entity
24163	True Centus Dread Lord	Deadspace Sansha's Nation Battleship	Entity
24164	True Centus Tyrant	Deadspace Sansha's Nation Battleship	Entity
24165	Core Flotilla Admiral	Deadspace Serpentis Battleship	Entity
24166	Core Vice Admiral	Deadspace Serpentis Battleship	Entity
24167	Core Admiral	Deadspace Serpentis Battleship	Entity
24168	Core High Admiral	Deadspace Serpentis Battleship	Entity
24169	Core Grand Admiral	Deadspace Serpentis Battleship	Entity
24170	Core Lord Admiral	Deadspace Serpentis Battleship	Entity
24171	Shadow Core Admiral	Deadspace Serpentis Battleship	Entity
24172	Shadow Core High Admiral	Deadspace Serpentis Battleship	Entity
24173	Shadow Core Grand Admiral	Deadspace Serpentis Battleship	Entity
24174	Shadow Core Lord Admiral	Deadspace Serpentis Battleship	Entity
24175	Gistatis Domination Legionnaire	Deadspace Angel Cartel BattleCruiser	Entity
24176	Gistatis Domination Primus	Deadspace Angel Cartel BattleCruiser	Entity
24177	Gistatis Domination Tribuni	Deadspace Angel Cartel BattleCruiser	Entity
24178	Gistatis Domination Praefectus	Deadspace Angel Cartel BattleCruiser	Entity
24179	Gistatis Domination Tribunus	Deadspace Angel Cartel BattleCruiser	Entity
24180	Gistatis Domination Legatus	Deadspace Angel Cartel BattleCruiser	Entity
24181	Dark Corpatis Bishop	Deadspace Blood Raiders BattleCruiser	Entity
24182	Dark Corpatis Seer	Deadspace Blood Raiders BattleCruiser	Entity
24183	Dark Corpatis Shade	Deadspace Blood Raiders BattleCruiser	Entity
24184	Dark Corpatis Fanatic	Deadspace Blood Raiders BattleCruiser	Entity
24185	Dark Corpatis Phantom	Deadspace Blood Raiders BattleCruiser	Entity
24186	Dark Corpatis Exorcist	Deadspace Blood Raiders BattleCruiser	Entity
24187	Dread Pithatis Executor	Deadspace Guristas BattleCruiser	Entity
24188	Dread Pithatis Enforcer	Deadspace Guristas BattleCruiser	Entity
24189	Dread Pithatis Assaulter	Deadspace Guristas BattleCruiser	Entity
24190	Dread Pithatis Assassin	Deadspace Guristas BattleCruiser	Entity
24191	Dread Pithatis Death Dealer	Deadspace Guristas BattleCruiser	Entity
24192	Dread Pithatis Revolter	Deadspace Guristas BattleCruiser	Entity
24193	True Centatis Phantasm	Deadspace Sansha's Nation BattleCruiser	Entity
24194	True Centatis Specter	Deadspace Sansha's Nation BattleCruiser	Entity
24195	True Centatis Wraith	Deadspace Sansha's Nation BattleCruiser	Entity
24196	True Centatis Devil	Deadspace Sansha's Nation BattleCruiser	Entity
24197	True Centatis Daemon	Deadspace Sansha's Nation BattleCruiser	Entity
24198	True Centatis Behemoth	Deadspace Sansha's Nation BattleCruiser	Entity
24199	Shadow Corelatis Wing Leader	Deadspace Serpentis BattleCruiser	Entity
24200	Shadow Corelatis Squad Leader	Deadspace Serpentis BattleCruiser	Entity
24201	Shadow Corelatis Platoon Leader	Deadspace Serpentis BattleCruiser	Entity
24202	Shadow Corelatis Captain	Deadspace Serpentis BattleCruiser	Entity
24203	Shadow Corelatis Captain Sentry	Deadspace Serpentis BattleCruiser	Entity
24204	Shadow Corelatis High Captain	Deadspace Serpentis BattleCruiser	Entity
24205	Shadow Corelior Trooper	Deadspace Serpentis Destroyer	Entity
24206	Shadow Corelior Soldier	Deadspace Serpentis Destroyer	Entity
24207	Shadow Corelior Infantry	Deadspace Serpentis Destroyer	Entity
24208	Shadow Corelior Sentinel	Deadspace Serpentis Destroyer	Entity
24209	Shadow Corelior Cannoneer	Deadspace Serpentis Destroyer	Entity
24210	Shadow Corelior Artillery	Deadspace Serpentis Destroyer	Entity
24211	True Centior Misshape	Deadspace Sansha's Nation Destroyer	Entity
24212	True Centior Cannibal	Deadspace Sansha's Nation Destroyer	Entity
24213	True Centior Devourer	Deadspace Sansha's Nation Destroyer	Entity
24214	True Centior Abomination	Deadspace Sansha's Nation Destroyer	Entity
24215	True Centior Monster	Deadspace Sansha's Nation Destroyer	Entity
24216	True Centior Horror	Deadspace Sansha's Nation Destroyer	Entity
24217	Dread Pithior Nihilist	Deadspace Guristas Destroyer	Entity
24218	Dread Pithior Anarchist	Deadspace Guristas Destroyer	Entity
24219	Dread Pithior Renegade	Deadspace Guristas Destroyer	Entity
24220	Dread Pithior Guerilla	Deadspace Guristas Destroyer	Entity
24221	Dread Pithior Terrorist	Deadspace Guristas Destroyer	Entity
24222	Dread Pithior Supremacist	Deadspace Guristas Destroyer	Entity
24223	Dark Corpior Visioner	Deadspace Blood Raiders Destroyer	Entity
24224	Dark Corpior Converter	Deadspace Blood Raiders Destroyer	Entity
24225	Dark Corpior Templar	Deadspace Blood Raiders Destroyer	Entity
24226	Dark Corpior Devoter	Deadspace Blood Raiders Destroyer	Entity
24227	Dark Corpior Friar	Deadspace Blood Raiders Destroyer	Entity
24228	Dark Corpior Cleric	Deadspace Blood Raiders Destroyer	Entity
24229	Gistior Domination Shatterer	Deadspace Angel Cartel Destroyer	Entity
24230	Gistior Domination Defacer	Deadspace Angel Cartel Destroyer	Entity
24231	Gistior Domination Haunter	Deadspace Angel Cartel Destroyer	Entity
24232	Gistior Domination Defiler	Deadspace Angel Cartel Destroyer	Entity
24233	Gistior Domination Seizer	Deadspace Angel Cartel Destroyer	Entity
24234	Gistior Domination Trasher	Deadspace Angel Cartel Destroyer	Entity
24237	Blood Factory	Spawn Container	Entity
24243	Altar of the Blessed	Deadspace Overseer's Structure	Entity
24245	Smuggler Stargate	Large Collidable Structure	Entity
24256	Generator Building	Deadspace Overseer's Structure	Entity
24257	Temple of the Revelation	Deadspace Overseer's Structure	Entity
24258	Corpse Dealer	Storyline Mission Frigate	Entity
24259	Corpse Collector	Storyline Mission Frigate	Entity
24260	Archpriest Hakram	Storyline Mission Battleship	Entity
24261	Corpse Harvester	Storyline Mission Cruiser	Entity
24262	Asteroid Station	Deadspace Overseer's Structure	Entity
24265	Thukker Wingman	Faction Drone	Entity
24267	Lord Methros' Outpost	Spawn Container	Entity
24269	Lord Arachnan's Outpost	Spawn Container	Entity
24271	Federation Navy Officer Vexor	Mission Gallente Federation Cruiser	Entity
24279	Strange Drifting Cask	Spawn Container	Entity
24280	Strange Drifting Cask_2	Spawn Container	Entity
24281	Strange Drifting Cask_3	Spawn Container	Entity
24282	New Breed Queen	Storyline Mission Battleship	Entity
24286	Corpum Blood Duke	Storyline Cruiser	Entity
24301	Yamia Mida's Residence	Spawn Container	Entity
24307	Serpentis Surveyor	Storyline Mission Cruiser	Entity
24310	Amarr Citadel	Large Collidable Structure	Entity
24351	Force Repeller Relic	Deadspace Overseer's Structure	Entity
24356	Yan Jung Gargoyle	Deadspace Overseer's Structure	Entity
24361	Crook Spy	Asteroid Serpentis Frigate	Entity
24362	Crook Agent	Asteroid Serpentis Frigate	Entity
24363	Crook Watchman	Asteroid Serpentis Frigate	Entity
24364	Crook Patroller	Asteroid Serpentis Frigate	Entity
24365	Crook Guard	Asteroid Serpentis Frigate	Entity
24366	Crook Safeguard	Asteroid Serpentis Frigate	Entity
24367	Crook Defender	Asteroid Serpentis Frigate	Entity
24368	Crook Protector	Asteroid Serpentis Frigate	Entity
24369	Marauder Spy	Asteroid Serpentis Commander Frigate	Entity
24370	Marauder Agent	Asteroid Serpentis Commander Frigate	Entity
24371	Marauder Watchman	Asteroid Serpentis Commander Frigate	Entity
24372	Marauder Patroller	Asteroid Serpentis Commander Frigate	Entity
24373	Marauder Guard	Asteroid Serpentis Commander Frigate	Entity
24374	Marauder Safeguard	Asteroid Serpentis Commander Frigate	Entity
24375	Marauder Defender	Asteroid Serpentis Commander Frigate	Entity
24376	Marauder Protector	Asteroid Serpentis Commander Frigate	Entity
24377	Mule Harvester	Asteroid Serpentis Hauler	Entity
24378	Mule Gatherer	Asteroid Serpentis Hauler	Entity
24379	Mule Ferrier	Asteroid Serpentis Hauler	Entity
24380	Mule Loader	Asteroid Serpentis Hauler	Entity
24381	Barrow Harvester	Asteroid Blood Raiders Hauler	Entity
24382	Barrow Gatherer	Asteroid Blood Raiders Hauler	Entity
24383	Barrow Ferrier	Asteroid Blood Raiders Hauler	Entity
24384	Barrow Loader	Asteroid Blood Raiders Hauler	Entity
24385	Warrior Collector	Asteroid Blood Raiders Frigate	Entity
24386	Warrior Raider	Asteroid Blood Raiders Frigate	Entity
24387	Warrior Diviner	Asteroid Blood Raiders Frigate	Entity
24388	Warrior Reaver	Asteroid Blood Raiders Frigate	Entity
24389	Warrior Engraver	Asteroid Blood Raiders Frigate	Entity
24390	Sellsword Collector	Asteroid Blood Raiders Commander Frigate	Entity
24391	Sellsword Raider	Asteroid Blood Raiders Commander Frigate	Entity
24392	Sellsword Diviner	Asteroid Blood Raiders Commander Frigate	Entity
24393	Sellsword Reaver	Asteroid Blood Raiders Commander Frigate	Entity
24394	Sellsword Engraver	Asteroid Blood Raiders Commander Frigate	Entity
24407	Warrior Seeker	Asteroid Blood Raiders Frigate	Entity
24408	Sellsword Seeker	Asteroid Blood Raiders Commander Frigate	Entity
24429	Rolette Residence	Spawn Container	Entity
24447	Corpse Stash	Spawn Container	Entity
24452	Gallente Factory	Large Collidable Structure	Entity
24453	Smuggler Stargate Strong	Large Collidable Structure	Entity
24454	Kungizo Eladar	Mission Generic Cruisers	Entity
24455	Tukkito Usa	Mission Generic Cruisers	Entity
24456	Ammatar Battlestation	Large Collidable Structure	Entity
24459	Habitation Module With Encoded Data Chip	Spawn Container	Entity
24464	Trial of Skill	Scatter Container	Entity
24483	Nidhoggur	Carrier	Ship
24565	Stargate - Caldari 1	Large Collidable Structure	Entity
24567	Experimental Laboratory	Laboratory	Starbase
24574	Small Ship Assembly Array	Assembly Array	Starbase
24575	Supercapital Ship Assembly Array	Assembly Array	Starbase
24577	Imperial Armory	Spawn Container	Entity
24579	Core Serpentis Operational Headquarters	Deadspace Overseer's Structure	Entity
24582	The Negotiator	Deadspace Overseer Cruiser	Entity
24583	Arcana Patron	Storyline Mission Battleship	Entity
24584	Wiyrkomi Head Engineer	Deadspace Overseer Cruiser	Entity
24587	Amarr Stargate	Large Collidable Structure	Entity
24588	Station Caldari 4	Large Collidable Structure	Entity
24607	TestScanRadar	Deadspace Sansha's Nation Frigate	Entity
24630	TEST DRAINER	Asteroid Blood Raiders Cruiser	Entity
24646	X-Large Ship Maintenance Array	Ship Maintenance Array	Starbase
24652	Capital Shipyard	Corporate Hangar Array	Starbase
24653	Advanced Small Ship Assembly Array	Assembly Array	Starbase
24654	Medium Ship Assembly Array	Assembly Array	Starbase
24655	Advanced Medium Ship Assembly Array	Assembly Array	Starbase
24656	Capital Ship Assembly Array	Assembly Array	Starbase
24657	Advanced Large Ship Assembly Array	Assembly Array	Starbase
24658	Ammunition Assembly Array	Assembly Array	Starbase
24659	Drone Assembly Array	Assembly Array	Starbase
24660	Component Assembly Array	Assembly Array	Starbase
24661	Ytari Niaga	Storyline Mission Cruiser	Entity
24662	Ratah Niaga	Storyline Mission Battleship	Entity
24670	Starbase Major Assembly Array	Deadspace Overseer's Structure	Entity
24671	Starbase Major Assembly Array	Deadspace Overseer's Structure	Entity
24682	Maphante Guardian	Storyline Battleship	Entity
24683	Maphante Interceptor	Storyline Frigate	Entity
24684	Biochemical Reactor Array	Mobile Reactor	Starbase
24685	Stargate Minmatar 1	Large Collidable Structure	Entity
24688	Rokh	Battleship	Ship
24690	Hyperion	Battleship	Ship
24692	Abaddon	Battleship	Ship
24694	Maelstrom	Battleship	Ship
24696	Harbinger	Combat Battlecruiser	Ship
24698	Drake	Combat Battlecruiser	Ship
24700	Myrmidon	Combat Battlecruiser	Ship
24702	Hurricane	Combat Battlecruiser	Ship
24713	Guristas Stash	Spawn Container	Entity
24716	Station Caldari 6	Large Collidable Structure	Entity
24718	Havatiah Kiin	Mission Generic Frigates	Entity
24721	Warehouse_MISSION2	Spawn Container	Entity
24724	Serpentis Stash	Spawn Container	Entity
24750	Angel Stash_Extrava	Spawn Container	Entity
24751	Storage Silo	Deadspace Overseer's Structure	Entity
24754	A Hired Saboteur	Mission Drone	Entity
24757	Saboteur Mercenary	Mission Generic Frigates	Entity
24759	Dari Akell's Maulus	Mission Generic Frigates	Entity
24761	Blasted Neon Sign_mission	Deadspace Overseer's Structure	Entity
24765	Damaged Heron	Spawn Container	Entity
24767	Guristas Basic Defense Battery	Destructible Sentry Gun	Entity
24768	Gallente Station 7	Large Collidable Structure	Entity
24769	Gallente Station 8	Large Collidable Structure	Entity
24770	Gallente Station 4	Large Collidable Structure	Entity
24771	Overseer's Stash	Deadspace Overseer's Structure	Entity
24772	Deficient Tower Sentry Sansha II	Destructible Sentry Gun	Entity
24777	Republic Radur	Mission Minmatar Republic Frigate	Entity
24779	Republic Skani	Mission Minmatar Republic Frigate	Entity
24781	Republic Otur	Mission Minmatar Republic Frigate	Entity
24784	Republic Kvarm	Mission Minmatar Republic Frigate	Entity
24785	Republic Tribal Gleeda	Mission Minmatar Republic Frigate	Entity
24786	Republic Tribal Baldur	Mission Minmatar Republic Frigate	Entity
24787	Republic Gleeda	Mission Minmatar Republic Frigate	Entity
24790	Republic Baldur	Mission Minmatar Republic Frigate	Entity
24791	Republic Takan	Mission Minmatar Republic Frigate	Entity
24793	Republic Tribal Takan	Mission Minmatar Republic Frigate	Entity
24797	Republic Faxi	Mission Minmatar Republic Destroyer	Entity
24798	Republic Austri	Mission Minmatar Republic Destroyer	Entity
24799	Republic Bormin	Mission Minmatar Republic Destroyer	Entity
24801	Republic Tribal Faxi	Mission Minmatar Republic Destroyer	Entity
24805	Republic Tribal Bormin	Mission Minmatar Republic Destroyer	Entity
24810	Republic Tribal Austri	Mission Minmatar Republic Destroyer	Entity
24811	Chief Republic Isak	Mission Minmatar Republic Frigate	Entity
24812	Chief Republic Iflin	Mission Minmatar Republic Frigate	Entity
24813	Chief Republic Ivan	Mission Minmatar Republic Frigate	Entity
24814	Chief Republic Magni	Mission Minmatar Republic Frigate	Entity
24815	Chief Republic Kvarm	Mission Minmatar Republic Frigate	Entity
24816	Chief Republic Gleeda	Mission Minmatar Republic Frigate	Entity
24817	Chief Republic Baldur	Mission Minmatar Republic Frigate	Entity
24818	Chief Republic Ofeg	Mission Minmatar Republic Frigate	Entity
24819	Chief Republic Hrakt	Mission Minmatar Republic Frigate	Entity
24820	Chief Republic Takan	Mission Minmatar Republic Frigate	Entity
24821	Republic Solon	Mission Minmatar Republic Cruiser	Entity
24823	Republic Ormur	Mission Minmatar Republic Cruiser	Entity
24824	Republic Rodul	Mission Minmatar Republic Cruiser	Entity
24826	Republic Manadis	Mission Minmatar Republic Cruiser	Entity
24828	Republic Jarpur	Mission Minmatar Republic Cruiser	Entity
24830	Republic Tribal Solon	Mission Minmatar Republic Cruiser	Entity
24832	Republic Tribal Ormur	Mission Minmatar Republic Cruiser	Entity
24834	Republic Tribal Rodul	Mission Minmatar Republic Cruiser	Entity
24835	Republic Tribal Manadis	Mission Minmatar Republic Cruiser	Entity
24836	Republic Tribal Jarpur	Mission Minmatar Republic Cruiser	Entity
24843	Republic Nutia	Mission Minmatar Republic Battlecruiser	Entity
24847	Republic Venis	Mission Minmatar Republic Battlecruiser	Entity
24848	Republic Tribal Nutia	Mission Minmatar Republic Battlecruiser	Entity
24851	Republic Norn	Mission Minmatar Republic Battlecruiser	Entity
24855	Republic Tribal Venis	Mission Minmatar Republic Battlecruiser	Entity
24857	Republic Tribal Norn	Mission Minmatar Republic Battlecruiser	Entity
24859	Chief Republic Klaki	Mission Minmatar Republic Cruiser	Entity
24860	Chief Republic Orsin	Mission Minmatar Republic Cruiser	Entity
24861	Chief Republic Pafi	Mission Minmatar Republic Cruiser	Entity
24862	Chief Republic Tenar	Mission Minmatar Republic Cruiser	Entity
24863	Chief Republic Rodul	Mission Minmatar Republic Cruiser	Entity
24864	Chief Republic Manadis	Mission Minmatar Republic Cruiser	Entity
24865	Chief Republic Orka	Mission Minmatar Republic Cruiser	Entity
24866	Chief Republic Jarpur	Mission Minmatar Republic Cruiser	Entity
24867	Republic Pytara	Mission Minmatar Republic Battleship	Entity
24868	Republic Jarl	Mission Minmatar Republic Battleship	Entity
24869	Republic Jotun	Mission Minmatar Republic Battleship	Entity
24870	Republic Sigur	Mission Minmatar Republic Battleship	Entity
24875	Republic Ymir	Mission Minmatar Republic Battleship	Entity
24876	Republic Tribal Pytara	Mission Minmatar Republic Battleship	Entity
24883	Republic Tribal Sigur	Mission Minmatar Republic Battleship	Entity
24884	Republic Tribal Ymir	Mission Minmatar Republic Battleship	Entity
24886	Republic Tribal Jarl	Mission Minmatar Republic Battleship	Entity
24888	Republic Tribal Jotun	Mission Minmatar Republic Battleship	Entity
24891	Imperial Disciple	Mission Amarr Empire Frigate	Entity
24892	Imperial Dopa	Mission Amarr Empire Frigate	Entity
24893	Imperial Haran	Mission Amarr Empire Frigate	Entity
24894	Imperial Iezaz	Mission Amarr Empire Frigate	Entity
24895	Imperial Matendi	Mission Amarr Empire Frigate	Entity
24896	Imperial Nabih	Mission Amarr Empire Frigate	Entity
24897	Imperial Felix_old	Mission Amarr Empire Frigate	Entity
24898	Imperial Sixtus	Mission Amarr Empire Frigate	Entity
24899	Imperial Bahir	Mission Amarr Empire Frigate	Entity
24900	Imperial Templar Forian	Mission Amarr Empire Frigate	Entity
24901	Imperial Forian	Mission Amarr Empire Frigate	Entity
24902	Imperial Sprite	Mission Amarr Empire Frigate	Entity
24903	Imperial Forian_old	Mission Amarr Empire Frigate	Entity
24904	Imperial Paladin	Mission Amarr Empire Frigate	Entity
24905	Imperial Felix	Mission Amarr Empire Frigate	Entity
24906	Imperial Templar Napat	Mission Amarr Empire Frigate	Entity
24907	Imperial Templar Paladin	Mission Amarr Empire Frigate	Entity
24908	Imperial Templar Forian_old	Mission Amarr Empire Frigate	Entity
24909	Imperial Templar Valok	Mission Amarr Empire Frigate	Entity
24910	Imperial Templar Paladin_old	Mission Amarr Empire Frigate	Entity
24911	Imperial Deacon	Mission Amarr Empire Destroyer	Entity
24912	Imperial Exarp	Mission Amarr Empire Destroyer	Entity
24913	Imperial Caius	Mission Amarr Empire Destroyer	Entity
24915	Imperial Crusader	Mission Amarr Empire Destroyer	Entity
24917	Imperial Templar Caius	Mission Amarr Empire Destroyer	Entity
24919	Imperial Templar Crusader	Mission Amarr Empire Destroyer	Entity
24923	Divine Imperial Nabih	Mission Amarr Empire Frigate	Entity
24924	Divine Imperial Felix	Mission Amarr Empire Frigate	Entity
24925	Divine Imperial Imran	Mission Amarr Empire Frigate	Entity
24926	Divine Imperial Sixtus	Mission Amarr Empire Frigate	Entity
24927	Divine Imperial Bahir	Mission Amarr Empire Frigate	Entity
24928	Divine Imperial Napat	Mission Amarr Empire Frigate	Entity
24929	Divine Imperial Sprite	Mission Amarr Empire Frigate	Entity
24930	Divine Imperial Forian	Mission Amarr Empire Frigate	Entity
24931	Divine Imperial Valok	Mission Amarr Empire Frigate	Entity
24932	Divine Imperial Paladin	Mission Amarr Empire Frigate	Entity
24933	Imperial Muzakir	Mission Amarr Empire Cruiser	Entity
24935	Imperial Mathura	Mission Amarr Empire Cruiser	Entity
24938	Imperial Donus	Mission Amarr Empire Cruiser	Entity
24940	Imperial Tamir	Mission Amarr Empire Cruiser	Entity
24941	Imperial Agatho	Mission Amarr Empire Cruiser	Entity
24942	Imperial Templar Muzakir	Mission Amarr Empire Cruiser	Entity
24944	Imperial Templar Mathura	Mission Amarr Empire Cruiser	Entity
24947	Imperial Templar Donus	Mission Amarr Empire Cruiser	Entity
24949	Imperial Templar Tamir	Mission Amarr Empire Cruiser	Entity
24952	Imperial Templar Agatho	Mission Amarr Empire Cruiser	Entity
24956	Imperial Equalizer	Mission Amarr Empire Battlecruiser	Entity
24957	Imperial Avenger	Mission Amarr Empire Battlecruiser	Entity
24958	Imperial Justicar	Mission Amarr Empire Battlecruiser	Entity
24959	Imperial Champion	Mission Amarr Empire Battlecruiser	Entity
24960	Imperial Templar Justicar	Mission Amarr Empire Battlecruiser	Entity
24962	Imperial Templar Champion	Mission Amarr Empire Battlecruiser	Entity
24968	Divine Imperial Wrath	Mission Amarr Empire Cruiser	Entity
24969	Divine Imperial Tamir	Mission Amarr Empire Cruiser	Entity
24970	Divine Imperial Ambrose	Mission Amarr Empire Cruiser	Entity
24971	Divine Imperial Basil	Mission Amarr Empire Cruiser	Entity
24972	Divine Imperial Equalizer	Mission Amarr Empire Cruiser	Entity
24973	Divine Imperial Avenger	Mission Amarr Empire Cruiser	Entity
24974	Divine Imperial Justicar	Mission Amarr Empire Cruiser	Entity
24975	Divine Imperial Champion	Mission Amarr Empire Cruiser	Entity
24976	Imperial Origen	Mission Amarr Empire Battleship	Entity
24977	Imperial Bataivah	Mission Amarr Empire Battleship	Entity
24978	Imperial Tanakh	Mission Amarr Empire Battleship	Entity
24979	Imperial Ultara	Mission Amarr Empire Battleship	Entity
24982	Imperial Dominator	Mission Amarr Empire Battleship	Entity
24983	Imperial Martyr	Mission Amarr Empire Battleship	Entity
24985	Imperial Templar Torah	Mission Amarr Empire Battleship	Entity
24988	Imperial Templar Ultara	Mission Amarr Empire Battleship	Entity
24991	Imperial Templar Dominator	Mission Amarr Empire Battleship	Entity
24992	Imperial Templar Martyr	Mission Amarr Empire Battleship	Entity
24997	State Bo-Hi	Mission Caldari State Frigate	Entity
24999	State Showato	Mission Caldari State Frigate	Entity
25001	State Nagasa	Mission Caldari State Frigate	Entity
25004	State Shinai	Mission Caldari State Frigate	Entity
25007	State Shuriken	Mission Caldari State Frigate	Entity
25008	State Daito	Mission Caldari State Frigate	Entity
25011	State Wakizashi	Mission Caldari State Frigate	Entity
25012	State Katana	Mission Caldari State Frigate	Entity
25013	State Shukuro Shinai	Mission Caldari State Frigate	Entity
25015	State Shukuro Shuriken	Mission Caldari State Frigate	Entity
25020	State Kai Gunto	Mission Caldari State Destroyer	Entity
25021	State Yumi	Mission Caldari State Destroyer	Entity
25022	State Kissaki	Mission Caldari State Destroyer	Entity
25024	State Tsuba	Mission Caldari State Destroyer	Entity
25026	State Shukuro Choji	Mission Caldari State Destroyer	Entity
25028	State Shukuro Kamikazi	Mission Caldari State Destroyer	Entity
25033	Taibu State Shirasaya	Mission Caldari State Frigate	Entity
25034	Taibu State Suriage	Mission Caldari State Frigate	Entity
25035	Taibu State Nagasa	Mission Caldari State Frigate	Entity
25036	Taibu State Shinai	Mission Caldari State Frigate	Entity
25037	Taibu State Shuriken	Mission Caldari State Frigate	Entity
25038	Taibu State Tachi	Mission Caldari State Frigate	Entity
25039	Taibu State Yari	Mission Caldari State Frigate	Entity
25040	Taibu State Daito	Mission Caldari State Frigate	Entity
25041	Taibu State Wakizashi	Mission Caldari State Frigate	Entity
25042	Taibu State Katana	Mission Caldari State Frigate	Entity
25043	State Bushi	Mission Caldari State Cruiser	Entity
25045	State Dogo	Mission Caldari State Cruiser	Entity
25046	State Fudai	Mission Caldari State Cruiser	Entity
25048	State Ashigaru	Mission Caldari State Cruiser	Entity
25050	State Chugen	Mission Caldari State Cruiser	Entity
25052	State Buke	Mission Caldari State Cruiser	Entity
25054	State Shukuro Ashigaru	Mission Caldari State Cruiser	Entity
25056	State Shukuro Chugen	Mission Caldari State Cruiser	Entity
25057	State Shukuro Buke	Mission Caldari State Cruiser	Entity
25058	State Shukuro Ashura	Mission Caldari State Cruiser	Entity
25063	State Kerai	Mission Caldari State Battlecruiser	Entity
25064	State Ronin	Mission Caldari State Battlecruiser	Entity
25065	State Oni	Mission Caldari State Battlecruiser	Entity
25066	State Kanpaku	Mission Caldari State Battlecruiser	Entity
25067	State Shukuro Bajo	Mission Caldari State Battlecruiser	Entity
25069	State Shukuro Samurai	Mission Caldari State Battlecruiser	Entity
25075	Taibu State Tendai	Mission Caldari State Cruiser	Entity
25076	Taibu State Sohei	Mission Caldari State Cruiser	Entity
25077	Taibu State Shugo	Mission Caldari State Cruiser	Entity
25078	Taibu State Daimyo	Mission Caldari State Cruiser	Entity
25079	Taibu State Oni	Mission Caldari State Cruiser	Entity
25080	Taibu State Kanpaku	Mission Caldari State Cruiser	Entity
25081	Taibu State Bajo	Mission Caldari State Cruiser	Entity
25082	Taibu State Samurai	Mission Caldari State Cruiser	Entity
25083	State Tenkyu	Mission Caldari State Battleship	Entity
25084	State Utaisho	Mission Caldari State Battleship	Entity
25085	State Yojimbo	Mission Caldari State Battleship	Entity
25086	State Zen	Mission Caldari State Battleship	Entity
25089	State Oshiro	Mission Caldari State Battleship	Entity
25090	State Shukuro Tenno	Mission Caldari State Battleship	Entity
25092	State Shukuro Taisho	Mission Caldari State Battleship	Entity
25094	State Shukuro Daijo	Mission Caldari State Battleship	Entity
25097	State Shukuro Bishamon	Mission Caldari State Battleship	Entity
25098	State Shukuro Shogun	Mission Caldari State Battleship	Entity
25103	Federation Clavis	Mission Gallente Federation Frigate	Entity
25105	Federation Hastile	Mission Gallente Federation Frigate	Entity
25106	Federation Kontos	Mission Gallente Federation Frigate	Entity
25107	Federation Hoplon	Mission Gallente Federation Frigate	Entity
25110	Federation Manica	Mission Gallente Federation Frigate	Entity
25112	Federation Libertus	Mission Gallente Federation Frigate	Entity
25116	Federation Insidiator	Mission Gallente Federation Frigate	Entity
25117	Federation Praktor Balra	Mission Gallente Federation Frigate	Entity
25118	Federation Praktor Belos	Mission Gallente Federation Frigate	Entity
25120	Federation Praktor Harpago	Mission Gallente Federation Frigate	Entity
25124	Federation Kopis	Mission Gallente Federation Frigate	Entity
25125	Federation Machaira	Mission Gallente Federation Destroyer	Entity
25126	Federation Matara	Mission Gallente Federation Destroyer	Entity
25127	Federation Arcus	Mission Gallente Federation Destroyer	Entity
25129	Federation Pelekus	Mission Gallente Federation Destroyer	Entity
25131	Federation Praktor Phalarica	Mission Gallente Federation Destroyer	Entity
25133	Federation Praktor Machina	Mission Gallente Federation Destroyer	Entity
25137	Elite Federation Lixa	Mission Gallente Federation Frigate	Entity
25138	Elite Federation Lochos	Mission Gallente Federation Frigate	Entity
25139	Elite Federation Manica	Mission Gallente Federation Frigate	Entity
25140	Elite Federation Libertus	Mission Gallente Federation Frigate	Entity
25141	Elite Federation Insidiator	Mission Gallente Federation Frigate	Entity
25142	Elite Federation Matara	Mission Gallente Federation Frigate	Entity
25143	Elite Federation Arcus	Mission Gallente Federation Frigate	Entity
25144	Elite Federation Pelekus	Mission Gallente Federation Frigate	Entity
25145	Elite Federation Phalarica	Mission Gallente Federation Frigate	Entity
25146	Elite Federation Machina	Mission Gallente Federation Frigate	Entity
25147	Federation Loras	Mission Gallente Federation Cruiser	Entity
25149	Federation Hastarius	Mission Gallente Federation Cruiser	Entity
25150	Federation Hastatus	Mission Gallente Federation Cruiser	Entity
25152	Federation Misthios	Mission Gallente Federation Cruiser	Entity
25154	Federation Nauclarius	Mission Gallente Federation Cruiser	Entity
25156	Federation Praktor Hippeus	Mission Gallente Federation Cruiser	Entity
25158	Federation Praktor Ouragos	Mission Gallente Federation Cruiser	Entity
25160	Federation Praktor Optioon	Mission Gallente Federation Cruiser	Entity
25161	Federation Praktor Legionarius	Mission Gallente Federation Cruiser	Entity
25162	Federation Praktor Centurion	Mission Gallente Federation Cruiser	Entity
25167	Federation Pezos	Mission Gallente Federation Battlecruiser	Entity
25168	Federation Praeco	Mission Gallente Federation Battlecruiser	Entity
25169	Federation Calo	Mission Gallente Federation Battlecruiser	Entity
25170	Federation Praktor Bearcus	Mission Gallente Federation Battlecruiser	Entity
25171	Federation Praktor Arx	Mission Gallente Federation Battlecruiser	Entity
25173	Federation Praktor Auxilia	Mission Gallente Federation Battlecruiser	Entity
25179	Elite Federation Calo	Mission Gallente Federation Cruiser	Entity
25180	Elite Federation Bearcus	Mission Gallente Federation Cruiser	Entity
25181	Elite Federation Arx	Mission Gallente Federation Cruiser	Entity
25182	Elite Federation Auxilia	Mission Gallente Federation Cruiser	Entity
25183	Elite Federation Liburna	Mission Gallente Federation Cruiser	Entity
25184	Elite Federation Navis	Mission Gallente Federation Cruiser	Entity
25185	Elite Federation Quadrieris	Mission Gallente Federation Cruiser	Entity
25186	Elite Federation Mentes	Mission Gallente Federation Cruiser	Entity
25187	Federation Triarius	Mission Gallente Federation Battleship	Entity
25188	Federation Xenan	Mission Gallente Federation Battleship	Entity
25189	Federation Helepolis	Mission Gallente Federation Battleship	Entity
25190	Federation Covinus	Mission Gallente Federation Battleship	Entity
25193	Federation Navis Longa	Mission Gallente Federation Battleship	Entity
25194	Federation Praktor Navis Praetoria	Mission Gallente Federation Battleship	Entity
25196	Federation Praktor Hexeris	Mission Gallente Federation Battleship	Entity
25198	Federation Praktor Praeses	Mission Gallente Federation Battleship	Entity
25201	Federation Praktor Phanix	Mission Gallente Federation Battleship	Entity
25202	Federation Praktor Magister	Mission Gallente Federation Battleship	Entity
25215	Apocalypse 125ms 2500m	Pirate Drone	Entity
25255	Damaged Heron_2	Spawn Container	Entity
25270	Biochemical Silo	Silo	Starbase
25271	Catalyst Silo	Silo	Starbase
25280	Hazardous Chemical Silo	Silo	Starbase
25305	Drug Lab	Assembly Array	Starbase
25306	Pithatis Speaker	Deadspace Overseer Cruiser	Entity
25351	Isana Dagin's Machariel	Destructible Agents In Space	Entity
25355	Station Caldari 1	Large Collidable Structure	Entity
25356	Station Caldari 2	Large Collidable Structure	Entity
25357	Station Caldari 3	Large Collidable Structure	Entity
25358	Station Caldari 5	Large Collidable Structure	Entity
25359	Station Caldari Research Outpost	Large Collidable Structure	Entity
25360	Caldari Research Outpost	Deadspace Overseer's Structure	Entity
25363	Static Caracal Navy Issue	Large Collidable Structure	Entity
25365	Oronata Vion's Caracal	Destructible Agents In Space	Entity
25368	Rattlesnake_Airkio Yanjulen	Destructible Agents In Space	Entity
25371	Tomi_Hakiro Caracal	Destructible Agents In Space	Entity
25374	Mutated Drone Parasite	Deadspace Overseer Battleship	Entity
25377	Akkeshu's Storage Facility	Deadspace Overseer's Structure	Entity
25379	Anti-Stabilizer Drone	Deadspace Rogue Drone Battleship	Entity
25384	Shielded Prison Facility	Deadspace Overseer's Structure	Entity
25385	H-2874 Defense Sentinel	Destructible Sentry Gun	Entity
25388	Guristas_Small Armory	Deadspace Overseer's Structure	Entity
25389	Tantima Areki's Raven	Mission Caldari State Battleship	Entity
25392	Knaaninn Aranuri's Rattlesnake	Destructible Agents In Space	Entity
25396	Gue Mouey Vindicator	Destructible Agents In Space	Entity
25397	Tikui's Stash	Spawn Container	Entity
25400	Tikui Makan	Mission Generic Battleships	Entity
25402	Expeditionary Storage Facility	Deadspace Overseer's Structure	Entity
25407	Akkeshu Karuan	Deadspace Overseer Battleship	Entity
25409	Rakka's Rattlesnake	Destructible Agents In Space	Entity
25468	Ship Carcass_2	Spawn Container	Entity
25471	Erakki's Storage Bin	Spawn Container	Entity
25472	Drone Creation Compound	Deadspace Overseer's Sentry	Entity
25523	Nuomo's Scanner	Spawn Container	Entity
25524	Angel Central Command	Deadspace Overseer's Sentry	Entity
25526	Hidden Treasure Chest	Spawn Container	Entity
25528	Guristas Fleet Stronghold	Deadspace Overseer's Sentry	Entity
25531	Dorim Fatimar's Punisher	Destructible Agents In Space	Entity
25532	Reqqa Bratesch's Vengeance	Destructible Agents In Space	Entity
25533	Kushan Horeat's Arbitrator	Destructible Agents In Space	Entity
25534	Ragot Parah's Maller	Destructible Agents In Space	Entity
25535	Nimpor Fatimar's Omen	Destructible Agents In Space	Entity
25537	Damaged Prorator	Spawn Container	Entity
25549	Security Overseer	Deadspace Overseer Battleship	Entity
25552	Blood Raider Bhaalgorn	Large Collidable Structure	Entity
25557	Jamur Fatimar	Mission Amarr Empire Other	Entity
25559	Blood Raider Fleet Stronghold	Deadspace Overseer's Sentry	Entity
25560	Opux Dragoon Yacht	Special Edition Yachts	Ship
25576	Ketta Tomin2	Storyline Mission Cruiser	Entity
25578	Security Maintenance Facility Overseer	Deadspace Overseer Battleship	Entity
25581	Security Mining Facility Overseer	Deadspace Overseer Battleship	Entity
25626	Guristas Annihilation Missile Battery	Destructible Sentry Gun	Entity
25632	Annihilator Drone	Asteroid Rogue Drone Cruiser	Entity
25633	Arachula Drone	Asteroid Rogue Drone Swarm	Entity
25634	Asmodeus Drone	Asteroid Rogue Drone Swarm	Entity
25635	Atomizer Drone	Asteroid Rogue Drone Cruiser	Entity
25636	Barracuda Drone	Asteroid Rogue Drone Frigate	Entity
25637	Beelzebub Drone	Asteroid Rogue Drone Swarm	Entity
25638	Belphegor Drone	Asteroid Rogue Drone Swarm	Entity
25639	Bomber Drone	Asteroid Rogue Drone Cruiser	Entity
25640	Crippler Drone	Asteroid Rogue Drone BattleCruiser	Entity
25641	Decimator Drone	Asteroid Rogue Drone Frigate	Entity
25642	Defeater Drone	Asteroid Rogue Drone BattleCruiser	Entity
25643	Destructor Drone	Asteroid Rogue Drone Cruiser	Entity
25644	Devastator Drone	Asteroid Rogue Drone Cruiser	Entity
25645	Devilfish Drone	Asteroid Rogue Drone Frigate	Entity
25646	Disintegrator Drone	Asteroid Rogue Drone Cruiser	Entity
25647	Dismantler Drone	Asteroid Rogue Drone Destroyer	Entity
25648	Domination Drone	Asteroid Rogue Drone Battleship	Entity
25649	Dragonfly Drone	Asteroid Rogue Drone Swarm	Entity
25650	Drone Controller	Asteroid Rogue Drone Battleship	Entity
25651	Drone Creator	Asteroid Rogue Drone Battleship	Entity
25652	Drone Queen	Asteroid Rogue Drone Battleship	Entity
25653	Drone Ruler	Asteroid Rogue Drone Battleship	Entity
25654	Enforcer Drone	Asteroid Rogue Drone BattleCruiser	Entity
25655	Exterminator Drone	Asteroid Rogue Drone BattleCruiser	Entity
25656	Hunter Drone	Asteroid Rogue Drone Frigate	Entity
25657	Incubus Drone	Asteroid Rogue Drone Swarm	Entity
25658	Infester Drone	Asteroid Rogue Drone Frigate	Entity
25659	Malphas Drone	Asteroid Rogue Drone Swarm	Entity
25660	Mammon Drone	Asteroid Rogue Drone Swarm	Entity
25661	Marauder Drone	Asteroid Rogue Drone Destroyer	Entity
25662	Matriarch Drone	Asteroid Rogue Drone Battleship	Entity
25663	Moth Drone	Asteroid Rogue Drone Swarm	Entity
25664	Nuker Drone	Asteroid Rogue Drone Cruiser	Entity
25665	Patriarch Drone	Asteroid Rogue Drone Battleship	Entity
25666	Predator Drone	Asteroid Rogue Drone Destroyer	Entity
25667	Raider Drone	Asteroid Rogue Drone Frigate	Entity
25668	Render Drone	Asteroid Rogue Drone Frigate	Entity
25669	Ripper Drone	Asteroid Rogue Drone Destroyer	Entity
25670	Scorpionfly Drone	Asteroid Rogue Drone Swarm	Entity
25671	Shatter Drone	Asteroid Rogue Drone Destroyer	Entity
25672	Shredder Drone	Asteroid Rogue Drone Destroyer	Entity
25673	Siege Drone	Asteroid Rogue Drone BattleCruiser	Entity
25674	Silverfish Drone	Asteroid Rogue Drone Frigate	Entity
25675	Spearhead Drone	Asteroid Rogue Drone Battleship	Entity
25676	Splinter Drone	Asteroid Rogue Drone Frigate	Entity
25677	Strain Annihilator Drone	Asteroid Rogue Drone Cruiser	Entity
25678	Strain Atomizer Drone	Asteroid Rogue Drone Cruiser	Entity
25679	Strain Barracuda Drone	Asteroid Rogue Drone Frigate	Entity
25680	Strain Bomber Drone	Asteroid Rogue Drone Cruiser	Entity
25681	Strain Decimator Drone	Asteroid Rogue Drone Frigate	Entity
25682	Strain Destructor Drone	Asteroid Rogue Drone Cruiser	Entity
25683	Strain Devastator Drone	Asteroid Rogue Drone Cruiser	Entity
25684	Strain Devilfish Drone	Asteroid Rogue Drone Frigate	Entity
25685	Strain Disintegrator Drone	Asteroid Rogue Drone Cruiser	Entity
25686	Strain Hunter Drone	Asteroid Rogue Drone Frigate	Entity
25687	Strain Infester Drone	Asteroid Rogue Drone Frigate	Entity
25688	Strain Nuker Drone	Asteroid Rogue Drone Cruiser	Entity
25689	Strain Raider Drone	Asteroid Rogue Drone Frigate	Entity
25690	Strain Render Drone	Asteroid Rogue Drone Frigate	Entity
25691	Strain Silverfish Drone	Asteroid Rogue Drone Frigate	Entity
25692	Strain Splinter Drone	Asteroid Rogue Drone Frigate	Entity
25693	Strain Sunder Drone	Asteroid Rogue Drone Frigate	Entity
25694	Strain Violator Drone	Asteroid Rogue Drone Cruiser	Entity
25695	Strain Viral Infector Drone	Asteroid Rogue Drone Cruiser	Entity
25696	Strain Wrecker Drone	Asteroid Rogue Drone Cruiser	Entity
25697	Striker Drone	Asteroid Rogue Drone BattleCruiser	Entity
25698	Sunder Drone	Asteroid Rogue Drone Frigate	Entity
25699	Supreme Drone Parasite	Asteroid Rogue Drone Battleship	Entity
25700	Swarm Preserver Drone	Asteroid Rogue Drone Battleship	Entity
25701	Tarantula Drone	Asteroid Rogue Drone Swarm	Entity
25702	Termite Drone	Asteroid Rogue Drone Swarm	Entity
25703	Violator Drone	Asteroid Rogue Drone Cruiser	Entity
25704	Viral Infector Drone	Asteroid Rogue Drone Cruiser	Entity
25705	Wrecker Drone	Asteroid Rogue Drone Cruiser	Entity
25706	Tower Sentry Guristas III_buffed	Destructible Sentry Gun	Entity
25717	Guristas War Installation	Deadspace Overseer's Structure	Entity
25725	Stabber LCS	Large Collidable Structure	Entity
25734	Pagera Manton	Deadspace Overseer's Structure	Entity
25735	Ship Wreckage6	Spawn Container	Entity
25805	Outgrowth Strain Mother_00COSMOS	Deadspace Overseer's Sentry	Entity
25806	TEST ATTACKER	Asteroid Guristas Frigate	Entity
25808	TestProphetBlood	Deadspace Overseer Battleship	Entity
25809	Kois City	Deadspace Overseer's Sentry	Entity
25814	Admiral Aurobe Kois	Mission Caldari State Battleship	Entity
25815	AoE SmartBomb Test	Large Collidable Structure	Entity
25816	TEST Triggered Damage Cloud	Temporary Cloud	Entity
25817	TEST Cap Drain Sentry	Destructible Sentry Gun	Entity
25818	Black Jack	Deadspace Overseer Battleship	Entity
25819	Amarr Trade Post	Large Collidable Structure	Entity
25820	Kristjan's Gallente Boss	Mission Gallente Federation Cruiser	Entity
25821	General Storage	Silo	Starbase
25822	Gist_Defender Battleship	Deadspace Angel Cartel Battleship	Entity
25823	Gistii_Defender_Frigate	Deadspace Angel Cartel Frigate	Entity
25824	Pith Defender	Deadspace Guristas Battleship	Entity
25825	Pithi Defender	Deadspace Guristas Frigate	Entity
25826	Minmatar Mining Station	Large Collidable Structure	Entity
25827	Minmatar Station Sentry	Destructible Sentry Gun	Entity
25828	Fortified Drug Lab	Large Collidable Structure	Entity
25829	Angel Chaos Frigate	Large Collidable Ship	Entity
25840	Station Sentry 9F	Destructible Sentry Gun	Entity
25841	Slave Pens	Spawn Container	Entity
25845	Prison_Mission	Spawn Container	Entity
25848	Kalorr Makur	Deadspace Overseer Battleship	Entity
25859	Amarr Battlestation 2	Large Collidable Structure	Entity
25860	Argon Gas Environment_Damage	Temporary Cloud	Entity
25865	Pashan's Battle-Commander	Deadspace Overseer Battleship	Entity
25866	Rakogh Citadel	Deadspace Overseer's Sentry	Entity
25870	Serpentis Procurer	Deadspace Overseer Battleship	Entity
25873	Piran Ketoisa	Deadspace Overseer Battleship	Entity
25877	TestNPC001	Deadspace Overseer Cruiser	Entity
25881	Serpentis Thief	Deadspace Overseer Battleship	Entity
25883	Minmatar Harvester Ship	Mission Minmatar Republic Cruiser	Entity
25884	Shadow Serpentis Thief	Deadspace Overseer Battleship	Entity
25886	Rogue Drone Saboteur	Deadspace Overseer Battleship	Entity
25990	Republic Fleet Keeper	Deadspace Overseer Cruiser	Entity
25991	Guristas Starbase Control Tower_Tough	Large Collidable Structure	Entity
25992	Conquerable Station 3	Large Collidable Structure	Entity
25993	Conquerable Station 2	Large Collidable Structure	Entity
25994	Conquerable Station 1	Large Collidable Structure	Entity
25995	Sansha's Slave Master	Deadspace Overseer Battleship	Entity
26117	Thukker Informant	Deadspace Overseer Cruiser	Entity
26118	Martokar Alash	Deadspace Overseer Battleship	Entity
26119	Abufyr Joek	Deadspace Overseer Battleship	Entity
26121	Amarr Battlestation 3	Large Collidable Structure	Entity
26130	Sansha Infiltrator	Deadspace Overseer Cruiser	Entity
26135	Production Cache	Scatter Container	Entity
26136	Training Cube	Scatter Container	Entity
26137	Research Lab	Scatter Container	Entity
26139	Guristas Sloth	Storyline Mission Battleship	Entity
26142	Rogue Harvesting Vessel	Deadspace Overseer Frigate	Entity
26145	Shipping Crate	Scatter Container	Entity
26146	Com Relay	Scatter Container	Entity
26148	Product Sample Case	Scatter Container	Entity
26149	Test Crate	Scatter Container	Entity
26150	Victim's Stash	Scatter Container	Entity
26151	Component Bin	Scatter Container	Entity
26152	Outbound Freight	Scatter Container	Entity
26153	Demo Kit	Scatter Container	Entity
26154	Gadget Casket	Scatter Container	Entity
26155	Info Matrix	Scatter Container	Entity
26161	Think Tank	Scatter Container	Entity
26162	Restricted Punch Bowl	Scatter Container	Entity
26163	Science Lab	Scatter Container	Entity
26164	Prototype Crate	Scatter Container	Entity
26165	Backup Array	Scatter Container	Entity
26166	Novelty Box	Scatter Container	Entity
26168	Okelle's Pleasure Hub	Deadspace Overseer's Structure	Entity
26212	Complex Supervisor	Storyline Mission Battleship	Entity
26227	Research Overseer	Storyline Mission Battleship	Entity
26240	Weapon's Storage Facility	Large Collidable Structure	Entity
26244	Head Bouncer	Storyline Mission Battleship	Entity
26246	Soul Keeper	Storyline Mission Battleship	Entity
26247	Blood Raider Control Center	Deadspace Overseer's Structure	Entity
26248	Guristas Control Center	Deadspace Overseer's Structure	Entity
26249	Sansha Control Center	Deadspace Overseer's Structure	Entity
26250	Serpentis Control Center	Deadspace Overseer's Structure	Entity
26251	Angel Control Center	Deadspace Overseer's Structure	Entity
26264	Lazron Kamon_	Deadspace Overseer Battleship	Entity
26269	Elite Repair Drone	Deadspace Rogue Drone Cruiser	Entity
26275	Hive mother 2_Complex	Deadspace Overseer's Sentry	Entity
26276	Floating Debris	Scatter Container	Entity
26277	Ancient Ruins	Scatter Container	Entity
26279	Sansha Administrator	Storyline Mission Battleship	Entity
26284	Angel Inspector	Storyline Mission Battleship	Entity
26285	Akkeshu Karuan_2	Storyline Mission Battleship	Entity
26454	Angel Courtesan	Storyline Mission Battleship	Entity
26605	Drone Hold	Spawn Container	Entity
26606	Sansha Deadspace Outpost	Deadspace Overseer's Structure	Entity
26657	Angel Waste	Spawn Container	Entity
26658	Angel Wreck	Spawn Container	Entity
26659	Angel Derelict	Spawn Container	Entity
26660	Angel Hulk	Spawn Container	Entity
26661	Gistii Domination Scavenger	Deadspace Overseer Frigate	Entity
26662	Blood Waste	Spawn Container	Entity
26663	Blood Wreck	Spawn Container	Entity
26664	Blood Derelict	Spawn Container	Entity
26665	Blood Hulk	Spawn Container	Entity
26666	Guristas Waste	Spawn Container	Entity
26667	Guristas Wreck	Spawn Container	Entity
26668	Guristas Derelict	Spawn Container	Entity
26669	Guristas Hulk	Spawn Container	Entity
26670	Sansha Waste	Spawn Container	Entity
26671	Sansha Wreck	Spawn Container	Entity
26672	Sansha Derelict	Spawn Container	Entity
26673	Sansha Hulk	Spawn Container	Entity
26674	Serpentis Waste	Spawn Container	Entity
26675	Serpentis Wreck	Spawn Container	Entity
26676	Serpentis Derelict	Spawn Container	Entity
26677	Serpentis Hulk	Spawn Container	Entity
26678	Gistum Domination Racer	Deadspace Overseer Cruiser	Entity
26679	Gist Domination Murderer	Deadspace Overseer Battleship	Entity
26680	Corpii Monk	Deadspace Overseer Frigate	Entity
26682	Dark Corpum Believer	Deadspace Overseer Cruiser	Entity
26683	Dark Corpus Preacher	Deadspace Overseer Battleship	Entity
26684	Dread Pithi Terminator	Deadspace Overseer Frigate	Entity
26686	Dread Pithum Vindicator	Deadspace Overseer Cruiser	Entity
26687	True Centii Revelator	Deadspace Overseer Frigate	Entity
26688	Shadow Coreli Antagonist	Deadspace Overseer Frigate	Entity
26689	Dread Pith Protagonist	Deadspace Overseer Battleship	Entity
26690	True Centum General	Deadspace Overseer Cruiser	Entity
26691	Shadow Corelum Infantry	Deadspace Overseer Cruiser	Entity
26692	True Centus Preacher	Deadspace Overseer Battleship	Entity
26694	Shadow Grand Admiral	Deadspace Overseer Battleship	Entity
26704	Storage Facility - radioactive stuff and small arms	Large Collidable Structure	Entity
26706	Radioactive Cargo Rig	Large Collidable Structure	Entity
26709	Secret Angel Facility	Destructible Sentry Gun	Entity
26712	Blood Phantom - Ectoplasm	Deadspace Blood Raiders Cruiser	Entity
26714	Blood Factory Overseer	Deadspace Overseer Battleship	Entity
26715	Viral Stash	Spawn Container	Entity
26716	Centus Colony General	Deadspace Overseer Battleship	Entity
26717	Serpentis Prankster	Storyline Frigate	Entity
26718	Serpentis Prankster_2	Storyline Frigate	Entity
26719	Madcat's Stash	Spawn Container	Entity
26720	Starbase Silo	Large Collidable Structure	Entity
26721	Starbase Ultra-Fast Silo	Large Collidable Structure	Entity
26722	Starbase Ship-Maintenance Array	Large Collidable Structure	Entity
26723	Starbase Capital Ship Maintenance Array	Large Collidable Structure	Entity
26724	Starbase Capital Shipyard	Large Collidable Structure	Entity
26725	Starbase Stealth Emitter Array	Large Collidable Structure	Entity
26726	Starbase Mobile Factory	Large Collidable Structure	Entity
26727	Starbase Explosion Dampening Array	Large Collidable Structure	Entity
26728	Starbase Moon Mining Silo	Large Collidable Structure	Entity
26729	Minmatar Starbase Control Tower_Tough_Good Loot	Large Collidable Structure	Entity
26731	Cartel Research Outpost	Deadspace Overseer's Structure	Entity
26732	Amarr Starbase Control Tower_Tough_Good Loot	Large Collidable Structure	Entity
26733	Blood Research Outpost	Deadspace Overseer's Structure	Entity
26734	Caldari Starbase Control Tower_Tough_Good Loot	Large Collidable Structure	Entity
26735	Guristas Research Outpost	Deadspace Overseer's Structure	Entity
26736	Sansha Research Outpost	Deadspace Overseer's Structure	Entity
26737	Tough Gallente Starbase Control Tower	Large Collidable Structure	Entity
26738	Serpentis Research Outpost	Deadspace Overseer's Structure	Entity
26740	Bursar	Large Collidable Structure	Entity
26741	Kaerleiks Bjorn	Storyline Mission Cruiser	Entity
26742	Einhas Malak	Storyline Mission Battleship	Entity
26744	Cura Gigno	Storyline Mission Cruiser	Entity
26745	High Ritualist Padio Atour	Deadspace Overseer Battleship	Entity
26747	Guristas Annihilation Missile Battery_Uber	Destructible Sentry Gun	Entity
26748	Teinei Kuma	Storyline Mission Cruiser	Entity
26749	Terrorist Overlord Inzi Kika	Deadspace Overseer Battleship	Entity
26750	Sansha Miner	Deadspace Sansha's Nation Cruiser	Entity
26751	Fragmented Cathedral I_Under Construction	Large Collidable Structure	Entity
26752	Angel Transport	Deadspace Angel Cartel Cruiser	Entity
26753	chantal testing thingy	Deadspace Overseer Frigate	Entity
26754	Corpus Messiah	Deadspace Blood Raiders Battleship	Entity
26755	Gurista Guerilla Special Acquirement Division Captain	Deadspace Blood Raiders Cruiser	Entity
26756	Gurista Special Acquirement Captain	Deadspace Overseer Cruiser	Entity
26757	Sansha Shipyard Foreman	Deadspace Overseer Battleship	Entity
26758	Serpentis Drug Carrier	Deadspace Overseer Cruiser	Entity
26763	Rogue Drone Logistic Overseer	Deadspace Overseer Cruiser	Entity
26764	Rogue Production Captain	Deadspace Overseer Cruiser	Entity
26765	Hive Overseer	Deadspace Overseer Cruiser	Entity
26766	Hive Logistic Captain	Deadspace Overseer Cruiser	Entity
26767	Dread Guristas Envoy_destroyer	Storyline Mission Frigate	Entity
26768	Colony Captain	Deadspace Overseer Cruiser	Entity
26769	Rogue Drone Liaisons Captain	Deadspace Overseer Battleship	Entity
26770	Independence Queen	Deadspace Overseer Battleship	Entity
26771	Radiant Hive Mother	Deadspace Overseer Battleship	Entity
26772	Hierarchy Hive Queen	Deadspace Overseer Battleship	Entity
26793	Colonial Master Diabolus Maytor	Deadspace Overseer Battleship	Entity
26795	Ours De Soin	Storyline Mission Cruiser	Entity
26796	Privateer Admiral Heysus Sarpati	Deadspace Overseer Battleship	Entity
26797	Black Caesar	Deadspace Overseer Battleship	Entity
26798	Naberius Marquis	Deadspace Overseer Battleship	Entity
26799	Dread Guristas Colonel	Deadspace Overseer Battleship	Entity
26800	Angel Colonel	Deadspace Overseer Battleship	Entity
26801	Shadow Serpentis Colonel	Deadspace Overseer Battleship	Entity
26802	True Sansha's Colonel	Deadspace Overseer Battleship	Entity
26803	Dark Blood Colonel	Deadspace Overseer Battleship	Entity
26806	Haruo Wako	Storyline Mission Battleship	Entity
26807	Jorun 'Red Legs' Greaves	Deadspace Overseer Battleship	Entity
26810	Serpentis Tournament Host	Deadspace Overseer Battleship	Entity
26812	Sepentis Regional Baron Arain Percourt	Deadspace Overseer Battleship	Entity
26818	Serpentis Regional Baron - Arain Percourt	Deadspace Overseer Battleship	Entity
26832	Captain Blood Raven	Deadspace Overseer Battleship	Entity
26833	Serpentis Holder	Deadspace Overseer Battleship	Entity
26840	Raven State Issue	Battleship	Ship
26842	Tempest Tribal Issue	Battleship	Ship
26844	Rubin Sozar	Deadspace Overseer Battleship	Entity
26848	Okelle Alash_	Storyline Mission Battleship	Entity
26849	Tournament Bubble	Mobile Warp Disruptor	Deployable
26853	Drug Lab Crash	Large Collidable Structure	Entity
26854	Drug Lab Exile	Large Collidable Structure	Entity
26855	Drug Lab Mindflood	Large Collidable Structure	Entity
26856	Serpentis Crash Storage Platform	Destructible Sentry Gun	Entity
26857	Serpentis Exile Storage Platform	Destructible Sentry Gun	Entity
26858	Serpentis Mindflood Storage Platform	Destructible Sentry Gun	Entity
26859	Hodura Amaba	Storyline Mission Cruiser	Entity
26862	Jols Eytur	Deadspace Overseer Frigate	Entity
26863	Vlye Cadille	Deadspace Overseer Frigate	Entity
26864	Eha Hidaiki	Deadspace Overseer Frigate	Entity
26865	Gamat Hakoot	Deadspace Overseer Frigate	Entity
26866	Elgur Erinn	Deadspace Overseer Frigate	Entity
26867	Nikmar Eitan	Storyline Mission Cruiser	Entity
26871	Dini Mator	Asteroid Guristas Commander Cruiser	Entity
26878	Kazah Durn	Storyline Mission Cruiser	Entity
26879	Marin Matola	Storyline Mission Cruiser	Entity
26880	Motoh Olin	Storyline Mission Cruiser	Entity
26881	Dark Templar Uthius	Deadspace Overseer Battleship	Entity
26882	Quertah Bleu	Storyline Mission Battleship	Entity
26883	Suard Fish	Storyline Mission Cruiser	Entity
26884	Hakirim Grautur	Storyline Mission Battleship	Entity
26885	Oushii Torun	Storyline Mission Battleship	Entity
26888	Mobile Large Warp Disruptor II	Mobile Warp Disruptor	Deployable
26890	Mobile Medium Warp Disruptor II	Mobile Warp Disruptor	Deployable
26892	Mobile Small Warp Disruptor II	Mobile Warp Disruptor	Deployable
26894	Habitation Module - Breeding Facility	Large Collidable Structure	Entity
26895	Amarrian Breeding Facility	Large Collidable Structure	Entity
26896	Amarr Battlestation_Event	Large Collidable Structure	Entity
26897	Sisters of EVE Aid Station	Large Collidable Structure	Entity
26898	Asteroid Slave Mine	Large Collidable Structure	Entity
26899	Unlicensed Mindclash Arena	Large Collidable Structure	Entity
26900	Broadcast Tower	Large Collidable Structure	Entity
26959	testing group	Mission Generic Battle Cruisers	Entity
26969	Amarr Slaver Ship	Mission Amarr Empire Cruiser	Entity
26970	Amarr Slave Transport Ship	Mission Amarr Empire Cruiser	Entity
26971	Blood Raider Slave Transport Ship	Deadspace Blood Raiders Cruiser	Entity
26973	Domination Wang Chunger	Asteroid Angel Cartel Commander Frigate	Entity
26975	Cargo Warehouse - Crates of Synthetic Oil	Spawn Container	Entity
26976	Cargo Warehouse - Spiced Wine	Spawn Container	Entity
26977	Cargo Warehouse - Crates of Silicate Glass	Spawn Container	Entity
26978	Cargo Warehouse - Quafe Ultra	Spawn Container	Entity
27001	Stolen Imperial Deacon	Mission Amarr Empire Destroyer	Entity
27063	Repair Station	Large Collidable Structure	Entity
27277	Data Storage Device	Scatter Container	Entity
27278	Ancient Ship Structure	Spawn Container	Entity
27279	Flimsy Pirate Base	Deadspace Overseer's Structure	Entity
27280	Angel Basic Defense Battery	Destructible Sentry Gun	Entity
27281	Blood Basic Defense Battery	Destructible Sentry Gun	Entity
27282	Tower Basic Sentry Angel	Destructible Sentry Gun	Entity
27283	Tower Basic Sentry Bloodraider	Destructible Sentry Gun	Entity
27284	Tower Basic Sentry Guristas	Destructible Sentry Gun	Entity
27285	Tower Basic Sentry Serpentis	Destructible Sentry Gun	Entity
27287	Pirate Capsule	Mission Generic Capsules	Entity
27288	Habitation_Module_Container	Spawn Container	Entity
27290	Minmatar Starbase Control Tower_Tough_Good Loot_testing	Large Collidable Structure	Entity
27292	Unstable Particle Acceleration Superstructure	Deadspace Overseer's Structure	Entity
27293	Brute Render Alvi	Deadspace Rogue Drone Frigate	Entity
27295	Angel Resilient Destroyer	Mission Generic Destroyers	Entity
27296	Blood Resilient Destroyer	Mission Generic Destroyers	Entity
27297	Guristas Resilient Destroyer	Mission Generic Destroyers	Entity
27298	Serpentis Resilient Destroyer	Mission Generic Destroyers	Entity
27299	Civilian Amarr Shuttle	Shuttle	Ship
27301	Civilian Caldari Shuttle	Shuttle	Ship
27303	Civilian Gallente Shuttle	Shuttle	Ship
27305	Civilian Minmatar Shuttle	Shuttle	Ship
27308	Abandoned Wreck	Spawn Container	Entity
27530	Blood Control Tower	Control Tower	Starbase
27532	Dark Blood Control Tower	Control Tower	Starbase
27533	Guristas Control Tower	Control Tower	Starbase
27535	Dread Guristas Control Tower	Control Tower	Starbase
27536	Serpentis Control Tower	Control Tower	Starbase
27538	Shadow Control Tower	Control Tower	Starbase
27539	Angel Control Tower	Control Tower	Starbase
27540	Domination Control Tower	Control Tower	Starbase
27542	Serpentis Large Blaster Battery	Mobile Hybrid Sentry	Starbase
27544	Shadow Large Blaster Battery	Mobile Hybrid Sentry	Starbase
27545	Serpentis Large Railgun Battery	Mobile Hybrid Sentry	Starbase
27547	Shadow Large Railgun Battery	Mobile Hybrid Sentry	Starbase
27548	Blood Large Pulse Laser Battery	Mobile Laser Sentry	Starbase
27550	Dark Blood Large Pulse Laser Battery	Mobile Laser Sentry	Starbase
27551	Blood Large Beam Laser Battery	Mobile Laser Sentry	Starbase
27553	Dark Blood Large Beam Laser Battery	Mobile Laser Sentry	Starbase
27554	Angel Large AutoCannon Battery	Mobile Projectile Sentry	Starbase
27556	Domination Large AutoCannon Battery	Mobile Projectile Sentry	Starbase
27557	Angel Large Artillery Battery	Mobile Projectile Sentry	Starbase
27559	Domination Large Artillery Battery	Mobile Projectile Sentry	Starbase
27560	Guristas XL Torpedo Battery	Mobile Missile Sentry	Starbase
27562	Dread Guristas XL Torpedo Battery	Mobile Missile Sentry	Starbase
27563	Serpentis Warp Disruption Battery	Warp Scrambling Battery	Starbase
27565	Shadow Warp Disruption Battery	Warp Scrambling Battery	Starbase
27567	Serpentis Warp Scrambling Battery	Warp Scrambling Battery	Starbase
27569	Shadow Warp Scrambling Battery	Warp Scrambling Battery	Starbase
27570	Angel Stasis Webification Battery	Stasis Webification Battery	Starbase
27573	Domination Stasis Webification Battery	Stasis Webification Battery	Starbase
27574	Guristas Ion Field Projection Battery	Electronic Warfare Battery	Starbase
27576	Dread Guristas Ion Field Projection Battery	Electronic Warfare Battery	Starbase
27577	Guristas Phase Inversion Battery	Electronic Warfare Battery	Starbase
27579	Dread Guristas Phase Inversion Battery	Electronic Warfare Battery	Starbase
27580	Guristas Spatial Destabilization Battery	Electronic Warfare Battery	Starbase
27582	Dread Guristas Spatial Destabilization Battery	Electronic Warfare Battery	Starbase
27583	Guristas White Noise Generation Battery	Electronic Warfare Battery	Starbase
27585	Dread Guristas White Noise Generation Battery	Electronic Warfare Battery	Starbase
27589	Blood Control Tower Medium	Control Tower	Starbase
27591	Dark Blood Control Tower Medium	Control Tower	Starbase
27592	Blood Control Tower Small	Control Tower	Starbase
27594	Dark Blood Control Tower Small	Control Tower	Starbase
27595	Guristas Control Tower Medium	Control Tower	Starbase
27597	Dread Guristas Control Tower Medium	Control Tower	Starbase
27598	Guristas Control Tower Small	Control Tower	Starbase
27600	Dread Guristas Control Tower Small	Control Tower	Starbase
27601	Serpentis Control Tower Medium	Control Tower	Starbase
27603	Shadow Control Tower Medium	Control Tower	Starbase
27604	Serpentis Control Tower Small	Control Tower	Starbase
27606	Shadow Control Tower Small	Control Tower	Starbase
27607	Angel Control Tower Medium	Control Tower	Starbase
27609	Domination Control Tower Medium	Control Tower	Starbase
27610	Angel Control Tower Small	Control Tower	Starbase
27612	Domination Control Tower Small	Control Tower	Starbase
27613	Serpentis Medium Blaster Battery	Mobile Hybrid Sentry	Starbase
27615	Shadow Medium Blaster Battery	Mobile Hybrid Sentry	Starbase
27616	Serpentis Medium Railgun Battery	Mobile Hybrid Sentry	Starbase
27618	Shadow Medium Railgun Battery	Mobile Hybrid Sentry	Starbase
27619	Serpentis Small Blaster Battery	Mobile Hybrid Sentry	Starbase
27621	Shadow Small Blaster Battery	Mobile Hybrid Sentry	Starbase
27622	Serpentis Small Railgun Battery	Mobile Hybrid Sentry	Starbase
27624	Shadow Small Railgun Battery	Mobile Hybrid Sentry	Starbase
27625	Blood Medium Beam Laser Battery	Mobile Laser Sentry	Starbase
27627	Dark Blood Medium Beam Laser Battery	Mobile Laser Sentry	Starbase
27628	Blood Medium Pulse Laser Battery	Mobile Laser Sentry	Starbase
27630	Dark Blood Medium Pulse Laser Battery	Mobile Laser Sentry	Starbase
27631	Blood Small Beam Laser Battery	Mobile Laser Sentry	Starbase
27633	Dark Blood Small Beam Laser Battery	Mobile Laser Sentry	Starbase
27634	Blood Small Pulse Laser Battery	Mobile Laser Sentry	Starbase
27636	Dark Blood Small Pulse Laser Battery	Mobile Laser Sentry	Starbase
27638	Guristas Cruise Missile Battery	Mobile Missile Sentry	Starbase
27640	Dread Guristas Cruise Missile Battery	Mobile Missile Sentry	Starbase
27641	Guristas Torpedo Battery	Mobile Missile Sentry	Starbase
27643	Dread Guristas Torpedo Battery	Mobile Missile Sentry	Starbase
27644	Angel Medium Artillery Battery	Mobile Projectile Sentry	Starbase
27646	Domination Medium Artillery Battery	Mobile Projectile Sentry	Starbase
27647	Angel Medium AutoCannon Battery	Mobile Projectile Sentry	Starbase
27649	Domination Medium AutoCannon Battery	Mobile Projectile Sentry	Starbase
27650	Angel Small Artillery Battery	Mobile Projectile Sentry	Starbase
27652	Domination Small Artillery Battery	Mobile Projectile Sentry	Starbase
27653	Angel Small AutoCannon Battery	Mobile Projectile Sentry	Starbase
27655	Domination Small AutoCannon Battery	Mobile Projectile Sentry	Starbase
27668	Amarr Energy Neutralizer Sentry I	Destructible Sentry Gun	Entity
27669	Amarr Energy Neutralizer Sentry II	Destructible Sentry Gun	Entity
27670	Amarr Energy Neutralizer Sentry III	Destructible Sentry Gun	Entity
27672	Energy Neutralizing Battery	Energy Neutralizing Battery	Starbase
27673	Cynosural Generator Array	Cynosural Generator Array	Starbase
27674	Cynosural System Jammer	Cynosural System Jammer	Starbase
27675	System Scanning Array	Scanner Array	Starbase
27676	Structure Repair Array	Structure Repair Array	Starbase
27717	Imperial Redeemer	Mission Amarr Empire Carrier	Entity
27719	State Izanaki	Mission Caldari State Carrier	Entity
27720	Federation Themis	Mission Gallente Federation Carrier	Entity
27721	Republic Harkal	Mission Minmatar Republic Carrier	Entity
27722	Sentient Alvus Queen	Asteroid Rogue Drone Commander Battleship	Entity
27723	Sentient Alvus Controller	Asteroid Rogue Drone Commander Battleship	Entity
27724	Sentient Alvus Creator	Asteroid Rogue Drone Commander Battleship	Entity
27725	Sentient Alvus Ruler	Asteroid Rogue Drone Commander Battleship	Entity
27726	Sentient Domination Alvus	Asteroid Rogue Drone Commander Battleship	Entity
27727	Sentient Matriarch Alvus	Asteroid Rogue Drone Commander Battleship	Entity
27728	Sentient Patriarch Alvus	Asteroid Rogue Drone Commander Battleship	Entity
27729	Sentient Spearhead Alvus	Asteroid Rogue Drone Commander Battleship	Entity
27730	Sentient Supreme Alvus Parasite	Asteroid Rogue Drone Commander Battleship	Entity
27731	Sentient Swarm Preserver Alvus	Asteroid Rogue Drone Commander Battleship	Entity
27732	Sentient Crippler Alvatis	Asteroid Rogue Drone Commander BattleCruiser	Entity
27733	Sentient Defeater Alvatis	Asteroid Rogue Drone Commander BattleCruiser	Entity
27734	Sentient Enforcer Alvatis	Asteroid Rogue Drone Commander BattleCruiser	Entity
27735	Sentient Exterminator Alvatis	Asteroid Rogue Drone Commander BattleCruiser	Entity
27736	Sentient Siege Alvatis	Asteroid Rogue Drone Commander BattleCruiser	Entity
27737	Sentient Striker Alvatis	Asteroid Rogue Drone Commander BattleCruiser	Entity
27738	Sentient Annihilator Alvum	Asteroid Rogue Drone Commander Cruiser	Entity
27739	Sentient Atomizer Alvum	Asteroid Rogue Drone Commander Cruiser	Entity
27740	Sentient Bomber Alvum	Asteroid Rogue Drone Commander Cruiser	Entity
27741	Sentient Destructor Alvum	Asteroid Rogue Drone Commander Cruiser	Entity
27742	Sentient Devastator Alvum	Asteroid Rogue Drone Commander Cruiser	Entity
27743	Sentient Disintegrator Alvum	Asteroid Rogue Drone Commander Cruiser	Entity
27744	Sentient Nuker Alvum	Asteroid Rogue Drone Commander Cruiser	Entity
27745	Sentient Violator Alvum	Asteroid Rogue Drone Commander Cruiser	Entity
27746	Sentient Viral Infector Alvum	Asteroid Rogue Drone Commander Cruiser	Entity
27747	Sentient Wrecker Alvum	Asteroid Rogue Drone Commander Cruiser	Entity
27748	Sentient Dismantler Alvior	Asteroid Rogue Drone Commander Destroyer	Entity
27749	Sentient Marauder Alvior	Asteroid Rogue Drone Commander Destroyer	Entity
27750	Sentient Predator Alvior	Asteroid Rogue Drone Commander Destroyer	Entity
27751	Sentient Ripper Alvior	Asteroid Rogue Drone Commander Destroyer	Entity
27752	Sentient Shatter Alvior	Asteroid Rogue Drone Commander Destroyer	Entity
27753	Sentient Shredder Alvior	Asteroid Rogue Drone Commander Destroyer	Entity
27754	Sentient Barracuda Alvi	Asteroid Rogue Drone Commander Frigate	Entity
27755	Sentient Decimator Alvi	Asteroid Rogue Drone Commander Frigate	Entity
27756	Sentient Devilfish Alvi	Asteroid Rogue Drone Commander Frigate	Entity
27757	Sentient Hunter Alvi	Asteroid Rogue Drone Commander Frigate	Entity
27758	Sentient Infester Alvi	Asteroid Rogue Drone Commander Frigate	Entity
27759	Sentient Raider Alvi	Asteroid Rogue Drone Commander Frigate	Entity
27760	Sentient Render Alvi	Asteroid Rogue Drone Commander Frigate	Entity
27761	Sentient Silverfish Alvi	Asteroid Rogue Drone Commander Frigate	Entity
27762	Sentient Splinter Alvi	Asteroid Rogue Drone Commander Frigate	Entity
27763	Sentient Sunder Alvi	Asteroid Rogue Drone Commander Frigate	Entity
27765	TEST ICON Amarr Carrier	Destructible Sentry Gun	Entity
27766	Sansha Large Beam Laser Battery	Mobile Laser Sentry	Starbase
27767	Sansha Large Pulse Laser Battery	Mobile Laser Sentry	Starbase
27768	Sansha Medium Beam Laser Battery	Mobile Laser Sentry	Starbase
27769	Sansha Medium Pulse Laser Battery	Mobile Laser Sentry	Starbase
27770	Sansha Small Beam Laser Battery	Mobile Laser Sentry	Starbase
27771	Sansha Small Pulse Laser Battery	Mobile Laser Sentry	Starbase
27772	True Sansha Large Beam Laser Battery	Mobile Laser Sentry	Starbase
27773	True Sansha Large Pulse Laser Battery	Mobile Laser Sentry	Starbase
27774	True Sansha Medium Beam Laser Battery	Mobile Laser Sentry	Starbase
27775	True Sansha Medium Pulse Laser Battery	Mobile Laser Sentry	Starbase
27776	True Sansha Small Beam Laser Battery	Mobile Laser Sentry	Starbase
27777	True Sansha Small Pulse Laser Battery	Mobile Laser Sentry	Starbase
27778	Serpentis Sensor Dampening Battery	Sensor Dampening Battery	Starbase
27779	Shadow Sensor Dampening Battery	Sensor Dampening Battery	Starbase
27780	Sansha Control Tower	Control Tower	Starbase
27782	Sansha Control Tower Medium	Control Tower	Starbase
27784	Sansha Control Tower Small	Control Tower	Starbase
27786	True Sansha Control Tower	Control Tower	Starbase
27788	True Sansha Control Tower Medium	Control Tower	Starbase
27790	True Sansha Control Tower Small	Control Tower	Starbase
27792	Caldari Energy Neutralizer Sentry I	Destructible Sentry Gun	Entity
27793	Caldari Energy Neutralizer Sentry II	Destructible Sentry Gun	Entity
27794	Caldari Energy Neutralizer Sentry III	Destructible Sentry Gun	Entity
27795	Gallente Energy Neutralizer Sentry I	Destructible Sentry Gun	Entity
27796	Gallente Energy Neutralizer Sentry II	Destructible Sentry Gun	Entity
27797	Gallente Energy Neutralizer Sentry III	Destructible Sentry Gun	Entity
27798	Minmatar Energy Neutralizer Sentry I	Destructible Sentry Gun	Entity
27799	Minmatar Energy Neutralizer Sentry II	Destructible Sentry Gun	Entity
27800	Minmatar Energy Neutralizer Sentry III	Destructible Sentry Gun	Entity
27801	Petty Thief	Pirate Drone	Entity
27802	Mission Hacking Can	Spawn Container	Entity
27804	Mission Hacking Can 1	Spawn Container	Entity
27855	Sansha Energy Neutralizing Battery	Energy Neutralizing Battery	Starbase
27856	True Sansha Energy Neutralizing Battery	Energy Neutralizing Battery	Starbase
27857	Blood Energy Neutralizing Battery	Energy Neutralizing Battery	Starbase
27858	Dark Blood Energy Neutralizing Battery	Energy Neutralizing Battery	Starbase
27879	Gallente Station 150k	Large Collidable Structure	Entity
27880	Minmatar Station 150k	Large Collidable Structure	Entity
27881	Caldari Station 150k	Large Collidable Structure	Entity
27882	Amarr Station 150k	Large Collidable Structure	Entity
27897	Jump Bridge	Jump Portal Array	Starbase
27898	Imperial Fighter	Mission Fighter Drone	Entity
27899	State Fighter	Mission Fighter Drone	Entity
27900	Federation Fighter	Mission Fighter Drone	Entity
27901	Republic Fighter	Mission Fighter Drone	Entity
27953	Drone Energy Neutralizer Sentry I	Destructible Sentry Gun	Entity
27954	Drone Energy Neutralizer Sentry II	Destructible Sentry Gun	Entity
27955	Drone Energy Neutralizer Sentry III	Destructible Sentry Gun	Entity
27956	Drone Stasis Tower	Destructible Sentry Gun	Entity
28065	Remote Cloaking Array	Large Collidable Structure	Entity
28136	Drone Battleship Boss lvl5	Deadspace Rogue Drone Battleship	Entity
28138	Citizen Quarters	Spawn Container	Entity
28139	Angel Energy Neutralizer Sentry I	Destructible Sentry Gun	Entity
28140	Blood Energy Neutralizer Sentry I	Destructible Sentry Gun	Entity
28141	Guristas Energy Neutralizer Sentry I	Destructible Sentry Gun	Entity
28142	Sansha Energy Neutralizer Sentry I	Destructible Sentry Gun	Entity
28143	Serpentis Energy Neutralizer Sentry I	Destructible Sentry Gun	Entity
28144	Angel Energy Neutralizer Sentry II	Destructible Sentry Gun	Entity
28145	Blood Energy Neutralizer Sentry II	Destructible Sentry Gun	Entity
28146	Guristas Energy Neutralizer Sentry II	Destructible Sentry Gun	Entity
28147	Sansha Energy Neutralizer Sentry II	Destructible Sentry Gun	Entity
28148	Serpentis Energy Neutralizer Sentry II	Destructible Sentry Gun	Entity
28149	Blood Energy Neutralizer Sentry III	Destructible Sentry Gun	Entity
28150	Angel Energy Neutralizer Sentry III	Destructible Sentry Gun	Entity
28151	Guristas Energy Neutralizer Sentry III	Destructible Sentry Gun	Entity
28152	Sansha Energy Neutralizer Sentry III	Destructible Sentry Gun	Entity
28153	Serpentis Energy Neutralizer Sentry III	Destructible Sentry Gun	Entity
28160	Federation Freighter	Mission Faction Transports	Entity
28161	State Freighter	Mission Faction Transports	Entity
28162	Republic Freighter	Mission Faction Transports	Entity
28163	Imperial Freighter	Mission Faction Transports	Entity
28167	Imperial Templar Judgment	Mission Amarr Empire Battleship	Entity
28168	Imperial Templar Diviner	Mission Amarr Empire Battleship	Entity
28169	Imperial Templar Phalanx	Mission Amarr Empire Battlecruiser	Entity
28170	Imperial Templar Seer	Mission Amarr Empire Battlecruiser	Entity
28171	State Shukuro Nagashin	Mission Caldari State Battleship	Entity
28172	State Shukuro Seki	Mission Caldari State Battlecruiser	Entity
28173	State Shukuro Gassin	Mission Caldari State Battlecruiser	Entity
28174	State Shukuro Turushima	Mission Caldari State Battleship	Entity
28175	Federation Praktor Diablic	Mission Gallente Federation Battlecruiser	Entity
28176	Federation Praktor Erenus	Mission Gallente Federation Battlecruiser	Entity
28177	Federation Praktor Polemo	Mission Gallente Federation Battleship	Entity
28178	Federation Praktor Dionia	Mission Gallente Federation Battleship	Entity
28179	Republic Tribal Caluka	Mission Minmatar Republic Battlecruiser	Entity
28180	Republic Tribal Vorshud	Mission Minmatar Republic Battlecruiser	Entity
28181	Republic Tribal Kinai	Mission Minmatar Republic Battleship	Entity
28182	Republic Tribal Akila	Mission Minmatar Republic Battleship	Entity
28191	Target Painting Battery	Target Painting Battery	Starbase
28197	Heavy Armor Maintenance Bot II	Logistic Drone	Drone
28199	Heavy Shield Maintenance Bot II	Logistic Drone	Drone
28201	Light Armor Maintenance Bot II	Logistic Drone	Drone
28203	Light Shield Maintenance Bot II	Logistic Drone	Drone
28205	Medium Armor Maintenance Bot II	Logistic Drone	Drone
28207	Medium Shield Maintenance Bot II	Logistic Drone	Drone
28209	Warden II	Combat Drone	Drone
28211	Garde II	Combat Drone	Drone
28213	Curator II	Combat Drone	Drone
28215	Bouncer II	Combat Drone	Drone
28224	Mission Hacking Can 2	Spawn Container	Entity
28227	Mining Outpost_event	Large Collidable Structure	Entity
28228	Listening Post_event	Large Collidable Structure	Entity
28234	Fuel Fump_event	Large Collidable Structure	Entity
28235	Supply Depot_event	Large Collidable Structure	Entity
28246	Prison_event	Large Collidable Structure	Entity
28247	Angel Battlestation_event	Large Collidable Structure	Entity
28248	Blood Raider Battlestation_event	Large Collidable Structure	Entity
28249	Gallente Station_event	Large Collidable Structure	Entity
28250	Caldari Station_event	Large Collidable Structure	Entity
28251	Minmatar Station_event	Large Collidable Structure	Entity
28252	Sansha Battlestation_event	Large Collidable Structure	Entity
28254	Guristas Station_event	Large Collidable Structure	Entity
28258	Research Station	Large Collidable Structure	Entity
28259	colins test Hulk	Spawn Container	Entity
28262	'Integrated' Acolyte	Combat Drone	Drone
28264	'Augmented' Acolyte	Combat Drone	Drone
28266	'Integrated' Berserker	Combat Drone	Drone
28268	'Augmented' Berserker	Combat Drone	Drone
28270	'Integrated' Hammerhead	Combat Drone	Drone
28272	'Augmented' Hammerhead	Combat Drone	Drone
28274	'Integrated' Hobgoblin	Combat Drone	Drone
28276	'Augmented' Hobgoblin	Combat Drone	Drone
28278	'Integrated' Hornet	Combat Drone	Drone
28280	'Augmented' Hornet	Combat Drone	Drone
28282	'Integrated' Infiltrator	Combat Drone	Drone
28284	'Augmented' Infiltrator	Combat Drone	Drone
28286	'Integrated' Ogre	Combat Drone	Drone
28288	'Augmented' Ogre	Combat Drone	Drone
28290	'Integrated' Praetor	Combat Drone	Drone
28292	'Augmented' Praetor	Combat Drone	Drone
28294	'Integrated' Valkyrie	Combat Drone	Drone
28296	'Augmented' Valkyrie	Combat Drone	Drone
28298	'Integrated' Vespa	Combat Drone	Drone
28300	'Augmented' Vespa	Combat Drone	Drone
28302	'Integrated' Warrior	Combat Drone	Drone
28304	'Augmented' Warrior	Combat Drone	Drone
28306	'Integrated' Wasp	Combat Drone	Drone
28308	'Augmented' Wasp	Combat Drone	Drone
28314	Reception Center	Silo	Starbase
28315	Holding Pen	Silo	Starbase
28316	Slave Pen	Silo	Starbase
28317	Freedom Hospital	Silo	Starbase
28318	Trauma Treatment Facility	Mobile Reactor	Starbase
28319	Vitoc Injection Center	Mobile Reactor	Starbase
28340	Drug Lab	Large Collidable Structure	Entity
28351	Design Laboratory	Laboratory	Starbase
28352	Rorqual	Capital Industrial Ship	Ship
28506	Drone Commandeered Battleship Deluxe	Deadspace Overseer Battleship	Entity
28507	Swarm Parasite Worker Deluxe	Deadspace Overseer Battleship	Entity
28508	Swarm Defense Battery Deluxe	Deadspace Overseer's Sentry	Entity
28509	Supreme Hive Defender Deluxe	Deadspace Overseer Battleship	Entity
28510	Kuari Strain Mother	Deadspace Overseer's Sentry	Entity
28571	Damaged Sentinel Angel	Destructible Sentry Gun	Entity
28572	Damaged Sentinel Bloodraider	Destructible Sentry Gun	Entity
28573	Damaged Sentinel Sansha	Destructible Sentry Gun	Entity
28574	Damaged Sentinel Serpentis	Destructible Sentry Gun	Entity
28575	Damaged Sentinel Chimera Strain Mother	Destructible Sentry Gun	Entity
28582	Hydrochloric Acid Manufacturing Plant	Large Collidable Structure	Entity
28606	Orca	Industrial Command Ship	Ship
28608	Asteroid Station - 1 - Strong HP	Large Collidable Structure	Entity
28616	Gallentean Laboratory w/scientists	Large Collidable Structure	Entity
28659	Paladin	Marauder	Ship
28661	Kronos	Marauder	Ship
28665	Vargur	Marauder	Ship
28710	Golem	Marauder	Ship
28770	Syndicate Mobile Large Warp Disruptor	Mobile Warp Disruptor	Deployable
28772	Syndicate Mobile Medium Warp Disruptor	Mobile Warp Disruptor	Deployable
28774	Syndicate Mobile Small Warp Disruptor	Mobile Warp Disruptor	Deployable
28823	Damaged Escape Pod	Spawn Container	Entity
28826	Opux Luxury Yacht - Level 1	Mission Generic Cruisers	Entity
28839	Blood Raider Cathedral (weak)	Large Collidable Structure	Entity
28841	Cargo Container - Encoded Data Chip	Spawn Container	Entity
28844	Rhea	Jump Freighter	Ship
28846	Nomad	Jump Freighter	Ship
28848	Anshar	Jump Freighter	Ship
28850	Ark	Jump Freighter	Ship
28852	Ancient Starbase Ruins	Spawn Container	Entity
28854	Communications Tower	Large Collidable Structure	Entity
28859	Cargo Container - Ancient Amarrian Relic	Spawn Container	Entity
28860	Cargo Container - Ishukone Corporate Records	Spawn Container	Entity
28861	Cargo Container - Federation Court Logs	Spawn Container	Entity
28862	Cargo Container - Brutor Tribe Roster	Spawn Container	Entity
28863	Hashi Keptzh	Deadspace Overseer Battleship	Entity
28864	Uehiro Katsen	Deadspace Overseer Battleship	Entity
28871	Angel Narcotics Storage Facility	Spawn Container	Entity
28872	Angel Chemical Laboratory	Spawn Container	Entity
28873	Guristas Narcotics Storage Facility	Spawn Container	Entity
28874	Guristas Chemical Laboratory	Spawn Container	Entity
28875	Serpentis Narcotics Storage Facility	Spawn Container	Entity
28876	Serpentis Chemical Laboratory	Spawn Container	Entity
28877	Sansha Narcotics Storage Facility	Spawn Container	Entity
28878	Blood Raider Chemical Laboratory	Spawn Container	Entity
28881	Metadrones - LM-A-1 - B	Scatter Container	Entity
28882	Metadrones - LM-A-1 - N	Scatter Container	Entity
28883	Metadrones - LMH-A-1 - N	Scatter Container	Entity
28884	Expanded Silo	Silo	Starbase
28885	Wrecked Science Vessel	Spawn Container	Entity
28902	Metadrones - MH-A-1 - B	Scatter Container	Entity
28904	Metadrones - MH-A-1 - F	Scatter Container	Entity
28905	Metadrones - LMH-A-1 - B	Scatter Container	Entity
28906	Metadrones - MH-A-1 - N	Scatter Container	Entity
28907	Metadrones - LMH-A-1 - F	Scatter Container	Entity
28908	Metadrones - LM-C-1 - B	Scatter Container	Entity
28909	Metadrones - LM-C-1 - N	Scatter Container	Entity
28911	Metadrones - MH-C-1 - B	Scatter Container	Entity
28912	Metadrones - MH-C-1 - N	Scatter Container	Entity
28914	Metadrones - LMH-C-1 - B	Scatter Container	Entity
28915	Metadrones - LMH-C-1 - N	Scatter Container	Entity
28917	Metadrones - LM-G-1 - B	Scatter Container	Entity
28918	Metadrones - LM-G-1 - N	Scatter Container	Entity
28920	Metadrones - MH-G-1 - B	Scatter Container	Entity
28921	Metadrones - MH-G-1 - N	Scatter Container	Entity
28923	Metadrones - LMH-G-1 - B	Scatter Container	Entity
28924	Metadrones - LMH-G-1 - N	Scatter Container	Entity
28927	Metadrones - LM-M-1 - B	Scatter Container	Entity
28928	Metadrones - LM-M-1 - N	Scatter Container	Entity
28930	Metadrones - MH-M-1 - B	Scatter Container	Entity
28931	Metadrones - MH-M-1 - N	Scatter Container	Entity
28933	Metadrones - LMH-M-1 - B	Scatter Container	Entity
28934	Metadrones - LMH-M-1 - N	Scatter Container	Entity
28936	Metadrones - LM-A-2 - B	Scatter Container	Entity
28937	Metadrones - LM-A-2 - N	Scatter Container	Entity
28938	Metadrones - LMH-A-2 - F	Scatter Container	Entity
28939	Metadrones - MH-A-2 - B	Scatter Container	Entity
28940	Metadrones - MH-A-2 - N	Scatter Container	Entity
28941	Metadrones - MH-A-2 - F	Scatter Container	Entity
28942	Metadrones - LMH-A-2 - B	Scatter Container	Entity
28943	Metadrones - LMH-A-2 - N	Scatter Container	Entity
28944	Metadrones - LM-A-2 - F	Scatter Container	Entity
28945	Metadrones - LM-C-2 - B	Scatter Container	Entity
28946	Metadrones - LM-C-2 - N	Scatter Container	Entity
28948	Metadrones - MH-C-2 - B	Scatter Container	Entity
28949	Metadrones - MH-C-2 - N	Scatter Container	Entity
28951	Metadrones - LMH-C-2 - B	Scatter Container	Entity
28952	Metadrones - LMH-C-2 - N	Scatter Container	Entity
28954	Metadrones - LM-G-2 - B	Spawn Container	Entity
28955	Metadrones - LM-G-2 - N	Scatter Container	Entity
28957	Metadrones - MH-G-2 - B	Scatter Container	Entity
28958	Metadrones - MH-G-2 - N	Scatter Container	Entity
28960	Metadrones - LMH-G-2 - B	Scatter Container	Entity
28961	Metadrones - LMH-G-2 - N	Scatter Container	Entity
28963	Metadrones - LM-M-2 - B	Spawn Container	Entity
28964	Metadrones - LM-M-2 - N	Scatter Container	Entity
28966	Metadrones - MH-M-2 - B	Scatter Container	Entity
28967	Metadrones - MH-M-2 - N	Scatter Container	Entity
28969	Metadrones - LMH-M-2 - B	Scatter Container	Entity
28970	Metadrones - LMH-M-2 - N	Scatter Container	Entity
28976	Metadrones - LM-C-1 - F	Scatter Container	Entity
28977	Metadrones - LM-G-1 - F	Scatter Container	Entity
28978	Metadrones - LM-M-1 - F	Scatter Container	Entity
28979	Metadrones - LM-C-2 - F	Scatter Container	Entity
28980	Metadrones - LM-G-2 - F	Spawn Container	Entity
28981	Metadrones - LM-M-2 - F	Spawn Container	Entity
28982	Metadrones - LMH-C-1 - F	Scatter Container	Entity
28983	Metadrones - LMH-G-1 - F	Scatter Container	Entity
28984	Metadrones - LMH-M-1 - F	Scatter Container	Entity
28985	Metadrones - LMH-C-2 - F	Scatter Container	Entity
28986	Metadrones - LMH-G-2 - F	Scatter Container	Entity
28987	Metadrones - LMH-M-2 - F	Scatter Container	Entity
28988	Metadrones - MH-C-1 - F	Scatter Container	Entity
28989	Metadrones - MH-G-1 - F	Scatter Container	Entity
28990	Metadrones - MH-M-1 - F	Scatter Container	Entity
28991	Metadrones - MH-C-2 - F	Scatter Container	Entity
28992	Metadrones - MH-G-2 - F	Scatter Container	Entity
28993	Metadrones - MH-M-2 - F	Scatter Container	Entity
28994	Metadrones - LM-A-1 - F	Scatter Container	Entity
28998	Angel Fleet Outpost	Deadspace Overseer's Sentry	Entity
29019	Sagacious Path Fighter	Mission Generic Frigates	Entity
29020	Serpentis Fleet Outpost	Deadspace Overseer's Sentry	Entity
29021	Guristas Fleet Outpost	Deadspace Overseer's Sentry	Entity
29022	Blood Raider Fleet Outpost	Deadspace Overseer's Sentry	Entity
29023	Sansha Fleet Outpost	Deadspace Overseer's Sentry	Entity
29024	Scope Reporter	Mission Generic Cruisers	Entity
29025	Outpost Defender	Mission Fighter Drone	Entity
29031	7th Fleet Mobile Command Post	Large Collidable Structure	Entity
29144	Federation Hauler	Mission Faction Haulers	Entity
29145	Imperial Hauler	Mission Faction Haulers	Entity
29146	Republic Hauler	Mission Faction Haulers	Entity
29147	State Hauler	Mission Faction Haulers	Entity
29149	Stationary Pleasure Yacht	Large Collidable Structure	Entity
29165	Amarr Tactical Relay	Large Collidable Structure	Entity
29166	Amarr Tactical Supply Station	Large Collidable Structure	Entity
29167	Amarr Tactical Command Post	Large Collidable Structure	Entity
29168	Amarr Tactical Support Center	Large Collidable Structure	Entity
29169	Caldari Tactical Command Post	Large Collidable Structure	Entity
29170	Gallente Tactical Command Post	Large Collidable Structure	Entity
29171	Minmatar Tactical Command Post	Large Collidable Structure	Entity
29172	Caldari Tactical Relay	Large Collidable Structure	Entity
29173	Gallente Tactical Relay	Large Collidable Structure	Entity
29174	Minmatar Tactical Relay	Large Collidable Structure	Entity
29175	Caldari Tactical Support Center	Large Collidable Structure	Entity
29176	Gallente Tactical Support Center	Large Collidable Structure	Entity
29177	Minmatar Tactical Support Center	Large Collidable Structure	Entity
29178	Caldari Tactical Supply Station	Large Collidable Structure	Entity
29179	Gallente Tactical Supply Station	Large Collidable Structure	Entity
29180	Minmatar Tactical Supply Station	Large Collidable Structure	Entity
29181	Cargo Container - Tactical Information I	Spawn Container	Entity
29182	Cargo Container - Tactical Information II	Spawn Container	Entity
29183	Cargo Container - Tactical Information III	Spawn Container	Entity
29184	Cargo Container - Tactical Information IV	Spawn Container	Entity
29189	Subspace Beacon	Large Collidable Structure	Entity
29190	Wreck W/ 23 Survivors	Spawn Container	Entity
29200	Athran Agent	Mission Khanid Frigate	Entity
29201	Athran Operative	Mission Khanid Frigate	Entity
29207	10km Amarr Capture Point	Capture Point	Entity
29209	Billboard	Large Collidable Structure	Entity
29212	Suntendi Research Outpost	Spawn Container	Entity
29213	Habitation Module - Scientist Quarters	Spawn Container	Entity
29214	Quarantine Station Ruins	Spawn Container	Entity
29215	Unidentified Spacecraft	Deadspace Rogue Drone Destroyer	Entity
29228	Concord Battleship	Mission CONCORD Battleship	Entity
29230	Cargo Container - Dolls	Spawn Container	Entity
29233	Caldari State Shuttle	Mission Caldari State Other	Entity
29234	Amarr Frigate Vessel	Mission Faction Frigate	Entity
29235	Amarr Cruiser Vessel	Mission Faction Cruiser	Entity
29236	Amarr Battleship Vessel	Mission Faction Battleship	Entity
29237	Caldari Battleship Vessel	Mission Faction Battleship	Entity
29238	Caldari Cruiser Vessel	Mission Faction Cruiser	Entity
29239	Caldari Frigate Vessel	Mission Faction Frigate	Entity
29240	Gallente Battleship Vessel	Mission Faction Battleship	Entity
29241	Gallente Cruiser Vessel	Mission Faction Cruiser	Entity
29242	Gallente Frigate Vessel	Mission Faction Frigate	Entity
29243	Minmatar Battleship Vessel	Mission Faction Battleship	Entity
29244	Minmatar Cruiser Vessel	Mission Faction Cruiser	Entity
29245	Minmatar Frigate Vessel	Mission Faction Frigate	Entity
29248	Magnate	Frigate	Ship
29262	Fuel Depot	Large Collidable Structure	Entity
29266	Apotheosis	Shuttle	Ship
29286	Amarr Infrastructure Hub	FW Infrastructure Hub	Entity
29289	Zainou Biotech Convoy Wreck	Spawn Container	Entity
29290	Imperial Courier	Mission Faction Haulers	Entity
29291	State Courier	Mission Faction Haulers	Entity
29292	Federation Courier	Mission Faction Haulers	Entity
29293	Republic Courier	Mission Faction Haulers	Entity
29301	Caldari Bunker	Large Collidable Structure	Entity
29302	Caldari Infrastructure Hub	FW Infrastructure Hub	Entity
29303	Gallente Infrastructure Hub	FW Infrastructure Hub	Entity
29304	Minmatar Infrastructure Hub	FW Infrastructure Hub	Entity
29310	20km Amarr Capture Point	Capture Point	Entity
29311	30km Amarr Capture Point	Capture Point	Entity
29312	40km Capture Point	Capture Point	Entity
29313	50km Capture Point	Capture Point	Entity
29314	60km Capture Point	Capture Point	Entity
29315	70km Capture Point	Capture Point	Entity
29316	80km Capture Point	Capture Point	Entity
29317	90km Capture Point	Capture Point	Entity
29318	100km Capture Point	Capture Point	Entity
29324	Cargo Container - Broken Mining Equipment	Spawn Container	Entity
29325	Starbase Auxiliary Power Array II	Large Collidable Structure	Entity
29328	Amarr Media Shuttle	Shuttle	Ship
29330	Caldari Media Shuttle	Shuttle	Ship
29332	Gallente Media Shuttle	Shuttle	Ship
29334	Minmatar Media Shuttle	Shuttle	Ship
29336	Scythe Fleet Issue	Cruiser	Ship
29337	Augoror Navy Issue	Cruiser	Ship
29340	Osprey Navy Issue	Cruiser	Ship
29344	Exequror Navy Issue	Cruiser	Ship
29346	Starbase Auxiliary Power Array III	Large Collidable Structure	Entity
29391	Visera Yanala	Large Collidable Structure	Entity
29414	10km Caldari Capture Point	Capture Point	Entity
29415	10km Gallente Capture Point	Capture Point	Entity
29416	10km Minmatar Capture Point	Capture Point	Entity
29418	20km Caldari Capture Point	Capture Point	Entity
29419	20km Gallente Capture Point	Capture Point	Entity
29420	20km Minmatar Capture Point	Capture Point	Entity
29421	30km Caldari Capture Point	Capture Point	Entity
29422	30km Gallente Capture Point	Capture Point	Entity
29423	30km Minmatar Capture Point	Capture Point	Entity
29437	Starbase Auxiliary Power Array I	Large Collidable Structure	Entity
29438	Disabled Badger	Spawn Container	Entity
29445	Cargo Container - Physical Samples	Spawn Container	Entity
29446	Large Container of Explosives	Large Collidable Structure	Entity
29461	Starbase Hangar Tough	Large Collidable Structure	Entity
29466	The Incredible Hulk	Mission Faction Haulers	Entity
29467	Power Generator 250k	Large Collidable Structure	Entity
29468	Shipyard Tough	Large Collidable Structure	Entity
29469	Amarr Starbase Control Tower Tough	Large Collidable Structure	Entity
29532	Cartographer's Quarters	Spawn Container	Entity
29549	Reconnaissance Ship Wreck	Spawn Container	Entity
29608	Radio Telescope - Hacking - Encoded Data Chip	Spawn Container	Entity
29613	Large Ship Assembly Array	Assembly Array	Starbase
29665	Independent Green-Crewed Armageddon	Mission Amarr Empire Battleship	Entity
29667	Independent Green-Crewed Apocalypse	Mission Amarr Empire Battleship	Entity
29671	Independent Green-Crewed Abaddon	Mission Amarr Empire Battleship	Entity
29673	Independent Armageddon	Mission Amarr Empire Battleship	Entity
29674	Independent Apocalypse	Mission Amarr Empire Battleship	Entity
29675	Independent Abaddon	Mission Amarr Empire Battleship	Entity
29676	Independent Veteran Armageddon	Mission Amarr Empire Battleship	Entity
29677	Independent Veteran Apocalypse	Mission Amarr Empire Battleship	Entity
29678	Independent Veteran Abaddon	Mission Amarr Empire Battleship	Entity
29679	Independent Green-Crewed Raven	Mission Caldari State Battleship	Entity
29680	Independent Green-Crewed Rokh	Mission Caldari State Battleship	Entity
29681	Independent Green-Crewed Scorpion	Mission Caldari State Battleship	Entity
29682	Independent Raven	Mission Caldari State Battleship	Entity
29683	Independent Rokh	Mission Caldari State Battleship	Entity
29684	Independent Scorpion	Mission Caldari State Battleship	Entity
29685	Independent Veteran Raven	Mission Caldari State Battleship	Entity
29686	Independent Veteran Rokh	Mission Caldari State Battleship	Entity
29687	Independent Veteran Scorpion	Mission Caldari State Battleship	Entity
29689	Independent Green-Crewed Dominix	Mission Gallente Federation Battleship	Entity
29690	Independent Green-Crewed Hyperion	Mission Gallente Federation Battleship	Entity
29691	Independent Green-Crewed Megathron	Mission Gallente Federation Battleship	Entity
29692	Independent Dominix	Mission Gallente Federation Battleship	Entity
29693	Independent Hyperion	Mission Gallente Federation Battleship	Entity
29694	Independent Megathron	Mission Gallente Federation Battleship	Entity
29695	Independent Veteran Dominix	Mission Gallente Federation Battleship	Entity
29696	Independent Veteran Hyperion	Mission Gallente Federation Battleship	Entity
29697	Independent Veteran Megathron	Mission Gallente Federation Battleship	Entity
29698	Independent Green-Crewed Maelstrom	Mission Minmatar Republic Battleship	Entity
29700	Independent Green-Crewed Tempest	Mission Minmatar Republic Battleship	Entity
29701	Independent Green-Crewed Typhoon	Mission Minmatar Republic Battleship	Entity
29702	Independent Maelstrom	Mission Minmatar Republic Battleship	Entity
29703	Independent Tempest	Mission Minmatar Republic Battleship	Entity
29704	Independent Typhoon	Mission Minmatar Republic Battleship	Entity
29705	Independent Veteran Maelstrom	Mission Minmatar Republic Battleship	Entity
29706	Independent Veteran Tempest	Mission Minmatar Republic Battleship	Entity
29707	Independent Veteran Typhoon	Mission Minmatar Republic Battleship	Entity
29716	Angel Ship Rubble	Spawn Container	Entity
29717	Blood Ship Rubble	Spawn Container	Entity
29718	Guristas Ship Rubble	Spawn Container	Entity
29719	Sansha Ship Rubble	Spawn Container	Entity
29720	Serpentis Ship Rubble	Spawn Container	Entity
29721	Angel Ship Wreck	Spawn Container	Entity
29722	Blood Ship Wreck	Spawn Container	Entity
29723	Guristas Ship Wreck	Spawn Container	Entity
29724	Sansha Ship Wreck	Spawn Container	Entity
29725	Serpentis Ship Wreck	Spawn Container	Entity
29726	Angel Ship Derelict	Spawn Container	Entity
29727	Blood Ship Derelict	Spawn Container	Entity
29728	Guristas Ship Derelict	Spawn Container	Entity
29729	Sansha Ship Derelict	Spawn Container	Entity
29730	Serpentis Ship Derelict	Spawn Container	Entity
29731	Angel Ship Remains	Spawn Container	Entity
29732	Blood Ship Remains	Spawn Container	Entity
29733	Guristas Ship Remains	Spawn Container	Entity
29734	Sansha Ship Remains	Spawn Container	Entity
29735	Serpentis Ship Remains	Spawn Container	Entity
29736	Serpentis Ship Debris	Spawn Container	Entity
29737	Sansha Ship Debris	Spawn Container	Entity
29738	Guristas Ship Debris	Spawn Container	Entity
29739	Blood Ship Debris	Spawn Container	Entity
29740	Angel Ship Debris	Spawn Container	Entity
29741	Angel Ship Waste	Spawn Container	Entity
29742	Blood Ship Waste	Spawn Container	Entity
29743	Guristas Ship Waste	Spawn Container	Entity
29744	Sansha Ship Waste	Spawn Container	Entity
29745	Serpentis Ship Waste	Spawn Container	Entity
29746	Independent Green-Crewed Augoror	Mission Amarr Empire Cruiser	Entity
29747	Independent Green-Crewed Arbitrator	Mission Amarr Empire Cruiser	Entity
29748	Independent Green-Crewed Maller	Mission Amarr Empire Cruiser	Entity
29749	Independent Green-Crewed Omen	Mission Amarr Empire Cruiser	Entity
29753	Independent Arbitrator	Mission Amarr Empire Cruiser	Entity
29754	Independent Augoror	Mission Amarr Empire Cruiser	Entity
29755	Independent Maller	Mission Amarr Empire Cruiser	Entity
29756	Independent Omen	Mission Amarr Empire Cruiser	Entity
29757	Independent Veteran Arbitrator	Mission Amarr Empire Cruiser	Entity
29758	Independent Veteran Augoror	Mission Amarr Empire Cruiser	Entity
29759	Independent Veteran Maller	Mission Amarr Empire Cruiser	Entity
29760	Independent Veteran Omen	Mission Amarr Empire Cruiser	Entity
29761	Independent Green-Crewed Blackbird	Mission Caldari State Cruiser	Entity
29762	Independent Green-Crewed Caracal	Mission Caldari State Cruiser	Entity
29763	Independent Green-Crewed Moa	Mission Caldari State Cruiser	Entity
29764	Independent Green-Crewed Osprey	Mission Caldari State Cruiser	Entity
29765	Independent Blackbird	Mission Caldari State Cruiser	Entity
29766	Independent Caracal	Mission Caldari State Cruiser	Entity
29767	Independent Moa	Mission Caldari State Cruiser	Entity
29768	Independent Osprey	Mission Caldari State Cruiser	Entity
29769	Independent Veteran Blackbird	Mission Caldari State Cruiser	Entity
29770	Independent Veteran Caracal	Mission Caldari State Cruiser	Entity
29771	Independent Veteran Moa	Mission Caldari State Cruiser	Entity
29772	Independent Veteran Osprey	Mission Caldari State Cruiser	Entity
29775	Independent Green-Crewed Exequror	Mission Gallente Federation Cruiser	Entity
29776	Independent Green-Crewed Celestis	Mission Gallente Federation Cruiser	Entity
29777	Independent Green-Crewed Thorax	Mission Gallente Federation Cruiser	Entity
29778	Independent Green-Crewed Vexor	Mission Gallente Federation Cruiser	Entity
29779	Independent Celestis	Mission Gallente Federation Cruiser	Entity
29780	Independent Exequror	Mission Gallente Federation Cruiser	Entity
29781	Independent Thorax	Mission Gallente Federation Cruiser	Entity
29782	Independent Vexor	Mission Gallente Federation Cruiser	Entity
29783	Independent Veteran Celestis	Mission Gallente Federation Cruiser	Entity
29784	Independent Veteran Exequror	Mission Gallente Federation Cruiser	Entity
29785	Independent Veteran Thorax	Mission Gallente Federation Cruiser	Entity
29786	Independent Veteran Vexor	Mission Gallente Federation Cruiser	Entity
29787	Independent Green-Crewed Bellicose	Mission Minmatar Republic Cruiser	Entity
29788	Independent Green-Crewed Rupture	Mission Minmatar Republic Cruiser	Entity
29789	Independent Green-Crewed Scythe	Mission Minmatar Republic Cruiser	Entity
29790	Independent Green-Crewed Stabber	Mission Minmatar Republic Cruiser	Entity
29791	Independent Bellicose	Mission Minmatar Republic Cruiser	Entity
29792	Independent Rupture	Mission Minmatar Republic Cruiser	Entity
29793	Independent Scythe	Mission Minmatar Republic Cruiser	Entity
29794	Independent Stabber	Mission Minmatar Republic Cruiser	Entity
29795	Independent Veteran Bellicose	Mission Minmatar Republic Cruiser	Entity
29796	Independent Veteran Rupture	Mission Minmatar Republic Cruiser	Entity
29797	Independent Veteran Scythe	Mission Minmatar Republic Cruiser	Entity
29798	Independent Veteran Stabber	Mission Minmatar Republic Cruiser	Entity
29804	Independent Green-Crewed Executioner	Mission Amarr Empire Frigate	Entity
29805	Independent Green-Crewed Inquisitor	Mission Amarr Empire Frigate	Entity
29806	Independent Green-Crewed Punisher	Mission Amarr Empire Frigate	Entity
29807	Independent Green-Crewed Crucifier	Mission Amarr Empire Frigate	Entity
29808	Independent Crucifier	Mission Amarr Empire Frigate	Entity
29809	Independent Executioner	Mission Amarr Empire Frigate	Entity
29810	Independent Inquisitor	Mission Amarr Empire Frigate	Entity
29811	Independent Punisher	Mission Amarr Empire Frigate	Entity
29812	Independent Veteran Crucifier	Mission Amarr Empire Frigate	Entity
29813	Independent Veteran Executioner	Mission Amarr Empire Frigate	Entity
29814	Independent Veteran Inquisitor	Mission Amarr Empire Frigate	Entity
29815	Independent Veteran Punisher	Mission Amarr Empire Frigate	Entity
29816	Independent Green-Crewed Griffin	Mission Caldari State Frigate	Entity
29817	Independent Green-Crewed Heron	Mission Caldari State Frigate	Entity
29818	Independent Green-Crewed Kestrel	Mission Caldari State Frigate	Entity
29819	Independent Green-Crewed Merlin	Mission Caldari State Frigate	Entity
29820	Independent Griffin	Mission Caldari State Frigate	Entity
29821	Independent Heron	Mission Caldari State Frigate	Entity
29822	Independent Kestrel	Mission Caldari State Frigate	Entity
29823	Independent Merlin	Mission Caldari State Frigate	Entity
29824	Independent Veteran Griffin	Mission Caldari State Frigate	Entity
29825	Independent Veteran Heron	Mission Caldari State Frigate	Entity
29826	Independent Veteran Kestrel	Mission Caldari State Frigate	Entity
29827	Independent Veteran Merlin	Mission Caldari State Frigate	Entity
29828	Independent Green-Crewed Condor	Mission Caldari State Frigate	Entity
29829	Independent Condor	Mission Caldari State Frigate	Entity
29830	Independent Veteran Condor	Mission Caldari State Frigate	Entity
29831	Independent Green-Crewed Atron	Mission Gallente Federation Frigate	Entity
29859	Independent Green-Crewed Imicus	Mission Gallente Federation Frigate	Entity
29863	Independent Green-Crewed Incursus	Mission Gallente Federation Frigate	Entity
29864	Independent Green-Crewed Maulus	Mission Gallente Federation Frigate	Entity
29865	Independent Green-Crewed Tristan	Mission Gallente Federation Frigate	Entity
29866	Independent Atron	Mission Gallente Federation Frigate	Entity
29867	Independent Imicus	Mission Gallente Federation Frigate	Entity
29868	Independent Incursus	Mission Gallente Federation Frigate	Entity
29869	Independent Maulus	Mission Gallente Federation Frigate	Entity
29870	Independent Tristan	Mission Gallente Federation Frigate	Entity
29871	Independent Veteran Atron	Mission Gallente Federation Frigate	Entity
29872	Independent Veteran Imicus	Mission Gallente Federation Frigate	Entity
29873	Independent Veteran Incursus	Mission Gallente Federation Frigate	Entity
29874	Independent Veteran Maulus	Mission Gallente Federation Frigate	Entity
29875	Independent Veteran Tristan	Mission Gallente Federation Frigate	Entity
29876	Independent Green-Crewed Breacher	Mission Minmatar Republic Frigate	Entity
29878	Independent Green-Crewed Probe	Mission Minmatar Republic Frigate	Entity
29879	Independent Green-Crewed Rifter	Mission Minmatar Republic Frigate	Entity
29881	Independent Green-Crewed Vigil	Mission Minmatar Republic Frigate	Entity
29882	Independent Breacher	Mission Minmatar Republic Frigate	Entity
29883	Independent Probe	Mission Minmatar Republic Frigate	Entity
29884	Independent Rifter	Mission Minmatar Republic Frigate	Entity
29885	Independent Slasher	Mission Minmatar Republic Frigate	Entity
29886	Independent Vigil	Mission Minmatar Republic Frigate	Entity
29887	Independent Veteran Breacher	Mission Minmatar Republic Frigate	Entity
29888	Independent Veteran Probe	Mission Minmatar Republic Frigate	Entity
29889	Independent Veteran Rifter	Mission Minmatar Republic Frigate	Entity
29891	Independent Green-Crewed Slasher	Mission Minmatar Republic Frigate	Entity
29892	Independent Veteran Slasher	Mission Minmatar Republic Frigate	Entity
29893	Independent Veteran Vigil	Mission Minmatar Republic Frigate	Entity
29894	Angel Ship Ruins	Spawn Container	Entity
29895	Blood Ship Ruins	Spawn Container	Entity
29896	Guristas Ship Ruins	Spawn Container	Entity
29897	Sansha Ship Ruins	Spawn Container	Entity
29898	Serpentis Ship Ruins	Spawn Container	Entity
29899	Angel Ship Hulk	Spawn Container	Entity
29900	Blood Ship Hulk	Spawn Container	Entity
29901	Guristas Ship Hulk	Spawn Container	Entity
29902	Sansha Ship Hulk	Spawn Container	Entity
29903	Serpentis Ship Hulk	Spawn Container	Entity
29904	Lieutenant Orien Hakk	Mission Generic Frigates	Entity
29905	Lieutenant Thora Faband	Mission Generic Cruisers	Entity
29906	Captain Artey Vinck	Mission Generic Battleships	Entity
29907	Captain Appakir Tarvia	Mission Generic Battleships	Entity
29908	Lieutenant Kaura Triat	Mission Generic Cruisers	Entity
29909	Lieutenant Tolen Akochi	Mission Generic Frigates	Entity
29910	Captain Saira Katori	Mission Generic Battleships	Entity
29911	Captain Isoryn Ardorele	Mission Generic Battleships	Entity
29912	Lieutenant Asitei Ohkunen	Mission Generic Cruisers	Entity
29913	Lieutenant Sukkenen Fusura	Mission Generic Cruisers	Entity
29914	Lieutenant Rodani Mihra	Mission Generic Frigates	Entity
29915	Lieutenant Onoki Ekala	Mission Generic Frigates	Entity
29916	Captain Scane Essyn	Mission Generic Battleships	Entity
29917	Captain Amiette Barcier	Mission Generic Battleships	Entity
29918	Lieutenant Elois Ottin	Mission Generic Cruisers	Entity
29919	Lieutenant Rayle Melania	Mission Generic Cruisers	Entity
29920	Lieutenant Raute Viriette	Mission Generic Frigates	Entity
29921	Lieutenant Irrie Carlan	Mission Generic Frigates	Entity
29922	Captain Tori Aanai	Mission Generic Battleships	Entity
29923	Lieutenant Onuoto TS-08A	Mission Generic Cruisers	Entity
29924	Lieutenant Onuoto TS-08B	Mission Generic Frigates	Entity
29925	Captain Aneika Sareko	Mission Generic Battleships	Entity
29926	Lieutenant Kannen Sumas	Mission Generic Cruisers	Entity
29927	Lieutenant Anton Rideux	Mission Generic Frigates	Entity
29984	Tengu	Strategic Cruiser	Ship
29986	Legion	Strategic Cruiser	Ship
29988	Proteus	Strategic Cruiser	Ship
29990	Loki	Strategic Cruiser	Ship
30188	Sleepless Patroller	Deadspace Sleeper Sleepless Patroller	Entity
30189	Sleepless Watchman	Deadspace Sleeper Sleepless Patroller	Entity
30190	Sleepless Escort	Deadspace Sleeper Sleepless Patroller	Entity
30191	Sleepless Outguard	Deadspace Sleeper Sleepless Patroller	Entity
30192	Sleepless Defender	Deadspace Sleeper Sleepless Defender	Entity
30193	Sleepless Upholder	Deadspace Sleeper Sleepless Defender	Entity
30194	Sleepless Preserver	Deadspace Sleeper Sleepless Defender	Entity
30195	Sleepless Safeguard	Deadspace Sleeper Sleepless Defender	Entity
30196	Sleepless Sentinel	Deadspace Sleeper Sleepless Sentinel	Entity
30197	Sleepless Keeper	Deadspace Sleeper Sleepless Sentinel	Entity
30198	Sleepless Warden	Deadspace Sleeper Sleepless Sentinel	Entity
30199	Sleepless Guardian	Deadspace Sleeper Sleepless Sentinel	Entity
30200	Awakened Patroller	Deadspace Sleeper Awakened Patroller	Entity
30201	Awakened Watchman	Deadspace Sleeper Awakened Patroller	Entity
30202	Awakened Escort	Deadspace Sleeper Awakened Patroller	Entity
30203	Awakened Defender	Deadspace Sleeper Awakened Defender	Entity
30204	Awakened Upholder	Deadspace Sleeper Awakened Defender	Entity
30205	Awakened Preserver	Deadspace Sleeper Awakened Defender	Entity
30206	Awakened Sentinel	Deadspace Sleeper Awakened Sentinel	Entity
30207	Awakened Keeper	Deadspace Sleeper Awakened Sentinel	Entity
30208	Awakened Warden	Deadspace Sleeper Awakened Sentinel	Entity
30209	Emergent Patroller	Deadspace Sleeper Emergent Patroller	Entity
30210	Emergent Watchman	Deadspace Sleeper Emergent Patroller	Entity
30211	Emergent Escort	Deadspace Sleeper Emergent Patroller	Entity
30212	Emergent Defender	Deadspace Sleeper Emergent Defender	Entity
30213	Emergent Upholder	Deadspace Sleeper Emergent Defender	Entity
30214	Emergent Preserver	Deadspace Sleeper Emergent Defender	Entity
30215	Emergent Sentinel	Deadspace Sleeper Emergent Sentinel	Entity
30216	Emergent Keeper	Deadspace Sleeper Emergent Sentinel	Entity
30217	Emergent Warden	Deadspace Sleeper Emergent Sentinel	Entity
30273	Abandoned Sleeper Enclave	Large Collidable Structure	Entity
30274	Eroded Sleeper Thermoelectric Converter	Large Collidable Structure	Entity
30275	Exposed Sleeper Interlink Hub	Large Collidable Structure	Entity
30276	Crippled Sleeper Preservation Conduit	Large Collidable Structure	Entity
30277	Malfunctioning Sleeper Multiplex Forwarder	Large Collidable Structure	Entity
30278	Decrepit Talocan Outpost Core	Large Collidable Structure	Entity
30279	Collapsed Talocan Observation Dome	Large Collidable Structure	Entity
30280	Offline Talocan Reactor Spire	Large Collidable Structure	Entity
30365	Webber Drone	Minor Threat	Entity
30366	Runner Drone	Minor Threat	Entity
30369	Angel Rookie	Minor Threat	Entity
30379	Blood Raider Rookie	Minor Threat	Entity
30380	Guristas Rookie	Minor Threat	Entity
30381	Serpentis Rookie	Minor Threat	Entity
30389	Subsystem Assembly Array	Assembly Array	Starbase
30460	Vigilant Sentry Tower	Destructible Sentry Gun	Entity
30461	Wakeful Sentry Tower	Destructible Sentry Gun	Entity
30462	Restless Sentry Tower	Destructible Sentry Gun	Entity
30507	Worn Talocan Static Gate	Large Collidable Structure	Entity
30508	Inverted Talocan Exchange Depot	Large Collidable Structure	Entity
30509	Disrupted Talocan Polestar	Large Collidable Structure	Entity
30510	Broken Talocan Coupling Array	Large Collidable Structure	Entity
30511	Hollow Talocan Extraction Silo	Large Collidable Structure	Entity
30512	Weakened Sleeper Drone Hangar	Large Collidable Structure	Entity
30516	Malfunctioning Sleeper Databank	Scatter Container	Entity
30517	Ejected Sleeper Databank	Scatter Container	Entity
30518	Deformed Sleeper Databank	Scatter Container	Entity
30519	Obsolete Sleeper Databank	Spawn Container	Entity
30520	Broken Sleeper Databank	Scatter Container	Entity
30521	Spavined Sleeper Databank	Scatter Container	Entity
30522	Forgotten Sleeper Artifact	Scatter Container	Entity
30523	Lost Sleeper Artifact	Scatter Container	Entity
30524	Abandoned Sleeper Artifact	Scatter Container	Entity
30525	Sleeper Artifact	Spawn Container	Entity
30526	Decrepit Sleeper Artifact	Scatter Container	Entity
30527	Forlorn Sleeper Artifact	Scatter Container	Entity
30528	Abandoned Talocan Battleship	Scatter Container	Entity
30529	Deserted Talocan Cruiser	Spawn Container	Entity
30530	Derelict Talocan Frigate	Scatter Container	Entity
30654	Luxury Spaceliner	Mission Container	Entity
30655	Hybrid Polymer Silo	Silo	Starbase
30656	Polymer Reactor Array	Mobile Reactor	Starbase
30720	Parthus' Malfunctioning Capsule	Spawn Container	Entity
30725	Civilian Gallente Cruiser Celestis	Mission Gallente Federation Cruiser	Entity
30726	Civilian Gallente Cruiser Exequror	Mission Gallente Federation Cruiser	Entity
30727	Civilian Gallente Cruiser Thorax	Mission Gallente Federation Cruiser	Entity
30728	Civilian Gallente Cruiser Vexor	Mission Gallente Federation Cruiser	Entity
30729	Civilian Caldari Cruiser Blackbird	Mission Caldari State Cruiser	Entity
30730	Civilian Caldari Cruiser Caracal	Mission Caldari State Cruiser	Entity
30731	Civilian Caldari Cruiser Moa	Mission Caldari State Cruiser	Entity
30732	Civilian Caldari Cruiser Osprey	Mission Caldari State Cruiser	Entity
30733	Civilian Amarr Cruiser Arbitrator	Mission Amarr Empire Cruiser	Entity
30734	Civilian Amarr Cruiser Augoror	Mission Amarr Empire Cruiser	Entity
30735	Civilian Amarr Cruiser Maller	Mission Amarr Empire Cruiser	Entity
30736	Civilian Amarr Cruiser Omen	Mission Amarr Empire Cruiser	Entity
30737	Independent Harbinger	Mission Amarr Empire Battlecruiser	Entity
30738	Independent Prophecy	Mission Amarr Empire Battlecruiser	Entity
30739	Civilian Minmatar Cruiser Bellicose	Mission Minmatar Republic Cruiser	Entity
30740	Civilian Minmatar Cruiser Rupture	Mission Minmatar Republic Cruiser	Entity
30741	Civilian Minmatar Cruiser Scythe	Mission Minmatar Republic Cruiser	Entity
30742	Civilian Minmatar Cruiser Stabber	Mission Minmatar Republic Cruiser	Entity
30743	Society of Conscious Thought Cruiser	Deadspace Angel Cartel Cruiser	Entity
30758	Centrien's Shuttle	Spawn Container	Entity
30760	Azil's Transport	Spawn Container	Entity
30762	Dead Drop	Mission Container	Entity
30763	Civilian Amarr Frigate Crucifier	Mission Amarr Empire Frigate	Entity
30764	Civilian Amarr Frigate Executioner	Mission Amarr Empire Frigate	Entity
30765	Civilian Amarr Frigate Inquisitor	Mission Amarr Empire Frigate	Entity
30766	Civilian Amarr Frigate Punisher	Mission Amarr Empire Frigate	Entity
30769	Civilian Caldari Frigate Condor	Mission Caldari State Frigate	Entity
30770	Civilian Caldari Frigate Griffin	Mission Caldari State Frigate	Entity
30771	Civilian Caldari Frigate Heron	Mission Caldari State Frigate	Entity
30772	Civilian Caldari Frigate Kestrel	Mission Caldari State Frigate	Entity
30773	Civilian Caldari Frigate Merlin	Mission Caldari State Frigate	Entity
30775	The Heartbreak	Spawn Container	Entity
30777	Mizara Family Hovel	Mission Container	Entity
30779	Ancient Tomb Dig Site	Spawn Container	Entity
30781	Corrupted Drone	Spawn Container	Entity
30783	Colonial Supply Depot	Mission Container	Entity
30785	Destroyed Ship	Spawn Container	Entity
30790	Civilian Caldari Battleship Scorpion	Mission Caldari State Battleship	Entity
30791	Civilian Caldari Battleship Rokh	Mission Caldari State Battleship	Entity
30792	Civilian Caldari Battleship Raven	Mission Caldari State Battleship	Entity
30793	Storage Warehouse Container	Mission Container	Entity
30805	Wolf Burgan's Hideout	Mission Container	Entity
30806	Disjointed Talocan Outpost Hub	Large Collidable Structure	Entity
30807	Disjointed Talocan Outpost Conduit	Large Collidable Structure	Entity
30813	Wrecked Ship	Spawn Container	Entity
30815	Habitation Module - Personnel Quarters	Spawn Container	Entity
30818	Izia Tabar	Mission Amarr Empire Frigate	Entity
30819	Mysterious Drone	Mission Generic Cruisers	Entity
30820	Generic Cargo Container	Mission Container	Entity
30842	InterBus Shuttle	Shuttle	Ship
30899	Cargo Wreathe	Mission Container	Entity
30908	Gue Mouey's Vindicator	Destructible Agents In Space	Entity
30927	Sleeper Archive Terminal	Large Collidable Structure	Entity
30948	State Transport	Mission Faction Haulers	Entity
30949	Josameto Verification Center	Mission Container	Entity
30950	Corporate Liaison	Mission Caldari State Cruiser	Entity
30953	Cargo Facility 7A-21	Mission Container	Entity
30956	Hyasyoda Security Compound	Spawn Container	Entity
30965	Communications Array	Mission Container	Entity
30969	CPF Habitation Module	Spawn Container	Entity
30970	State Transport Freighter	Mission Faction Transports	Entity
30974	Civilian Amarr Bestower	Mission Amarr Empire Other	Entity
30976	Federation Navy Shipyard	Spawn Container	Entity
30981	Federation Detention Facility FNSBR-106V.1	Spawn Container	Entity
30982	Encrypted Communications Array	Spawn Container	Entity
30995	Gallente Federation Civilians	Mission Fighter Drone	Entity
30996	Shuttle Wreck	Spawn Container	Entity
31864	Imperial Navy Acolyte	Combat Drone	Drone
31866	Imperial Navy Infiltrator	Combat Drone	Drone
31868	Imperial Navy Curator	Combat Drone	Drone
31870	Imperial Navy Praetor	Combat Drone	Drone
31872	Caldari Navy Hornet	Combat Drone	Drone
31874	Caldari Navy Vespa	Combat Drone	Drone
31876	Caldari Navy Wasp	Combat Drone	Drone
31878	Caldari Navy Warden	Combat Drone	Drone
31880	Federation Navy Hobgoblin	Combat Drone	Drone
31882	Federation Navy Hammerhead	Combat Drone	Drone
31884	Federation Navy Ogre	Combat Drone	Drone
31886	Federation Navy Garde	Combat Drone	Drone
31888	Republic Fleet Warrior	Combat Drone	Drone
31890	Republic Fleet Valkyrie	Combat Drone	Drone
31892	Republic Fleet Berserker	Combat Drone	Drone
31894	Republic Fleet Bouncer	Combat Drone	Drone
31961	Cargo Container - Mina Darabi	Spawn Container	Entity
32100	Forgotten Debris	Spawn Container	Entity
32127	Linked Broadcast Array Hub	Mission Container	Entity
32190	The Elder	Mission Minmatar Republic Cruiser	Entity
32192	Underground Circus Ringmaster	Deadspace Serpentis Cruiser	Entity
32194	Gallente Starbase Control Tower Tough	Large Collidable Structure	Entity
32199	Scope Interceptor	Storyline Frigate	Entity
32205	Central Burial Tomb	Spawn Container	Entity
32206	Defiants Storage Facility	Mission Container	Entity
32207	Freki	Assault Frigate	Ship
32209	Mimir	Heavy Assault Cruiser	Ship
32211	Archives	Spawn Container	Entity
32217	Damaged Radio Telescope	Spawn Container	Entity
32219	Pator 6 HQ	Large Collidable Structure	Entity
32221	Scope Station	Large Collidable Structure	Entity
32222	Mourmarie Mone's Covert Ops Frigate	Storyline Frigate	Entity
32224	Conference Center	Mission Container	Entity
32230	Republic Freighter Vessels	Mission Faction Transports	Entity
32233	Tili's Brothel	Spawn Container	Entity
32238	Biodome	Large Collidable Structure	Entity
32239	Gallentean Deadspace Mansion	Large Collidable Structure	Entity
32240	Data Bank	Spawn Container	Entity
32245	Hyasyoda Research Laboratory	Laboratory	Starbase
32256	RSS Radio Telescope	Spawn Container	Entity
32264	Warp Core Hotel	Large Collidable Structure	Entity
32268	Harkan's Behemoth	Mission Amarr Empire Battleship	Entity
32269	Lord Miyan	Mission Amarr Empire Cruiser	Entity
32271	Business Associate	Mission Container	Entity
32273	Safe House Ruins	Mission Container	Entity
32276	Office Facility	Spawn Container	Entity
32279	Chapel of the Obsidian	Spawn Container	Entity
32281	Secure Communications Tower	Spawn Container	Entity
32282	Ammatar Relics	Scatter Container	Entity
32291	Chapel Container	Mission Container	Entity
32293	Rosulf Fririk	Mission Minmatar Republic Battleship	Entity
32296	Ishukone Watch Commander	Mission Caldari State Battleship	Entity
32297	Nugoeihuvi Caretaker	Mission Caldari State Battleship	Entity
32298	Karkoti Rend	Deadspace Angel Cartel Battleship	Entity
32299	Senator Pillius Ardanne	Mission Container	Entity
32305	Armageddon Navy Issue	Battleship	Ship
32307	Dominix Navy Issue	Battleship	Ship
32309	Scorpion Navy Issue	Battleship	Ship
32311	Typhoon Fleet Issue	Battleship	Ship
32325	Cyclops I	Heavy Fighter	Fighter
32340	Malleus I	Heavy Fighter	Fighter
32342	Tyrfing I	Heavy Fighter	Fighter
32344	Mantis I	Heavy Fighter	Fighter
32347	Exploration Supplies	Spawn Container	Entity
32348	Agent Rulie Isoryn	Mission Faction Cruiser	Entity
32349	Proximity Charge	Large Collidable Structure	Entity
32353	Training Container - Anomalies	Spawn Container	Entity
32367	Training Container - Relic	Spawn Container	Entity
32368	Training Container - Salvaging	Spawn Container	Entity
32369	Training Container - Data	Spawn Container	Entity
32370	Assembly Station DC105-A	Spawn Container	Entity
32377	Venal Regional Comms Tower	Spawn Container	Entity
32378	Training Container - Ore	Spawn Container	Entity
32379	Training Container - Gas	Spawn Container	Entity
32380	Roden Police Major	Police Drone	Entity
32381	Roden Police Sergeant	Police Drone	Entity
32382	Damaged Caldari Shuttle	Spawn Container	Entity
32384	Captured Caldari State Shuttle	Mission Caldari State Frigate	Entity
32385	Guristas Battleship Vessel	Deadspace Guristas Battleship	Entity
32388	Angel Recovery Team	Mission Faction Haulers	Entity
32390	Gath Renton	Mission Caldari State Battlecruiser	Entity
32391	Yukiro Demense	Deadspace Guristas Frigate	Entity
32392	Eroma Eralen	Mission Caldari State Frigate	Entity
32394	Serpentis Transport Hub	Mission Container	Entity
32400	Angel Frigate Vessel	Deadspace Angel Cartel Frigate	Entity
32401	Angel Cruiser Vessel	Deadspace Angel Cartel Cruiser	Entity
32402	Angel Battleship Vessel	Deadspace Angel Cartel Battleship	Entity
32404	Cilis Leglise's Headquarters	Mission Container	Entity
32406	Caldari Storage Warehouse	Spawn Container	Entity
32412	Boundless Creations Data Center	Large Collidable Structure	Entity
32446	Hostile Hulk	Mission Faction Haulers	Entity
32447	Civilian Hulk	Mission Faction Haulers	Entity
32448	Hostile Orca	Mission Faction Transports	Entity
32449	Civilian Orca	Mission Faction Transports	Entity
32455	Ishukone Hauler	Mission Faction Haulers	Entity
32456	Mordus Escort	Mission Mordu Cruiser	Entity
32457	Ishukone Escort	Mission Faction Cruiser	Entity
32465	Civilian Hobgoblin	Combat Drone	Drone
32471	Damaged Vessel	Minor Threat	Entity
32784	Karsten Lundham's Typhoon	Mission Faction Battleship	Entity
32785	Rohan Shadrak's Scythe	Mission Faction Cruiser	Entity
32786	Patrikia Noirild's Reaper	Mission Faction Frigate	Entity
32787	Salvage Drone I	Salvage Drone	Drone
32788	Cambion	Assault Frigate	Ship
32790	Etana	Logistics	Ship
32811	Miasmos Amastris Edition	Hauler	Ship
32840	InterBus Catalyst	Destroyer	Ship
32842	Intaki Syndicate Catalyst	Destroyer	Ship
32844	Inner Zone Shipping Catalyst	Destroyer	Ship
32846	Quafe Catalyst	Destroyer	Ship
32848	Aliastra Catalyst	Destroyer	Ship
32872	Algos	Destroyer	Ship
32874	Dragoon	Destroyer	Ship
32876	Corax	Destroyer	Ship
32878	Talwar	Destroyer	Ship
32880	Venture	Frigate	Ship
32901	Rogue Drone Carrier	Asteroid Rogue Drone Hauler	Entity
32902	Rogue Drone Convoy	Asteroid Rogue Drone Hauler	Entity
32903	Rogue Drone Trailer	Asteroid Rogue Drone Hauler	Entity
32904	Rogue Drone Hauler	Asteroid Rogue Drone Hauler	Entity
32905	Rogue Drone Bulker	Asteroid Rogue Drone Hauler	Entity
32906	Rogue Drone Transporter	Asteroid Rogue Drone Hauler	Entity
32907	Rogue Drone Trucker	Asteroid Rogue Drone Hauler	Entity
32908	Rogue Drone Courier	Asteroid Rogue Drone Hauler	Entity
32909	Rogue Drone Loader	Asteroid Rogue Drone Hauler	Entity
32910	Rogue Drone Ferrier	Asteroid Rogue Drone Hauler	Entity
32911	Rogue Drone Gatherer	Asteroid Rogue Drone Hauler	Entity
32912	Rogue Drone Harvester	Asteroid Rogue Drone Hauler	Entity
32913	Republic Frigate	FW Minmatar Republic Frigate	Entity
32914	State Frigate	FW Caldari State Frigate	Entity
32915	Federation Frigate	FW Gallente Federation Frigate	Entity
32916	Imperial Frigate	FW Amarr Empire Frigate	Entity
32959	Unit D-34343	Asteroid Rogue Drone Officer	Entity
32960	Unit F-435454	Asteroid Rogue Drone Officer	Entity
32961	Unit P-343554	Asteroid Rogue Drone Officer	Entity
32962	Unit W-634	Asteroid Rogue Drone Officer	Entity
32963	Imperial Destroyer	FW Amarr Empire Destroyer	Entity
32964	State Destroyer	FW Caldari State Destroyer	Entity
32965	Federation Destroyer	FW Gallente Federation Destroyer	Entity
32966	Republic Destroyer	FW Minmatar Republic Destroyer	Entity
32967	Imperial Cruiser	FW Amarr Empire Cruiser	Entity
32968	State Cruiser	FW Caldari State Cruiser	Entity
32969	Federation Cruiser	FW Gallente Federation Cruiser	Entity
32970	Republic Cruiser	FW Minmatar Republic Cruiser	Entity
32971	Imperial Battlecruiser	FW Amarr Empire Battlecruiser	Entity
32972	State Battlecruiser	FW Caldari State Battlecruiser	Entity
32973	Federation Battlecruiser	FW Gallente Federation Battlecruiser	Entity
32974	Republic Battlecruiser	FW Minmatar Republic Battlecruiser	Entity
32983	Sukuuvestaa Heron	Frigate	Ship
32985	Inner Zone Shipping Imicus	Frigate	Ship
32987	Sarum Magnate	Frigate	Ship
32989	Vherokior Probe	Frigate	Ship
33079	Hematos	Corvette	Ship
33081	Taipan	Corvette	Ship
33083	Violator	Corvette	Ship
33099	Nefantar Thrasher	Destroyer	Ship
33132	Angel Clone Soldier Trainer	Asteroid Angel Cartel Cruiser	Entity
33134	Guristas Clone Soldier Trainer	Asteroid Guristas Cruiser	Entity
33135	Blood Clone Soldier Trainer	Asteroid Blood Raiders Cruiser	Entity
33136	Sansha Clone Soldier Trainer	Asteroid Sansha's Nation Cruiser	Entity
33137	Serpentis Clone Soldier Trainer	Asteroid Serpentis Cruiser	Entity
33142	Sansha Clone Soldier Recruiter	Asteroid Sansha's Nation Cruiser	Entity
33143	Angel Clone Soldier Recruiter	Asteroid Angel Cartel Cruiser	Entity
33144	Blood Clone Soldier Recruiter	Asteroid Blood Raiders Cruiser	Entity
33145	Guristas Clone Soldier Recruiter	Asteroid Guristas Cruiser	Entity
33146	Serpentis Clone Soldier Recruiter	Asteroid Serpentis Cruiser	Entity
33147	Angel Remains	Scatter Container	Entity
33149	Personal Hangar Array	Personal Hangar	Starbase
33151	Brutix Navy Issue	Combat Battlecruiser	Ship
33153	Drake Navy Issue	Combat Battlecruiser	Ship
33155	Harbinger Navy Issue	Combat Battlecruiser	Ship
33157	Hurricane Fleet Issue	Combat Battlecruiser	Ship
33163	Sansha Clone Soldier Transporter	Asteroid Sansha's Nation Cruiser	Entity
33164	Serpentis Clone Soldier Transporter	Asteroid Serpentis Cruiser	Entity
33172	Blood Clone Soldier Transporter	Asteroid Blood Raiders Cruiser	Entity
33173	Angel Clone Soldier Transporter	Asteroid Angel Cartel Cruiser	Entity
33174	Guristas Clone Soldier Transporter	Asteroid Guristas Cruiser	Entity
33175	Angel Clone Soldier Negotiator	Asteroid Angel Cartel Cruiser	Entity
33182	Blood Clone Soldier Negotiator	Asteroid Blood Raiders Cruiser	Entity
33183	Sansha Clone Soldier Negotiator	Asteroid Sansha's Nation Cruiser	Entity
33185	Serpentis Clone Soldier Negotiator	Asteroid Serpentis Cruiser	Entity
33186	Angel Debris	Scatter Container	Entity
33187	Angel Mainframe	Scatter Container	Entity
33188	Angel Info Shard	Scatter Container	Entity
33189	Guristas Clone Soldier Negotiator	Asteroid Guristas Cruiser	Entity
33190	Tash-Murkon Magnate	Frigate	Ship
33233	Angel Ruins	Scatter Container	Entity
33234	Angel Rubble	Scatter Container	Entity
33235	Angel Databank	Scatter Container	Entity
33236	Angel Com Tower	Scatter Container	Entity
33237	Blood Debris	Scatter Container	Entity
33238	Blood Rubble	Scatter Container	Entity
33239	Blood Remains	Scatter Container	Entity
33240	Blood Ruins	Scatter Container	Entity
33241	Blood Info Shard	Scatter Container	Entity
33242	Blood Com Tower	Scatter Container	Entity
33243	Blood Mainframe	Scatter Container	Entity
33244	Blood Databank	Scatter Container	Entity
33245	Guristas Debris	Scatter Container	Entity
33246	Guristas Rubble	Scatter Container	Entity
33247	Guristas Remains	Scatter Container	Entity
33248	Guristas Ruins	Scatter Container	Entity
33249	Guristas Info Shard	Scatter Container	Entity
33251	Guristas Com Tower	Scatter Container	Entity
33252	Guristas Mainframe	Scatter Container	Entity
33253	Guristas Databank	Scatter Container	Entity
33254	Serpentis Debris	Scatter Container	Entity
33255	Serpentis Rubble	Scatter Container	Entity
33256	Serpentis Remains	Scatter Container	Entity
33257	Serpentis Ruins	Scatter Container	Entity
33258	Serpentis Info Shard	Scatter Container	Entity
33259	Serpentis Com Tower	Scatter Container	Entity
33260	Serpentis Mainframe	Scatter Container	Entity
33261	Serpentis Databank	Scatter Container	Entity
33262	Sansha Debris	Scatter Container	Entity
33263	Sansha Rubble	Scatter Container	Entity
33264	Sansha Remains	Scatter Container	Entity
33265	Sansha Ruins	Scatter Container	Entity
33266	Sansha Info Shard	Scatter Container	Entity
33267	Sansha Com Tower	Scatter Container	Entity
33268	Sansha Mainframe	Scatter Container	Entity
33269	Sansha Databank	Scatter Container	Entity
33328	Capsule - Genolution 'Auroral' 197-variant	Capsule	Ship
33352	Serpentis Cruiser	Asteroid Serpentis Cruiser	Entity
33367	Tutorial Hacking	Scatter Container	Entity
33368	Tutorial Archaeology	Scatter Container	Entity
33395	Moracha	Force Recon Ship	Ship
33397	Chremoas	Covert Ops	Ship
33468	Astero	Frigate	Ship
33470	Stratios	Cruiser	Ship
33472	Nestor	Battleship	Ship
33474	Mobile Depot	Mobile Depot	Deployable
33475	Mobile Tractor Unit	Mobile Tractor Unit	Deployable
33476	Mobile Cynosural Inhibitor	Mobile Cyno Inhibitor	Deployable
33477	Small Mobile Siphon Unit	Mobile Siphon Unit	Deployable
33478	Medium Mobile Siphon Unit	Mobile Siphon Unit	Deployable
33479	Large Mobile Siphon Unit	Mobile Siphon Unit	Deployable
33480	Mobile Shipping Unit	Large Collidable Structure	Entity
33491	Angel Warden	Ghost Sites Angel Cartel Cruiser	Entity
33492	Angel Lookout	Ghost Sites Angel Cartel Cruiser	Entity
33493	Angel Watcher	Ghost Sites Angel Cartel Cruiser	Entity
33494	Angel Sentry	Ghost Sites Angel Cartel Cruiser	Entity
33495	Blood Warden	Ghost Sites Blood Raiders Cruiser	Entity
33496	Blood Lookout	Ghost Sites Blood Raiders Cruiser	Entity
33497	Blood Watcher	Ghost Sites Blood Raiders Cruiser	Entity
33498	Blood Sentry	Ghost Sites Blood Raiders Cruiser	Entity
33499	Guristas Warden	Ghost Sites Guristas Cruiser	Entity
33500	Guristas Lookout	Ghost Sites Guristas Cruiser	Entity
33501	Guristas Watcher	Ghost Sites Guristas Cruiser	Entity
33502	Guristas Sentry	Ghost Sites Guristas Cruiser	Entity
33503	Sansha's Nation Warden	Ghost Sites Sanshas Cruiser	Entity
33504	Sansha's Nation Lookout	Ghost Sites Sanshas Cruiser	Entity
33505	Sansha's Nation Watcher	Ghost Sites Sanshas Cruiser	Entity
33506	Sansha's Nation Sentry	Ghost Sites Sanshas Cruiser	Entity
33507	Serpentis Warden	Ghost Sites Serpentis Cruiser	Entity
33508	Serpentis Lookout	Ghost Sites Serpentis Cruiser	Entity
33509	Serpentis Watcher	Ghost Sites Serpentis Cruiser	Entity
33510	Serpentis Sentry	Ghost Sites Serpentis Cruiser	Entity
33513	Leopard	Shuttle	Ship
33520	'Wetu' Mobile Depot	Mobile Depot	Deployable
33522	'Yurt' Mobile Depot	Mobile Depot	Deployable
33530	Secure Depot	Spawn Container	Entity
33531	Secure Lab	Spawn Container	Entity
33532	Secure Databank	Spawn Container	Entity
33533	Secure Mainframe	Spawn Container	Entity
33534	Secure Vault	Spawn Container	Entity
33553	Stratios Emergency Responder	Cruiser	Ship
33581	Small Mobile 'Hybrid' Siphon Unit	Mobile Siphon Unit	Deployable
33583	Small Mobile 'Rote' Siphon Unit	Mobile Siphon Unit	Deployable
33585	Defunct Amarr Encounter Surveillance System	Encounter Surveillance System	Deployable
33587	Mobile Decoy Unit	Mobile Decoy Unit	Deployable
33589	Mobile Scan Inhibitor	Mobile Scan Inhibitor	Deployable
33591	Mobile Micro Jump Unit	Mobile Micro Jump Unit	Deployable
33595	Defunct Caldari Encounter Surveillance System	Encounter Surveillance System	Deployable
33608	Defunct Gallente Encounter Surveillance System	Encounter Surveillance System	Deployable
33610	Defunct Minmatar Encounter Surveillance System	Encounter Surveillance System	Deployable
33623	Abaddon Tash-Murkon Edition	Battleship	Ship
33625	Abaddon Kador Edition	Battleship	Ship
33627	Rokh Nugoeihuvi Edition	Battleship	Ship
33629	Rokh Wiyrkomi Edition	Battleship	Ship
33631	Maelstrom Nefantar Edition	Battleship	Ship
33633	Maelstrom Krusual Edition	Battleship	Ship
33635	Hyperion Aliastra Edition	Battleship	Ship
33637	Hyperion Inner Zone Shipping Edition	Battleship	Ship
33639	Omen Kador Edition	Cruiser	Ship
33641	Omen Tash-Murkon Edition	Cruiser	Ship
33643	Caracal Nugoeihuvi Edition	Cruiser	Ship
33645	Caracal Wiyrkomi Edition	Cruiser	Ship
33647	Stabber Nefantar Edition	Cruiser	Ship
33649	Stabber Krusual Edition	Cruiser	Ship
33651	Thorax Aliastra Edition	Cruiser	Ship
33653	Thorax Inner Zone Shipping Edition	Cruiser	Ship
33655	Punisher Kador Edition	Frigate	Ship
33657	Punisher Tash-Murkon Edition	Frigate	Ship
33659	Merlin Nugoeihuvi Edition	Frigate	Ship
33661	Merlin Wiyrkomi Edition	Frigate	Ship
33663	Rifter Nefantar Edition	Frigate	Ship
33665	Rifter Krusual Edition	Frigate	Ship
33667	Incursus Aliastra Edition	Frigate	Ship
33669	Incursus Inner Zone Shipping Edition	Frigate	Ship
33671	Heavy Hull Maintenance Bot I	Logistic Drone	Drone
33673	Whiptail	Interceptor	Ship
33675	Chameleon	Force Recon Ship	Ship
33677	Police Pursuit Comet	Frigate	Ship
33681	Gecko	Combat Drone	Drone
33683	Mackinaw ORE Development Edition	Exhumer	Ship
33685	Orca ORE Development Edition	Industrial Command Ship	Ship
33687	Rorqual ORE Development Edition	Capital Industrial Ship	Ship
33689	Iteron Inner Zone Shipping Edition	Hauler	Ship
33691	Tayra Wiyrkomi Edition	Hauler	Ship
33693	Mammoth Nefantar Edition	Hauler	Ship
33695	Bestower Tash-Murkon Edition	Hauler	Ship
33697	Prospect	Expedition Frigate	Ship
33700	'Packrat' Mobile Tractor Unit	Mobile Tractor Unit	Deployable
33702	'Magpie' Mobile Tractor Unit	Mobile Tractor Unit	Deployable
33704	Medium Hull Maintenance Bot I	Logistic Drone	Drone
33706	Light Hull Maintenance Bot I	Logistic Drone	Drone
33708	Heavy Hull Maintenance Bot II	Logistic Drone	Drone
33710	Medium Hull Maintenance Bot II	Logistic Drone	Drone
33712	Light Hull Maintenance Bot II	Logistic Drone	Drone
33805	DED Officer 1st Class Vessel	Mission CONCORD Cruiser	Entity
33806	CONCORD Starship Vessel	Mission CONCORD Battleship	Entity
33816	Garmur	Frigate	Ship
33818	Orthrus	Cruiser	Ship
33820	Barghest	Battleship	Ship
33864	Mordu’s Special Warfare Unit Operative	Asteroid Mordus Legion Commander Frigate	Entity
33865	Mordu’s Special Warfare Unit Specialist	Asteroid Mordus Legion Commander Cruiser	Entity
33866	Mordu’s Special Warfare Unit Commander	Asteroid Mordus Legion Commander Battleship	Entity
33867	Thukker Component Assembly Array	Assembly Array	Starbase
33869	Brutix Serpentis Edition	Combat Battlecruiser	Ship
33871	Cyclone Thukker Tribe Edition	Combat Battlecruiser	Ship
33873	Ferox Guristas Edition	Combat Battlecruiser	Ship
33875	Prophecy Blood Raiders Edition	Combat Battlecruiser	Ship
33877	Catalyst Serpentis Edition	Destroyer	Ship
33879	Coercer Blood Raiders Edition	Destroyer	Ship
33881	Cormorant Guristas Edition	Destroyer	Ship
33883	Thrasher Thukker Tribe Edition	Destroyer	Ship
33886	Mordu's Legion Battleship	Ghost Sites Mordu's Legion	Entity
33887	Mordu's Legion Cruiser	Ghost Sites Mordu's Legion	Entity
33888	Mordu's Legion Commander	Ghost Sites Mordu's Legion	Entity
33889	Guristas Research and Trade Hub	Spawn Container	Entity
33910	Thukker Component Assembly Facility	Deadspace Overseer's Structure	Entity
33987	Guristas Transponder Tower	Spawn Container	Entity
33990	Tournament Micro Jump Unit	Mobile Micro Jump Unit	Deployable
34118	Megathron Quafe Edition	Battleship	Ship
34120	Mobile Competitive Vault	Mobile Vault	Deployable
34141	Burner Dramiel	Mission Generic Frigates	Entity
34142	Burner Worm	Mission Generic Frigates	Entity
34143	Burner Daredevil	Mission Generic Frigates	Entity
34144	Burner Cruor	Mission Generic Frigates	Entity
34145	Burner Succubus	Mission Generic Frigates	Entity
34151	Rattlesnake Victory Edition	Battleship	Ship
34154	Burner Burst	Mission Generic Frigates	Entity
34155	Burner Jaguar	Mission Generic Frigates	Entity
34182	Burner Bantam	Mission Generic Frigates	Entity
34183	Burner Hawk	Mission Generic Frigates	Entity
34184	Burner Inquisitor	Mission Generic Frigates	Entity
34185	Burner Vengeance	Mission Generic Frigates	Entity
34186	Burner Navitas	Mission Generic Frigates	Entity
34187	Burner Enyo	Mission Generic Frigates	Entity
34213	Apocalypse Blood Raider Edition	Battleship	Ship
34215	Apocalypse Kador Edition	Battleship	Ship
34217	Apocalypse Tash-Murkon Edition	Battleship	Ship
34219	Paladin Blood Raider Edition	Marauder	Ship
34221	Paladin Kador Edition	Marauder	Ship
34223	Paladin Tash-Murkon Edition	Marauder	Ship
34225	Raven Guristas Edition	Battleship	Ship
34227	Raven Kaalakiota Edition	Battleship	Ship
34229	Raven Nugoeihuvi Edition	Battleship	Ship
34231	Golem Guristas Edition	Marauder	Ship
34233	Golem Kaalakiota Edition	Marauder	Ship
34235	Golem Nugoeihuvi Edition	Marauder	Ship
34237	Megathron Police Edition	Battleship	Ship
34239	Megathron Inner Zone Shipping Edition	Battleship	Ship
34241	Kronos Police Edition	Marauder	Ship
34243	Kronos Quafe Edition	Marauder	Ship
34245	Kronos Inner Zone Shipping Edition	Marauder	Ship
34247	Tempest Justice Edition	Battleship	Ship
34249	Tempest Krusual Edition	Battleship	Ship
34251	Tempest Nefantar Edition	Battleship	Ship
34253	Vargur Justice Edition	Marauder	Ship
34255	Vargur Krusual Edition	Marauder	Ship
34257	Vargur Nefantar Edition	Marauder	Ship
34299	Mangled Storage Depot	Spawn Container	Entity
34300	Dented Storage Depot	Spawn Container	Entity
34301	Remote Pressure Control Unit	Spawn Container	Entity
34303	Plasma Chamber	Large Collidable Structure	Entity
34305	Remote Defense Grid Unit	Spawn Container	Entity
34315	Hyperfluct Generator	Spawn Container	Entity
34317	Confessor	Tactical Destroyer	Ship
34328	Bowhead	Freighter	Ship
34330	Resource Container	Spawn Container	Entity
34337	Autothysian Lancer	Roaming Sleepers Cruiser	Entity
34339	Moros Interbus Edition	Dreadnought	Ship
34341	Naglfar Justice Edition	Dreadnought	Ship
34343	Phoenix Wiyrkomi Edition	Dreadnought	Ship
34345	Revelation Sarum Edition	Dreadnought	Ship
34373	Remote Calibration Device - Low Power	Mission Container	Entity
34374	Remote Calibration Device - High Power	Mission Container	Entity
34375	Coordinate Plotting Device	Spawn Container	Entity
34378	Intact Storage Depot	Spawn Container	Entity
34385	Pristine Storage Depot	Spawn Container	Entity
34391	Solray Gamma Alignment Unit	Mission Container	Entity
34398	Solray Infrared Alignment Unit	Mission Container	Entity
34399	Solray Radio Alignment Unit	Mission Container	Entity
34403	Solray Observational Unit	Spawn Container	Entity
34406	Remote Reroute Unit	Spawn Container	Entity
34437	Rewired Sentry Gun	Destructible Sentry Gun	Entity
34438	Sentry Repair Station	Spawn Container	Entity
34441	Dominix Quafe Edition	Battleship	Ship
34443	Tristan Quafe Edition	Frigate	Ship
34445	Vexor Quafe Edition	Cruiser	Ship
34447	Cerebrum Maintenance Chamber	Spawn Container	Entity
34449	Central Archive Cerebrum	Mission Container	Entity
34453	Vessel Rejuvenation Battery	Spawn Container	Entity
34454	Archive Sentry Tower	Destructible Sentry Gun	Entity
34455	Impaired Archive Sentry Tower	Destructible Sentry Gun	Entity
34457	末日沙场级YC117年特别版	Battleship	Ship
34459	地狱天使级YC117年特别版	Battleship	Ship
34461	马克瑞级YC117年特别版	Battleship	Ship
34463	响尾蛇级YC117年特别版	Battleship	Ship
34465	多米尼克斯级YC117年特别版	Battleship	Ship
34467	万王宝座级YC117年特别版	Battleship	Ship
34469	乌鸦级YC117年特别版	Battleship	Ship
34471	灾难级YC117年特别版	Battleship	Ship
34473	幼龙级YC117年特别版	Combat Battlecruiser	Ship
34475	毒蜥级YC117年特别版	Cruiser	Ship
34477	银鹰级YC117年特别版	Heavy Assault Cruiser	Ship
34479	伊什塔级YC117年特别版	Heavy Assault Cruiser	Ship
34495	Drifter Battleship	Drifter Battleship	Entity
34496	Council Diplomatic Shuttle	Shuttle	Ship
34498	Sentinel Vault	Mission Container	Entity
34499	Barbican Vault	Mission Container	Entity
34500	Vidette Vault	Mission Container	Entity
34501	Conflux Vault	Mission Container	Entity
34502	Redoubt Vault	Mission Container	Entity
34503	Sentinel Beta Access Unit	Spawn Container	Entity
34504	Sentinel Delta Access Unit	Spawn Container	Entity
34505	Sentinel Alpha Access Unit	Spawn Container	Entity
34506	Sentinel Gamma Access Unit	Spawn Container	Entity
34507	Barbican Beta Access Unit	Spawn Container	Entity
34508	Barbican Delta Access Unit	Spawn Container	Entity
34509	Barbican Alpha Access Unit	Spawn Container	Entity
34510	Barbican Gamma Access Unit	Spawn Container	Entity
34511	Vidette Beta Access Unit	Spawn Container	Entity
34512	Vidette Delta Access Unit	Spawn Container	Entity
34513	Vidette Alpha Access Unit	Spawn Container	Entity
34514	Vidette Gamma Access Unit	Spawn Container	Entity
34515	Conflux Beta Access Unit	Spawn Container	Entity
34516	Conflux Delta Access Unit	Spawn Container	Entity
34517	Conflux Alpha Access Unit	Spawn Container	Entity
34518	Conflux Gamma Access Unit	Spawn Container	Entity
34519	Redoubt Beta Access Unit	Spawn Container	Entity
34520	Redoubt Delta Access Unit	Spawn Container	Entity
34521	Redoubt Alpha Access Unit	Spawn Container	Entity
34522	Redoubt Gamma Access Unit	Spawn Container	Entity
34523	Sentinel Alignment Unit 0	Spawn Container	Entity
34524	Sentinel Alignment Unit 1	Spawn Container	Entity
34525	Barbican Alignment Unit 0	Spawn Container	Entity
34526	Barbican Alignment Unit 1	Spawn Container	Entity
34527	Vidette Alignment Unit 0	Spawn Container	Entity
34528	Vidette Alignment Unit 1	Spawn Container	Entity
34529	Conflux Alignment Unit 0	Spawn Container	Entity
34530	Conflux Alignment Unit 1	Spawn Container	Entity
34531	Redoubt Alignment Unit 0	Spawn Container	Entity
34532	Redoubt Alignment Unit 1	Spawn Container	Entity
34561	Drifter Battleship	Drifter Battleship	Entity
34562	Svipul	Tactical Destroyer	Ship
34572	Sleeper Databank	Scatter Container	Entity
34579	Clonejacker Punk	Minor Threat	Entity
34588	Belter Hoodlum	Minor Threat	Entity
34589	Narco Pusher	Minor Threat	Entity
34590	Victorieux Luxury Yacht	Special Edition Yachts	Ship
34592	Serpentis Burner Cruiser	Mission Generic Cruisers	Entity
34783	Burner Talos	Mission Generic Cruisers	Entity
34785	Burner Ashimmu	Mission Generic Cruisers	Entity
34828	Jackdaw	Tactical Destroyer	Ship
34873	Proximity-activated Autoturret	Destructible Sentry Gun	Entity
35646	Burner Sentinel	Mission Generic Frigates	Entity
35663	Inert Proximity-activated Autoturret	Destructible Sentry Gun	Entity
35679	Burner Clone Soldier Transport	Asteroid Angel Cartel Hauler	Entity
35683	Hecate	Tactical Destroyer	Ship
35689	Burner Escort Dramiel	Mission Generic Frigates	Entity
35764	Unstable Signal Disruptor	Large Collidable Structure	Entity
35779	Imp	Interceptor	Ship
35781	Fiend	Heavy Interdiction Cruiser	Ship
35812	Amarr Navy Apocalypse	Amarr Navy Roaming Battleship	Entity
35813	Amarr Navy Guardian	Amarr Navy Roaming Logistics	Entity
35814	Amarr Navy Omen	Amarr Navy Roaming Cruiser	Entity
35815	Amarr Navy Augoror	Amarr Navy Roaming Cruiser	Entity
35816	Amarr Navy Armageddon	Amarr Navy Roaming Battleship	Entity
35819	Amarr Navy Archon	Amarr Navy Roaming Capital	Entity
35820	Amarr Navy Crucifier	Amarr Navy Roaming Frigate	Entity
35825	Raitaru	Engineering Complex	Structure
35826	Azbel	Engineering Complex	Structure
35827	Sotiyo	Engineering Complex	Structure
35828	Medium Laboratory	Laboratory	Structure
35829	Large Laboratory	Laboratory	Structure
35830	X-Large Laboratory	Laboratory	Structure
35832	Astrahus	Citadel	Structure
35833	Fortizar	Citadel	Structure
35834	Keepstar	Citadel	Structure
35835	Athanor	Refinery	Structure
35836	Tatara	Refinery	Structure
35837	Custom gate 1	Upwell Jump Bridge	Structure
35838	Medium Observatory Array	Observatory Array	Structure
35839	Large Observatory Array	Observatory Array	Structure
35840	Pharolux Cyno Beacon	Upwell Cyno Beacon	Structure
35841	Ansiblex Jump Bridge	Upwell Jump Bridge	Structure
35842	Medium Administration Hub	Administration Hub	Structure
35843	Large Administration Hub	Administration Hub	Structure
35844	X-Large Administration Hub	Administration Hub	Structure
35845	Upwell Monument AM	Upwell Monument	Structure
36523	Tournament Practice Unit	Mobile Scan Inhibitor	Deployable
36846	Burner Dragonfly	Mission Fighter Drone	Entity
36847	Burner Mantis	Mission Fighter Drone	Entity
36848	Burner Antero	Mission Generic Supercarrier	Entity
36903	Sentinel Repository	Mission Container	Entity
36904	Barbican Repository	Mission Container	Entity
36905	Vidette Repository	Mission Container	Entity
36906	Conflux Repository	Mission Container	Entity
36907	Redoubt Repository	Mission Container	Entity
36939	Blood Raider Frigate	Irregular Frigate	Entity
36940	Blood Raider Cruiser	Irregular Cruiser	Entity
36941	Blood Raider Battlecruiser	Irregular Battlecruiser	Entity
37135	Endurance	Expedition Frigate	Ship
37453	Crucifier Navy Issue	Frigate	Ship
37454	Vigil Fleet Issue	Frigate	Ship
37455	Griffin Navy Issue	Frigate	Ship
37456	Maulus Navy Issue	Frigate	Ship
37457	Deacon	Logistics Frigate	Ship
37458	Kirin	Logistics Frigate	Ship
37459	Thalia	Logistics Frigate	Ship
37460	Scalpel	Logistics Frigate	Ship
37461	Angel Dreadnought	Asteroid Angel Cartel Dreadnought	Entity
37462	Domination Titan	Asteroid Angel Cartel Titan	Entity
37463	Blood Dreadnought	Asteroid Blood Raider Dreadnought	Entity
37464	Dark Blood Titan	Asteroid Blood Raider Titan	Entity
37465	Guristas Dreadnought	Asteroid Guristas Dreadnought	Entity
37466	Dread Guristas Titan	Asteroid Guristas Titan	Entity
37467	Sansha's Dreadnought	Asteroid Sansha's Nation Dreadnought	Entity
37468	Serpentis Dreadnought	Asteroid Serpentis Dreadnought	Entity
37470	Infested Carrier	Asteroid Rogue Drone Carrier	Entity
37471	Sentient Infested Supercarrier	Asteroid Rogue Drone Supercarrier	Entity
37472	Upgraded Avenger	Deadspace Sleeper Upgraded Avenger	Entity
37473	Drifter Response Battleship	Drifter Response Battleship	Entity
37480	Bifrost	Command Destroyer	Ship
37481	Pontifex	Command Destroyer	Ship
37482	Stork	Command Destroyer	Ship
37483	Magus	Command Destroyer	Ship
37533	X-Large Observatory Array	Observatory Array	Structure
37534	Tenebrex Cyno Jammer	Upwell Cyno Jammer	Structure
37535	Upwell Simple Advertisement Center	Advertisement Center	Structure
37536	Upwell Advanced Advertisement Center	Advertisement Center	Structure
37599	Cenobite I	Support Fighter	Fighter
37604	Apostle	Force Auxiliary	Ship
37605	Minokawa	Force Auxiliary	Ship
37606	Lif	Force Auxiliary	Ship
37607	Ninazu	Force Auxiliary	Ship
37870	Serpentis Secure Hold	Large Collidable Structure	Entity
38657	Serpentis Battlecruiser	Irregular Battlecruiser	Entity
38658	Serpentis Cruiser	Irregular Cruiser	Entity
38659	Serpentis Frigate	Irregular Frigate	Entity
40340	Upwell Palatine Keepstar	Citadel	Structure
40345	Scarab I	Support Fighter	Fighter
40346	Siren I	Support Fighter	Fighter
40347	Dromi I	Support Fighter	Fighter
40358	Equite I	Light Fighter	Fighter
40359	Locust I	Light Fighter	Fighter
40360	Satyr I	Light Fighter	Fighter
40361	Gram I	Light Fighter	Fighter
40362	Ametat I	Heavy Fighter	Fighter
40363	Termite I	Heavy Fighter	Fighter
40364	Antaeus I	Heavy Fighter	Fighter
40365	Gungnir I	Heavy Fighter	Fighter
40542	Sisters of EVE Cold Storage Unit	Mission Container	Entity
40552	Equite II	Light Fighter	Fighter
40553	Gram II	Light Fighter	Fighter
40554	Locust II	Light Fighter	Fighter
40555	Satyr II	Light Fighter	Fighter
40556	Templar II	Light Fighter	Fighter
40557	Dragonfly II	Light Fighter	Fighter
40558	Firbolg II	Light Fighter	Fighter
40559	Einherji II	Light Fighter	Fighter
40560	Ametat II	Heavy Fighter	Fighter
40561	Malleus II	Heavy Fighter	Fighter
40562	Antaeus II	Heavy Fighter	Fighter
40563	Cyclops II	Heavy Fighter	Fighter
40564	Gungnir II	Heavy Fighter	Fighter
40565	Tyrfing II	Heavy Fighter	Fighter
40566	Termite II	Heavy Fighter	Fighter
40567	Mantis II	Heavy Fighter	Fighter
40568	Cenobite II	Support Fighter	Fighter
40569	Scarab II	Support Fighter	Fighter
40570	Siren II	Support Fighter	Fighter
40571	Dromi II	Support Fighter	Fighter
40574	Tom's Shuttle	Mission Generic Frigates	Entity
40637	Shadow Serpentis Titan	Asteroid Serpentis Titan	Entity
40671	True Sansha's Supercarrier	Asteroid Sansha's Nation Supercarrier	Entity
40725	Guri Hivaa Killer	Irregular Frigate	Entity
40726	Guri Hivaa Assassin	Irregular Cruiser	Entity
40727	Guri Hivaa Rokosabai	Irregular Battleship	Entity
40728	Rakka's Rattlesnake	Irregular Battleship	Entity
40729	Kazue's Caiman	Irregular Dreadnought	Entity
41030	'Excavator' Mining Drone	Mining Drone	Drone
41338	Emergent Retainer	Deadspace Sleeper Emergent Sentinel	Entity
41339	Small CONCORD Billboard	Billboard	Entity
41340	Medium CONCORD Billboard	Billboard	Entity
41341	Large CONCORD Billboard	Billboard	Entity
41396	Domination Dreadnought	Asteroid Angel Cartel Dreadnought	Entity
41397	Dark Blood Dreadnought	Asteroid Blood Raider Dreadnought	Entity
41398	Dread Guristas Dreadnought	Asteroid Guristas Dreadnought	Entity
41399	True Sansha's Dreadnought	Asteroid Sansha's Nation Dreadnought	Entity
41400	Shadow Serpentis Dreadnought	Asteroid Serpentis Dreadnought	Entity
41401	Sentient Infested Carrier	Asteroid Rogue Drone Carrier	Entity
41589	Decloaked Transmission Relay	Deadspace Overseer's Structure	Entity
42117	Research Cache	Spawn Container	Entity
42118	Research Warehouse	Spawn Container	Entity
42119	Research Vault	Spawn Container	Entity
42124	Vehement	Dreadnought	Ship
42125	Vendetta	Supercarrier	Ship
42126	Vanquisher	Titan	Ship
42127	Guardian Angels Jeremael	Irregular Frigate	Entity
42128	Guardian Angels Jehoel	Irregular Cruiser	Entity
42129	Guardian Angels Hanael	Irregular Battlecruiser	Entity
42132	Vanguard	Carrier	Ship
42133	Venerable	Force Auxiliary	Ship
42139	Serpentis Guard	Roaming Serpentis Battleship	Entity
42140	Serpentis Guard	Roaming Serpentis Cruiser	Entity
42141	Serpentis Guard	Roaming Serpentis Frigate	Entity
42142	Angel Cartel Guard	Roaming Angel Cartel Battleship	Entity
42143	Angel Cartel Guard	Roaming Angel Cartel Cruiser	Entity
42144	Angel Cartel Guard	Roaming Angel Cartel Frigate	Entity
42235	Blood Raider Patroller	Roaming Blood Raider Cruiser	Entity
42236	Blood Raider Patroller	Roaming Blood Raider Frigate	Entity
42237	Blood Raider Patroller	Roaming Blood Raider Battlecruiser	Entity
42238	Blood Raider Battleship	Irregular Battleship	Entity
42239	Blood Raider Patroller	Roaming Blood Raider Battleship	Entity
42241	Molok	Titan	Ship
42242	Dagon	Force Auxiliary	Ship
42243	Chemosh	Dreadnought	Ship
42244	Porpoise	Industrial Command Ship	Ship
42245	Rabisu	Logistics	Ship
42246	Caedes	Covert Ops	Ship
42512	Purist Apostle	Irregular Frigate	Entity
42513	Purist Papal	Irregular Cruiser	Entity
42514	Purist Cardinal	Irregular Battlecruiser	Entity
42533	♦ Venture	♦ Mining Frigate	Entity
42534	♦ Retriever	♦ Mining Barge	Entity
42535	♦ Skiff	♦ Mining Exhumer	Entity
42538	Drifter Hive	Large Collidable Structure	Entity
42638	Info Shard	Spawn Container	Entity
42654	♦ Bestower	♦ Mining Hauler	Entity
42655	♦ Impel	♦ Mining Hauler	Entity
42656	♦ Badger	♦ Mining Hauler	Entity
42657	♦ Bustard	♦ Mining Hauler	Entity
42658	♦ Iteron Mark V	♦ Mining Hauler	Entity
42659	♦ Occator	♦ Mining Hauler	Entity
42660	♦ Mammoth	♦ Mining Hauler	Entity
42661	♦ Mastodon	♦ Mining Hauler	Entity
42663	Wrecked Amarr Apocalypse Battleship	Spawn Container	Entity
42664	Wrecked Amarr Armageddon Battleship	Spawn Container	Entity
42665	Wrecked Caldari Raven Battleship	Spawn Container	Entity
42666	Wrecked Caldari Scorpion Battleship	Spawn Container	Entity
42667	Wrecked Gallente Dominix Battleship	Spawn Container	Entity
42668	Wrecked Gallente Megathron Battleship	Spawn Container	Entity
42669	Wrecked Minmatar Typhoon Battleship	Spawn Container	Entity
42670	Wrecked Minmatar Tempest Battleship	Spawn Container	Entity
42685	Sunesis	Destroyer	Ship
42690	Warp Disruption Generator	Large Collidable Structure	Entity
42692	Circadian Seeker	Seeker Scouts	Entity
42693	Circadian Seeker	Seeker Scouts	Entity
42814	Resource Crate	Spawn Container	Entity
42815	Vengeful Blade Minmatar Frigate	Hidden Zenith Minmatar Frigate	Entity
42816	Drifter Battleship	Hidden Zenith Drifters	Entity
42817	Cleansing Flame Amarr Battleship	Hidden Zenith Amarr Battleship	Entity
42818	Cleansing Flame Amarr Cruiser	Hidden Zenith Amarr Cruiser	Entity
42819	Cleansing Flame Amarr Frigate	Hidden Zenith Amarr Frigate	Entity
42820	Black Edge Caldari Battleship	Hidden Zenith Caldari Battleship	Entity
42821	Black Edge Caldari Cruiser	Hidden Zenith Caldari Cruiser	Entity
42822	Black Edge Caldari Frigate	Hidden Zenith Caldari Frigate	Entity
42823	Liberty Spear Gallente Battleship	Hidden Zenith Gallente Battleship	Entity
42824	Liberty Spear Gallente Cruiser	Hidden Zenith Gallente Cruiser	Entity
42825	Liberty Spear Gallente Frigate	Hidden Zenith Gallente Frigate	Entity
42826	Vengeful Blade Minmatar Battleship	Hidden Zenith Minmatar Battleship	Entity
42827	Vengeful Blade Minmatar Cruiser	Hidden Zenith Minmatar Cruiser	Entity
42841	♦ Tormentor	♦ Frigate	Entity
42842	♦ Inquisitor	♦ Frigate	Entity
42843	♦ Executioner	♦ Frigate	Entity
42844	Amarr Apostle	Hidden Zenith Amarr Capital	Entity
42845	♦ Crucifier	♦ Frigate	Entity
42846	♦ Punisher	♦ Frigate	Entity
42847	Caldari Minokawa	Hidden Zenith Caldari Capital	Entity
42848	Gallente Ninazu	Hidden Zenith Gallente Capital	Entity
42849	Minmatar Lif	Hidden Zenith Minmatar Capital	Entity
42862	Amarr Avatar Titan	Spawn Container	Entity
42863	Caldari Leviathan Titan	Spawn Container	Entity
42864	Gallente Erebus Titan	Spawn Container	Entity
42865	Minmatar Ragnarok Titan	Spawn Container	Entity
43557	♦ Omen	♦ Cruiser	Entity
43558	♦ Augoror	♦ Cruiser	Entity
43559	♦ Arbitrator	♦ Cruiser	Entity
43560	♦ Maller	♦ Cruiser	Entity
43561	♦ Apocalypse	♦ Battleship	Entity
43562	♦ Armageddon	♦ Battleship	Entity
43563	♦ Kestrel	♦ Frigate	Entity
43564	♦ Bantam	♦ Frigate	Entity
43565	♦ Condor	♦ Frigate	Entity
43566	♦ Merlin	♦ Frigate	Entity
43567	♦ Griffin	♦ Frigate	Entity
43568	♦ Caracal	♦ Cruiser	Entity
43569	♦ Osprey	♦ Cruiser	Entity
43570	♦ Moa	♦ Cruiser	Entity
43571	♦ Blackbird	♦ Cruiser	Entity
43572	♦ Raven	♦ Battleship	Entity
43573	♦ Scorpion	♦ Battleship	Entity
43574	♦ Incursus	♦ Frigate	Entity
43575	♦ Navitas	♦ Frigate	Entity
43576	♦ Atron	♦ Frigate	Entity
43577	♦ Maulus	♦ Frigate	Entity
43578	♦ Tristan	♦ Frigate	Entity
43579	♦ Thorax	♦ Cruiser	Entity
43580	♦ Exequror	♦ Cruiser	Entity
43581	♦ Celestis	♦ Cruiser	Entity
43582	♦ Vexor	♦ Cruiser	Entity
43583	♦ Megathron	♦ Battleship	Entity
43584	♦ Dominix	♦ Battleship	Entity
43585	♦ Rifter	♦ Frigate	Entity
43586	♦ Burst	♦ Frigate	Entity
43587	♦ Slasher	♦ Frigate	Entity
43588	♦ Vigil	♦ Frigate	Entity
43589	♦ Breacher	♦ Frigate	Entity
43590	♦ Rupture	♦ Cruiser	Entity
43591	♦ Scythe	♦ Cruiser	Entity
43592	♦ Bellicose	♦ Cruiser	Entity
43593	♦ Stabber	♦ Cruiser	Entity
43594	♦ Tempest	♦ Battleship	Entity
43595	♦ Typhoon	♦ Battleship	Entity
43596	♦ Punisher	♦ Frigate	Entity
43597	♦ Inquisitor	♦ Frigate	Entity
43598	♦ Executioner	♦ Frigate	Entity
43599	♦ Crucifier	♦ Frigate	Entity
43600	♦ Cruor	♦ Frigate	Entity
43601	♦ Omen	♦ Cruiser	Entity
43602	♦ Augoror	♦ Cruiser	Entity
43603	♦ Arbitrator	♦ Cruiser	Entity
43604	♦ Ashimmu	♦ Cruiser	Entity
43605	♦ Apocalypse	♦ Battleship	Entity
43606	♦ Bhaalgorn	♦ Battleship	Entity
43612	♦ Badger	♦ Mining Hauler	Entity
43613	♦ Bustard	♦ Mining Hauler	Entity
43614	♦ Kestrel	♦ Frigate	Entity
43615	♦ Bantam	♦ Frigate	Entity
43616	♦ Condor	♦ Frigate	Entity
43617	♦ Worm	♦ Frigate	Entity
43618	♦ Griffin	♦ Frigate	Entity
43622	♦ Caracal	♦ Cruiser	Entity
43623	♦ Osprey	♦ Cruiser	Entity
43624	♦ Gila	♦ Cruiser	Entity
43625	♦ Blackbird	♦ Cruiser	Entity
43626	♦ Raven	♦ Battleship	Entity
43627	♦ Rattlesnake	♦ Battleship	Entity
43633	♦ Dramiel	♦ Frigate	Entity
43634	♦ Swordspine	♦ Frigate	Entity
43635	♦ Fury	♦ Frigate	Entity
43636	♦ Medusa	♦ Frigate	Entity
43638	♦ Lynx	♦ Frigate	Entity
43641	♦ Cynabal	♦ Cruiser	Entity
43642	♦ Ixion	♦ Cruiser	Entity
43643	♦ Machariel	♦ Battleship	Entity
43644	Barracuda Drone	♦ Frigate	Entity
43645	Atomizer Drone	♦ Frigate	Entity
43646	Infester Drone	♦ Frigate	Entity
43647	Splinter Drone	♦ Frigate	Entity
43648	Sunder Drone	♦ Frigate	Entity
43649	♦ Annihilator Drone	♦ Cruiser	Entity
43650	♦ Infested Dominix	♦ Battleship	Entity
43653	♦ Succubus	♦ Frigate	Entity
43654	♦ Ravener	♦ Frigate	Entity
43655	♦ Imp	♦ Frigate	Entity
43656	♦ Phantasm	♦ Cruiser	Entity
43657	♦ Nightmare	♦ Battleship	Entity
43681	'Excavator' Ice Harvesting Drone	Mining Drone	Drone
43694	'Augmented' Mining Drone	Mining Drone	Drone
43699	Ice Harvesting Drone I	Mining Drone	Drone
43700	Ice Harvesting Drone II	Mining Drone	Drone
43701	'Augmented' Ice Harvesting Drone	Mining Drone	Drone
43922	CloneJacker Punk	Minor Threat	Entity
43923	Belter Hoodlum	Minor Threat	Entity
43924	Narco Pusher	Minor Threat	Entity
44107	♦ Succubus	♦ Frigate	Entity
44108	♦ Succubus	♦ Frigate	Entity
44253	TEST Structure	Structure Entities	Entity
44274	QA Salvage Drone	Salvage Drone	Drone
44279	Blasted Neon Sign	Spawn Container	Entity
44953	♦ Purifier	♦ Frigate	Entity
44993	Pacifier	Covert Ops	Ship
44995	Enforcer	Force Recon Ship	Ship
44996	Marshal	Black Ops	Ship
45006	♦ Sotiyo	♦ Engineering Complex	Structure
45050	Amarr CA Frigate	Mission Amarr Empire Frigate	Entity
45051	Amarr CA Destroyer	Mission Amarr Empire Destroyer	Entity
45055	♦ Bhaalgorn	♦ Battleship	Entity
45056	♦ Apocalypse	♦ Battleship	Entity
45057	Amarr CA Cruiser	Mission Amarr Empire Cruiser	Entity
45461	Caldari CA Frigate	Mission Caldari State Frigate	Entity
45462	Caldari CA Destroyer	Mission Caldari State Destroyer	Entity
45463	Caldari CA Cruiser	Mission Caldari State Cruiser	Entity
45464	Gallente CA Frigate	Mission Gallente Federation Frigate	Entity
45465	Gallente CA Destroyer	Mission Gallente Federation Destroyer	Entity
45466	Gallente CA Cruiser	Mission Gallente Federation Cruiser	Entity
45467	Minmatar CA Frigate	Mission Minmatar Republic Frigate	Entity
45468	Minmatar CA Destroyer	Mission Minmatar Republic Destroyer	Entity
45469	Minmatar CA Cruiser	Mission Minmatar Republic Cruiser	Entity
45470	♦ Chemosh	♦ Dreadnought	Entity
45471	♦ Molok	♦ Titan	Entity
45472	♦ Molok	♦ Titan	Entity
45473	♦ Dagon	♦ Force Auxiliary	Entity
45474	♦ Chemosh	♦ Dreadnought	Entity
45530	Virtuoso	Stealth Bomber	Ship
45531	Victor	Force Recon Ship	Ship
45534	Monitor	Flag Cruiser	Ship
45636	Swarm Overmind Tertius	Deadspace Rogue Drone Cruiser	Entity
45637	Swarm Overmind Secundus	Deadspace Rogue Drone BattleCruiser	Entity
45638	Swarm Overmind Primus	Deadspace Rogue Drone Battleship	Entity
45645	Loggerhead	Force Auxiliary	Ship
45647	Caiman	Dreadnought	Ship
45649	Komodo	Titan	Ship
45651	Able_PLACEHOLDER	Support Fighter	Fighter
45669	Baker_PLACEHOLDER	Light Fighter	Fighter
45671	Charlie_PLACEHOLDER	Light Fighter	Fighter
45673	Dog_PLACEHOLDER	Heavy Fighter	Fighter
45675	Easy_PLACEHOLDER	Heavy Fighter	Fighter
45680	♦ Cruor	♦ Frigate	Entity
46027	Redtail Shark	Mission Generic Battleships	Entity
46046	♦ Orca	♦ Industrial Command	Entity
46047	♦ Orca	♦ Industrial Command	Entity
46048	♦ Orca	♦ Industrial Command	Entity
46049	♦ Orca	♦ Industrial Command	Entity
46052	♦ Cruor	♦ Frigate	Entity
46053	♦ Worm	♦ Frigate	Entity
46054	♦ Ashimmu	♦ Cruiser	Entity
46055	♦ Bhaalgorn	♦ Battleship	Entity
46056	♦ Gila	♦ Cruiser	Entity
46057	♦ Rattlesnake	♦ Battleship	Entity
46058	♦ Daredevil	♦ Frigate	Entity
46059	♦ Vigilant	♦ Cruiser	Entity
46060	♦ Vindicator	♦ Battleship	Entity
46061	♦ Dramiel	♦ Frigate	Entity
46062	♦ Cynabal	♦ Cruiser	Entity
46063	♦ Machariel	♦ Battleship	Entity
46066	♦ Punisher	♦ Frigate	Entity
46067	♦ Omen	♦ Cruiser	Entity
46068	♦ Harbinger	♦ Battlecruiser	Entity
46069	♦ Apocalypse	♦ Battleship	Entity
46070	♦ Merlin	♦ Frigate	Entity
46071	♦ Caracal	♦ Cruiser	Entity
46072	♦ Drake	♦ Battlecruiser	Entity
46073	♦ Raven	♦ Battleship	Entity
46074	♦ Incursus	♦ Frigate	Entity
46075	♦ Thorax	♦ Cruiser	Entity
46076	♦ Brutix	♦ Battlecruiser	Entity
46077	♦ Megathron	♦ Battleship	Entity
46078	♦ Rifter	♦ Frigate	Entity
46079	♦ Rupture	♦ Cruiser	Entity
46080	♦ Hurricane	♦ Battlecruiser	Entity
46081	♦ Tempest	♦ Battleship	Entity
46261	Circadian Seeker	Seeker Scouts	Entity
46275	Redtail Shark	Mission Generic Battleships	Entity
46279	The Quartermaster	Mission Container	Entity
46335	Compromised Stasis Vault	Spawn Container	Entity
46343	Eosian Preserver	Irregular Cruiser	Entity
46344	Eosian Defender	Irregular Frigate	Entity
46345	Eosian Warden	Irregular Destroyer	Entity
46346	Eosian Sentinel	Irregular Cruiser	Entity
46347	Eosian Inquisitor	Irregular Cruiser	Entity
46348	Eosian Safeguard	Irregular Battleship	Entity
46349	Eosian Upholder	Irregular Battleship	Entity
46363	Guristas Pirates Stronghold	♦ Stronghold	Structure
46364	Blood Raiders Stronghold	♦ Stronghold	Structure
46382	♦ Kestrel	♦ Frigate	Entity
46523	♦ Rattlesnake	♦ Battleship	Entity
46524	♦ Raven	♦ Battleship	Entity
46581	♦ Caracal	♦ Cruiser	Entity
46653	♦ Caiman	♦ Dreadnought	Entity
46654	♦ Caiman	♦ Dreadnought	Entity
46760	♦ Moa	♦ Cruiser	Entity
47035	Standup Templar I	Structure Light Fighter	Fighter
47036	Standup Gram I	Structure Light Fighter	Fighter
47037	Standup Siren I	Structure Support Fighter	Fighter
47038	Standup Mantis I	Structure Heavy Fighter	Fighter
47039	Standup Gungnir I	Structure Heavy Fighter	Fighter
47116	Standup Malleus I	Structure Heavy Fighter	Fighter
47117	Standup Cyclops I	Structure Heavy Fighter	Fighter
47118	Standup Tyrfing I	Structure Heavy Fighter	Fighter
47119	Standup Malleus II	Structure Heavy Fighter	Fighter
47120	Standup Mantis II	Structure Heavy Fighter	Fighter
47121	Standup Cyclops II	Structure Heavy Fighter	Fighter
47122	Standup Tyrfing II	Structure Heavy Fighter	Fighter
47123	Standup Shadow	Structure Heavy Fighter	Fighter
47124	Standup Ametat I	Structure Heavy Fighter	Fighter
47125	Standup Termite I	Structure Heavy Fighter	Fighter
47126	Standup Antaeus I	Structure Heavy Fighter	Fighter
47127	Standup Ametat II	Structure Heavy Fighter	Fighter
47128	Standup Termite II	Structure Heavy Fighter	Fighter
47129	Standup Antaeus II	Structure Heavy Fighter	Fighter
47130	Standup Gungnir II	Structure Heavy Fighter	Fighter
47131	Standup Cenobite I	Structure Support Fighter	Fighter
47132	Standup Scarab I	Structure Support Fighter	Fighter
47133	Standup Dromi I	Structure Support Fighter	Fighter
47134	Standup Cenobite II	Structure Support Fighter	Fighter
47135	Standup Scarab II	Structure Support Fighter	Fighter
47136	Standup Siren II	Structure Support Fighter	Fighter
47137	Standup Dromi II	Structure Support Fighter	Fighter
47138	Standup Dragonfly I	Structure Light Fighter	Fighter
47139	Standup Firbolg I	Structure Light Fighter	Fighter
47140	Standup Einherji I	Structure Light Fighter	Fighter
47141	Standup Templar II	Structure Light Fighter	Fighter
47142	Standup Dragonfly II	Structure Light Fighter	Fighter
47143	Standup Firbolg II	Structure Light Fighter	Fighter
47144	Standup Einherji II	Structure Light Fighter	Fighter
47145	Standup Equite I	Structure Light Fighter	Fighter
47146	Standup Locust I	Structure Light Fighter	Fighter
47147	Standup Satyr I	Structure Light Fighter	Fighter
47148	Standup Equite II	Structure Light Fighter	Fighter
47149	Standup Locust II	Structure Light Fighter	Fighter
47150	Standup Satyr II	Structure Light Fighter	Fighter
47151	Standup Gram II	Structure Light Fighter	Fighter
47153	Drifter Cruiser	Drifter Reinforcements	Entity
47180	Khaitetha's Nidhoggur	Irregular Carrier	Entity
47181	Otuwiri's Thanatos	Irregular Carrier	Entity
47194	♦ test_drone_damage	♦ Frigate	Entity
47195	♦ test_drone_logi	♦ Frigate	Entity
47196	♦ test_damage	♦ Frigate	Entity
47197	♦ test_ewar	♦ Frigate	Entity
47198	♦ test_boss	♦ Battleship	Entity
47269	Damavik	Frigate	Ship
47270	Vedmak	Cruiser	Ship
47271	Leshak	Battleship	Ship
47275	Guardian Angels Barachael	Irregular Battleship	Entity
47276	Guardian Angels Cherubim	Irregular Fighter	Entity
47277	Serpentis Inquest Viper	Irregular Fighter	Entity
47401	Seeker Bunker	Large Collidable Structure	Entity
47449	Inert Capsule	Spawn Container	Entity
47457	Secured Guristas Cache	Scatter Container	Entity
47459	Drifter Cruiser	Drifter Reinforcements	Entity
47466	Praxis	Battleship	Ship
47488	Sentry Tower	Destructible Sentry Gun	Entity
47489	Seeker Eluder	Seeker Scouts	Entity
47490	Seeker Flare	Seeker Scouts	Entity
47491	Seeker Trauma	Seeker Scouts	Entity
47492	Seeker Pacekeeper	Seeker Scouts	Entity
47512	'Moreau' Fortizar	Citadel	Structure
47513	'Draccous' Fortizar	Citadel	Structure
47514	'Horizon' Fortizar	Citadel	Structure
47515	'Marginis' Fortizar	Citadel	Structure
47516	'Prometheus' Fortizar	Citadel	Structure
47542	Seeker Aurora	Seeker Scouts	Entity
47543	Seeker Nova	Seeker Scouts	Entity
47715	Noumenal Impeder	Irregular Frigate	Entity
47717	Noumenal Obstructor	Irregular Frigate	Entity
47718	Noumenal Divider	Irregular Destroyer	Entity
47719	Noumenal Silencer	Irregular Cruiser	Entity
47720	Noumenal Suppressor	Irregular Cruiser	Entity
47721	Noumenal Interruptor	Irregular Battlecruiser	Entity
47722	Drifter Strike Cruiser	Irregular Cruiser	Entity
47723	Drifter Strike Battleship	Irregular Battleship	Entity
47724	Drifter Strike Commander	Irregular Battleship	Entity
47727	GFX Test Vargur 1/2	Marauder	Ship
47728	GFX Test Vargur 2/2	Marauder	Ship
47847	Sparkneedle Tessella	Abyssal Drone Entities	Entity
47848	Emberneedle Tessella	Abyssal Drone Entities	Entity
47849	Strikeneedle Tessella	Abyssal Drone Entities	Entity
47850	Fieldweaver Tessella	Abyssal Drone Entities	Entity
47851	Snarecaster Tessella	Abyssal Drone Entities	Entity
47852	Fogcaster Tessella	Abyssal Drone Entities	Entity
47853	Gazedimmer Tessella	Abyssal Drone Entities	Entity
47854	Spotlighter Tessella	Abyssal Drone Entities	Entity
47855	Blastneedle Tessella	Abyssal Drone Entities	Entity
47856	Sparklance Tessella	Abyssal Drone Entities	Entity
47857	Emberlance Tessella	Abyssal Drone Entities	Entity
47858	Strikelance Tessella	Abyssal Drone Entities	Entity
47859	Blastlance Tessella	Abyssal Drone Entities	Entity
47860	Plateforger Tessella	Abyssal Drone Entities	Entity
47876	Photic Abyssal Overmind	Abyssal Spaceship Entities	Entity
47877	Twilit Abyssal Overmind	Abyssal Spaceship Entities	Entity
47878	Bathyic Abyssal Overmind	Abyssal Spaceship Entities	Entity
47879	Hadal Abyssal Overmind	Abyssal Spaceship Entities	Entity
47880	Benthic Abyssal Overmind	Abyssal Spaceship Entities	Entity
47951	Triglavian Bioadaptive Cache	Precursor Cache	Entity
47953	Drifter Foothold Battleship	Abyssal Spaceship Entities	Entity
47954	Drifter Rearguard Battleship	Abyssal Spaceship Entities	Entity
47955	Drifter Frontline Battleship	Abyssal Spaceship Entities	Entity
47956	Drifter Vanguard Battleship	Abyssal Spaceship Entities	Entity
47957	Drifter Assault Battleship	Abyssal Spaceship Entities	Entity
47958	Drifter Entanglement Cruiser	Abyssal Spaceship Entities	Entity
47959	Drifter Nullwarp Cruiser	Abyssal Spaceship Entities	Entity
47960	Drifter Nullcharge Cruiser	Abyssal Spaceship Entities	Entity
48086	Ghosting Damavik	Abyssal Spaceship Entities	Entity
48087	Starving Vedmak	Abyssal Spaceship Entities	Entity
48088	Tangling Damavik	Abyssal Spaceship Entities	Entity
48089	Anchoring Damavik	Abyssal Spaceship Entities	Entity
48090	Starving Damavik	Abyssal Spaceship Entities	Entity
48091	Harrowing Vedmak	Abyssal Spaceship Entities	Entity
48092	Striking Damavik	Abyssal Spaceship Entities	Entity
48119	Official Federation Grand Prix Transport Ship	Irregular Industrial	Entity
48122	Striking Leshak	Abyssal Spaceship Entities	Entity
48123	Renewing Leshak	Abyssal Spaceship Entities	Entity
48124	Tangling Leshak	Abyssal Spaceship Entities	Entity
48125	Starving Leshak	Abyssal Spaceship Entities	Entity
48126	Warding Leshak	Abyssal Spaceship Entities	Entity
48127	Blinding Leshak	Abyssal Spaceship Entities	Entity
48128	Official Federation Grand Prix Passenger Yacht	Irregular Shuttle	Entity
48129	Excoriator Slaver	Irregular Frigate	Entity
48130	Auspex Slaver	Irregular Cruiser	Entity
48131	Manuzivar Slaver	Irregular Battleship	Entity
48132	Bestower Livestock Transport	Irregular Industrial	Entity
48133	Human Containment Facility	Spawn Container	Entity
48134	Justice Liberator	♦ Industrial Command	Entity
48234	Ephialtes Lancer	Abyssal Spaceship Entities	Entity
48235	Ephialtes Entangler	Abyssal Spaceship Entities	Entity
48236	Ephialtes Spearfisher	Abyssal Spaceship Entities	Entity
48237	Ephialtes Illuminator	Abyssal Spaceship Entities	Entity
48238	Ephialtes Dissipator	Abyssal Spaceship Entities	Entity
48239	Ephialtes Obfuscator	Abyssal Spaceship Entities	Entity
48240	Ephialtes Confuser	Abyssal Spaceship Entities	Entity
48241	Lucid Escort	Abyssal Spaceship Entities	Entity
48245	Lucid Aegis	Abyssal Spaceship Entities	Entity
48246	Lucid Warden	Abyssal Spaceship Entities	Entity
48247	Lucid Firewatcher	Abyssal Spaceship Entities	Entity
48248	Lucid Watchman	Abyssal Spaceship Entities	Entity
48249	Lucid Upholder	Abyssal Spaceship Entities	Entity
48250	Lucid Sentinel	Abyssal Spaceship Entities	Entity
48251	Lucid Preserver	Abyssal Spaceship Entities	Entity
48252	Lucid Deepwatcher	Abyssal Spaceship Entities	Entity
48253	Vila Swarmer	Abyssal Drone Entities	Entity
48255	Harrowing Vila Vedmak	Abyssal Spaceship Entities	Entity
48256	Striking Vila Damavik	Abyssal Spaceship Entities	Entity
48257	Tangling Vila Damavik	Abyssal Spaceship Entities	Entity
48258	Anchoring Vila Damavik	Abyssal Spaceship Entities	Entity
48259	Shining Vila Damavik	Abyssal Spaceship Entities	Entity
48260	Blinding Vila Damavik	Abyssal Spaceship Entities	Entity
48261	Ghosting Vila Damavik	Abyssal Spaceship Entities	Entity
48262	Sparkgrip Tessera	Abyssal Drone Entities	Entity
48263	Embergrip Tessera	Abyssal Drone Entities	Entity
48264	Strikegrip Tessera	Abyssal Drone Entities	Entity
48265	Blastgrip Tessera	Abyssal Drone Entities	Entity
48545	Seeker Retainer	Seeker Scouts	Entity
48567	Circadian Seeker	Seeker Scouts	Entity
48568	Seeker Escort	Seeker Scouts	Entity
48569	Seeker Elite Interceptor	Seeker Scouts	Entity
48570	Seeker Interceptor	Seeker Scouts	Entity
48571	Circadian Seeker Resister	Seeker Scouts	Entity
48572	Circadian Seeker Basal	Seeker Scouts	Entity
48573	Seeker Safeguard	Seeker Scouts	Entity
48575	Seeker Guardian	Seeker Scouts	Entity
48583	♦ DED Special Operation Captain	♦ Cruiser	Entity
48594	Sentry Tower	Destructible Sentry Gun	Entity
48635	Tiamat	Force Recon Ship	Ship
48636	Hydra	Covert Ops	Ship
48640	Circadian Seeker Sniper	Seeker Scouts	Entity
48647	Seeker Upholder	Seeker Scouts	Entity
48648	Citizen Venture	Citizen Ships	Ship
48652	Unstable Wreckage	Large Collidable Structure	Entity
48743	Disabled Swarm Overmind	Spawn Container	Entity
48744	'Subverted' JVN-UC49	Combat Drone	Drone
48779	Drop-off Container	Spawn Container	Entity
48799	Swarm Overmind Tertius x01	Irregular Battleship	Entity
48800	Swarm Overmind Primus x01	Irregular Battleship	Entity
48801	Swarm Overmind Secundus x01	Irregular Battleship	Entity
48899	Deployable Billboard	Deployable Advertisement	Deployable
48900	Wrecker Alvum	Irregular Cruiser	Entity
48901	Destructor Alvum	Irregular Cruiser	Entity
48902	Shatter Alvior	Irregular Destroyer	Entity
48903	Ripper Alvior	Irregular Destroyer	Entity
48904	Infester Alvi	Irregular Frigate	Entity
48905	Splinter Alvi	Irregular Frigate	Entity
48906	Decimator Alvi	Irregular Frigate	Entity
48907	Render Alvi	Irregular Frigate	Entity
48929	Moth Apis	Irregular Drone	Entity
48930	Dragonfly Apis	Irregular Drone	Entity
48931	Termite Apis	Irregular Drone	Entity
48932	Scorpionfly Apis	Irregular Drone	Entity
48936	November Nightmare	Irregular Battleship	Entity
48937	November Cruiser Fast	Irregular Cruiser	Entity
48938	November Cruiser Strong	Irregular Cruiser	Entity
48939	November Cruiser Weak	Irregular Cruiser	Entity
48940	November Frigate Fast	Irregular Frigate	Entity
48941	November Frigate Strong	Irregular Frigate	Entity
48942	November Frigate Weak	Irregular Frigate	Entity
48943	November Destroyer	Irregular Destroyer	Entity
48955	Deathglow Bottomfeeder	Irregular Frigate	Entity
48956	Deathglow Filthraker	Irregular Cruiser	Entity
48957	Deathglow Scumlord	Irregular Battleship	Entity
48958	Deathglow Brainjuicer	Irregular Destroyer	Entity
48959	Deathglow Splendorcook	Irregular Battlecruiser	Entity
48961	Deathglow Harvest Silo	Large Collidable Structure	Entity
48962	Cookhouse Shielding Projector	Large Collidable Structure	Entity
48969	November Hulk	Irregular - Unidentified	Entity
49118	Raven Hulk	Irregular Battleship	Entity
49120	Typhoon Hulk	Irregular Battleship	Entity
49122	Megathron Hulk	Irregular Battleship	Entity
49124	Armageddon Hulk	Irregular Battleship	Entity
49534	Guristas Frigate	Irregular Frigate	Entity
49535	Guristas Destroyer	Irregular Destroyer	Entity
49536	Guristas Cruiser	Irregular Cruiser	Entity
49537	Guristas Battlecruiser	Irregular Battlecruiser	Entity
49600	Upwell Monument 1M	Upwell Monument	Structure
49601	Upwell Monument 1F	Upwell Monument	Structure
49661	Triglavian Extraction SubNode	Precursor Cache	Entity
49662	Triglavian Extraction Node	Precursor Cache	Entity
49663	Triglavian Extraction Nexus	Precursor Cache	Entity
49689	Triglavian Biocombinative Cache	Precursor Cache	Entity
49690	Triglavian Cladistic Cache	Precursor Cache	Entity
49694	Guristas Research Convoy	Irregular Freighter	Entity
49695	Guristas Research Convoy	Irregular Freighter	Entity
49710	Kikimora	Destroyer	Ship
49711	Drekavac	Combat Battlecruiser	Ship
49712	Rodiva	Cruiser	Ship
49713	Zarmazd	Logistics	Ship
49759	Frostline Industrial Warehouse Unit	Irregular Container	Entity
49763	Mordu's Legionnaire	Irregular Frigate	Entity
49764	Mordu's Decurion	Irregular Cruiser	Entity
49765	Mordu's Centurion	Irregular Battleship	Entity
49788	Frostline Logistics Node	Scatter Container	Entity
49793	Frostline Transporter	Irregular Industrial	Entity
49807	Mordu's Spatha	Irregular Frigate	Entity
49964	Frostline Gatherer	♦ Mining Exhumer	Entity
50023	Gala Missile Battery	Destructible Sentry Gun	Entity
50089	Circadian Seeker	Seeker Scouts	Entity
50090	Seeker Drone	Seeker Scouts	Entity
50092	Circadian Seeker	Seeker Scouts	Entity
50093	Drifter Battleship	Drifter Battleship	Entity
50097	Avatar	Hidden Zenith Amarr Capital	Entity
50100	Imperial Escort Aeon	Amarr Navy Roaming Capital	Entity
50104	Imperial Escort Punisher	Hidden Zenith Amarr Frigate	Entity
50105	Imperial Escort Omen	Hidden Zenith Amarr Cruiser	Entity
50106	Imperial Escort Carrier	Hidden Zenith Amarr Capital	Entity
50107	Imperial Escort Apocalypse	Hidden Zenith Amarr Battleship	Entity
50108	Imperial Escort Armageddon	Hidden Zenith Amarr Battleship	Entity
50109	Imperial Escort Providence	Irregular Freighter	Entity
50110	Imperial Escort Prophecy	Mission Amarr Empire Battlecruiser	Entity
50111	Imperial Escort Oracle	Mission Amarr Empire Battlecruiser	Entity
50117	Imperial Escort Maller	Hidden Zenith Amarr Cruiser	Entity
50165	Seeker Drone	Seeker Scouts	Entity
50176	Stasis Field Effect Subpylon	Temporary Collidable Structure	Entity
50177	ECM Field Effect Subpylon	Temporary Collidable Structure	Entity
50178	Energy Pulse Field Effect Subpylon	Temporary Collidable Structure	Entity
50179	Dampening Field Effect Subpylon	Temporary Collidable Structure	Entity
50180	Transport Field Effect Subpylon	Temporary Collidable Structure	Entity
52182	Liminal Damavik	Triglavian Entities	Entity
52183	Liminal Vedmak	Triglavian Entities	Entity
52184	Liminal Leshak	Triglavian Entities	Entity
52185	Liminal Kikimora	Triglavian Entities	Entity
52186	Liminal Rodiva	Triglavian Entities	Entity
52187	Liminal Drekavac	Triglavian Entities	Entity
52205	Starving Damavik	Triglavian Entities	Entity
52206	Harrowing Damavik	Triglavian Entities	Entity
52207	Anchoring Damavik	Triglavian Entities	Entity
52208	Renewing Damavik	Triglavian Entities	Entity
52209	Blinding Damavik	Triglavian Entities	Entity
52210	Ghosting Damavik	Triglavian Entities	Entity
52211	Harrowing Vedmak	Triglavian Entities	Entity
52212	Harrowing Kikimora	Triglavian Entities	Entity
52213	Anchoring Kikimora	Triglavian Entities	Entity
52214	Renewing Rodiva	Triglavian Entities	Entity
52215	Renewing Leshak	Triglavian Entities	Entity
52216	Blinding Leshak	Triglavian Entities	Entity
52217	Blinding Kikimora	Triglavian Entities	Entity
52218	Ghosting Drekavac	Triglavian Entities	Entity
52232	Tangling Damavik	Triglavian Entities	Entity
52233	Tangling Kikimora	Triglavian Entities	Entity
52234	Starving Drekavac	Triglavian Entities	Entity
52250	Nergal	Assault Frigate	Ship
52252	Ikitursa	Heavy Assault Cruiser	Ship
52254	Draugur	Command Destroyer	Ship
52267	Test Site Maller	Cruiser	Ship
52320	Zorya's Leshak	Triglavian Entities	Entity
52329	Empress Jamyl's Avatar	Hidden Zenith Amarr Capital	Entity
52336	Zorya's Hospodar TTC-3	Triglavian Entities	Entity
52337	Zorya's Hospodar TTC-243	Triglavian Entities	Entity
52338	Zorya's Hospodar TTC-729	Triglavian Entities	Entity
52359	Triglavian Graviton Monitor	Large Collidable Structure	Entity
52360	Triglavian Entropic Monitor	Large Collidable Structure	Entity
52361	World Ark (Xordazh-class)	Large Collidable Structure	Entity
52390	Triglavian Fermion Monitor	Large Collidable Structure	Entity
52473	Zorya's Drekavac	Triglavian Entities	Entity
52474	Zorya's Damavik	Triglavian Entities	Entity
52475	Zorya's Leshak	Triglavian Entities	Entity
52478	Sudenic Damavik	Triglavian Entities	Entity
52479	Sudenic Kikimora	Triglavian Entities	Entity
52480	Sudenic Vedmak	Triglavian Entities	Entity
52481	Sudenic Rodiva	Triglavian Entities	Entity
52482	Sudenic Drekavac	Triglavian Entities	Entity
52483	Sudenic Leshak	Triglavian Entities	Entity
52484	Anchoring Sudenic Damavik	Triglavian Entities	Entity
52485	Anchoring Sudenic Kikimora	Triglavian Entities	Entity
52486	Ghosting Sudenic Damavik	Triglavian Entities	Entity
52487	Ghosting Sudenic Drekavac	Triglavian Entities	Entity
52488	Starving Sudenic Damavik	Triglavian Entities	Entity
52489	Starving Sudenic Drekavac	Triglavian Entities	Entity
52490	Renewing Sudenic Damavik	Triglavian Entities	Entity
52491	Renewing Sudenic Rodiva	Triglavian Entities	Entity
52492	Renewing Sudenic Leshak	Triglavian Entities	Entity
52493	Blinding Sudenic Damavik	Triglavian Entities	Entity
52494	Blinding Sudenic Leshak	Triglavian Entities	Entity
52495	Tangling Sudenic Damavik	Triglavian Entities	Entity
52496	Tangling Sudenic Kikimora	Triglavian Entities	Entity
52497	Blinding Sudenic Kikimora	Triglavian Entities	Entity
52498	Harrowing Sudenic Damavik	Triglavian Entities	Entity
52499	Harrowing Sudenic Kikimora	Triglavian Entities	Entity
52500	Harrowing Sudenic Vedmak	Triglavian Entities	Entity
52501	Zorya's Voivode TTC-243	Triglavian Entities	Entity
52502	Zorya's Voivode TTC-3	Triglavian Entities	Entity
52503	Zorya's Voivode TTC-729	Triglavian Entities	Entity
52645	Raznaborg Damavik	Triglavian Entities	Entity
52646	Raznaborg Starving Damavik	Triglavian Entities	Entity
52647	Raznaborg Renewing Damavik	Triglavian Entities	Entity
52648	Raznaborg Blinding Damavik	Triglavian Entities	Entity
52649	Raznaborg Kikimora	Triglavian Entities	Entity
52650	Raznaborg Anchoring Damavik	Triglavian Entities	Entity
52651	Raznaborg Anchoring Kikimora	Triglavian Entities	Entity
52652	Raznaborg Ghosting Damavik	Triglavian Entities	Entity
52653	Raznaborg Blinding Kikimora	Triglavian Entities	Entity
52654	Raznaborg Tangling Damavik	Triglavian Entities	Entity
52655	Raznaborg Tangling Kikimora	Triglavian Entities	Entity
52656	Raznaborg Harrowing Damavik	Triglavian Entities	Entity
52657	Raznaborg Harrowing Kikimora	Triglavian Entities	Entity
52658	Zorya's Kikimora	Triglavian Entities	Entity
52659	Zorya's Vedmak	Triglavian Entities	Entity
52692	Chislov Leshak	Triglavian Entities	Entity
52700	Weapon Overcharge Subpylon	Large Collidable Structure	Entity
52701	Liminal Zirnitra	Triglavian Entities	Entity
52797	Amarr Cruiser	Irregular Cruiser	Entity
52815	TestDreadFriendly	Triglavian Entities	Entity
52833	Swarm Overmind #0102	Deadspace Rogue Drone Battleship	Entity
52834	Swarm Overmind #0415	Deadspace Rogue Drone Battleship	Entity
52835	Swarm Overmind #1801	Deadspace Rogue Drone Battleship	Entity
52836	Swarm Overmind #2025	Deadspace Rogue Drone Battleship	Entity
52842	Triglavian Stellar Observatory	Large Collidable Structure	Entity
52907	Zirnitra	Dreadnought	Ship
52923	Imperial Navy Sentinel	EDENCOM Entities	Entity
52924	Imperial Navy Deacon	EDENCOM Entities	Entity
52925	Imperial Navy Crusader	EDENCOM Entities	Entity
52926	Imperial Navy Guardian	EDENCOM Entities	Entity
52927	Imperial Navy Zealot	EDENCOM Entities	Entity
52928	Imperial Navy Pilgrim	EDENCOM Entities	Entity
52929	Imperial Navy Harbinger	EDENCOM Entities	Entity
52930	Imperial Navy Armageddon	EDENCOM Entities	Entity
52931	Imperial Navy Apocalypse	EDENCOM Entities	Entity
52932	State Navy Kitsune	EDENCOM Entities	Entity
52933	State Navy Kirin	EDENCOM Entities	Entity
52934	State Navy Raptor	EDENCOM Entities	Entity
52935	State Navy Basilisk	EDENCOM Entities	Entity
52936	State Navy Cerberus	EDENCOM Entities	Entity
52937	State Navy Rook	EDENCOM Entities	Entity
52938	State Navy Drake	EDENCOM Entities	Entity
52939	State Navy Scorpion	EDENCOM Entities	Entity
52940	State Navy Raven	EDENCOM Entities	Entity
52941	Federal Navy Keres	EDENCOM Entities	Entity
52947	Federal Navy Thalia	EDENCOM Entities	Entity
52948	Federal Navy Taranis	EDENCOM Entities	Entity
52949	Federal Navy Oneiros	EDENCOM Entities	Entity
52950	Federal Navy Deimos	EDENCOM Entities	Entity
52951	Federal Navy Lachesis	EDENCOM Entities	Entity
52952	Federal Navy Brutix	EDENCOM Entities	Entity
52953	Federal Navy Dominix	EDENCOM Entities	Entity
52954	Federal Navy Megathron	EDENCOM Entities	Entity
52955	Republic Fleet Hyena	EDENCOM Entities	Entity
52956	Republic Fleet Scalpel	EDENCOM Entities	Entity
52957	Republic Fleet Claw	EDENCOM Entities	Entity
52958	Republic Fleet Scimitar	EDENCOM Entities	Entity
52959	Republic Fleet Muninn	EDENCOM Entities	Entity
52960	Republic Fleet Huginn	EDENCOM Entities	Entity
52961	Republic Fleet Hurricane	EDENCOM Entities	Entity
52962	Republic Fleet Typhoon	EDENCOM Entities	Entity
52963	Republic Fleet Tempest	EDENCOM Entities	Entity
52964	Imperial Navy Revelation	EDENCOM Entities	Entity
52965	State Navy Karura	EDENCOM Entities	Entity
52966	Federal Navy Moros	EDENCOM Entities	Entity
52967	Republic Fleet Naglfar	EDENCOM Entities	Entity
53045	Triglavian Observatory Defense Subpylon	Large Collidable Structure	Entity
53046	CONCORD Observatory Overcharge Unit	Large Collidable Structure	Entity
53047	CONCORD Stellar Observatory	Large Collidable Structure	Entity
53080	Survey Array	Large Collidable Structure	Entity
53081	Survey Ship	Spawn Container	Entity
53084	Drone Hive	Destructible Sentry Gun	Entity
53085	Supply Cache	Scatter Container	Entity
53292	Triglavian Stellar Accelerator	Large Collidable Structure	Entity
53294	Triglavian Biocombinative Schematic Cache	Precursor Cache	Entity
53305	Overcharge Node	Large Collidable Structure	Entity
53321	Swarm C	Deadspace Rogue Drone Swarm	Entity
53322	Swarm G	Deadspace Rogue Drone Swarm	Entity
53323	Frigate	Deadspace Rogue Drone Frigate	Entity
53324	Cruiser	Deadspace Rogue Drone Cruiser	Entity
53325	Cruiser Elite	Deadspace Rogue Drone Cruiser	Entity
53326	Battleship Elite	Deadspace Rogue Drone Battleship	Entity
53390	Liminal Zirnitra	Triglavian Entities	Entity
53520	Vimoksha Envoy	Irregular Battleship	Entity
53523	Dragonaurs Drake	Irregular Battlecruiser	Entity
53524	Dragonaurs Osprey Navy Issue	Irregular Cruiser	Entity
53525	Dragonaurs Caracal	Irregular Cruiser	Entity
53526	Dragonaurs Moa	Irregular Cruiser	Entity
53527	Dragonaurs Cormorant	Irregular Destroyer	Entity
53528	Dragonaurs Manticore	Irregular Frigate	Entity
53534	♦ Bowhead	♦ Industrial Command	Entity
53560	♦ Iteron Mk. V	♦ Mining Hauler	Entity
53561	♦ Charon	♦ Mining Hauler	Entity
53568	♦ Providence	♦ Industrial Command	Entity
53569	♦ Obelisk	♦ Mining Hauler	Entity
53570	♦ Bestower	♦ Mining Hauler	Entity
53836	Pohviz Spatial Displacer	Temporary Collidable Structure	Entity
53838	Nemiz Pulse Destructor	Temporary Collidable Structure	Entity
53926	Carousing Dramiel	Irregular Frigate	Entity
53927	Carousing Daredevil	Irregular Frigate	Entity
53928	Carousing Hound	Irregular Frigate	Entity
53929	Carousing Nemesis	Irregular Frigate	Entity
53930	Carousing Vigil	Irregular Frigate	Entity
53931	Carousing Hyena	Irregular Frigate	Entity
53932	Carousing Maulus	Irregular Frigate	Entity
53933	Carousing Keres	Irregular Frigate	Entity
53934	Carousing Talwar	Irregular Destroyer	Entity
53935	Carousing Catalyst	Irregular Destroyer	Entity
53936	Carousing Cynabal	Irregular Cruiser	Entity
53937	Carousing Vigilant	Irregular Cruiser	Entity
53938	Carousing Huginn	Irregular Cruiser	Entity
53939	Carousing Celestis	Irregular Cruiser	Entity
53940	Carousing Lachesis	Irregular Cruiser	Entity
53941	Carousing Exequror	Irregular Cruiser	Entity
53942	Carousing Oneiros	Irregular Cruiser	Entity
53943	Carousing Tornado	Irregular Battlecruiser	Entity
53944	Carousing Talos	Irregular Battlecruiser	Entity
53945	Carousing Machariel	Irregular Battleship	Entity
53946	Carousing Vindicator	Irregular Battleship	Entity
53947	Guardian's Gala Emcee Vindicator	Irregular Battleship	Entity
53948	Guardian's Gala VIP Emcee Machariel	Irregular Battleship	Entity
54000	Scout Imperial Navy Sentinel	EDENCOM Entities	Entity
54001	Scout Imperial Navy Deacon	EDENCOM Entities	Entity
54002	Scout Imperial Navy Crusader	EDENCOM Entities	Entity
54003	Scout Imperial Navy Guardian	EDENCOM Entities	Entity
54004	Scout Imperial Navy Zealot	EDENCOM Entities	Entity
54005	Scout Imperial Navy Pilgrim	EDENCOM Entities	Entity
54006	Scout Imperial Navy Harbinger	EDENCOM Entities	Entity
54007	Scout Imperial Navy Armageddon	EDENCOM Entities	Entity
54008	Scout Imperial Navy Apocalypse	EDENCOM Entities	Entity
54009	Elite Imperial Navy Sentinel	EDENCOM Entities	Entity
54010	Elite Imperial Navy Deacon	EDENCOM Entities	Entity
54011	Elite Imperial Navy Crusader	EDENCOM Entities	Entity
54012	Elite Imperial Navy Guardian	EDENCOM Entities	Entity
54013	Elite Imperial Navy Zealot	EDENCOM Entities	Entity
54014	Elite Imperial Navy Pilgrim	EDENCOM Entities	Entity
54015	Elite Imperial Navy Harbinger	EDENCOM Entities	Entity
54016	Elite Imperial Navy Armageddon	EDENCOM Entities	Entity
54017	Elite Imperial Navy Apocalypse	EDENCOM Entities	Entity
54018	Exalted Imperial Navy Sentinel	EDENCOM Entities	Entity
54019	Exalted Imperial Navy Deacon	EDENCOM Entities	Entity
54020	Exalted Imperial Navy Crusader	EDENCOM Entities	Entity
54021	Exalted Imperial Navy Guardian	EDENCOM Entities	Entity
54022	Exalted Imperial Navy Zealot	EDENCOM Entities	Entity
54023	Exalted Imperial Navy Pilgrim	EDENCOM Entities	Entity
54024	Exalted Imperial Navy Harbinger	EDENCOM Entities	Entity
54025	Exalted Imperial Navy Armageddon	EDENCOM Entities	Entity
54026	Exalted Imperial Navy Apocalypse	EDENCOM Entities	Entity
54027	Scout State Navy Kitsune	EDENCOM Entities	Entity
54028	Scout State Navy Kirin	EDENCOM Entities	Entity
54029	Scout State Navy Raptor	EDENCOM Entities	Entity
54030	Scout State Navy Basilisk	EDENCOM Entities	Entity
54031	Scout State Navy Cerberus	EDENCOM Entities	Entity
54032	Scout State Navy Rook	EDENCOM Entities	Entity
54033	Scout State Navy Drake	EDENCOM Entities	Entity
54034	Scout State Navy Scorpion	EDENCOM Entities	Entity
54035	Scout State Navy Raven	EDENCOM Entities	Entity
54036	Elite State Navy Kitsune	EDENCOM Entities	Entity
54037	Elite State Navy Kirin	EDENCOM Entities	Entity
54038	Elite State Navy Raptor	EDENCOM Entities	Entity
54039	Elite State Navy Basilisk	EDENCOM Entities	Entity
54040	Elite State Navy Cerberus	EDENCOM Entities	Entity
54041	Elite State Navy Rook	EDENCOM Entities	Entity
54042	Elite State Navy Drake	EDENCOM Entities	Entity
54043	Elite State Navy Scorpion	EDENCOM Entities	Entity
54044	Elite State Navy Raven	EDENCOM Entities	Entity
54045	Executive State Navy Kitsune	EDENCOM Entities	Entity
54046	Executive State Navy Kirin	EDENCOM Entities	Entity
54047	Executive State Navy Raptor	EDENCOM Entities	Entity
54048	Executive State Navy Basilisk	EDENCOM Entities	Entity
54049	Executive State Navy Cerberus	EDENCOM Entities	Entity
54050	Executive State Navy Rook	EDENCOM Entities	Entity
54051	Executive State Navy Drake	EDENCOM Entities	Entity
54052	Executive State Navy Scorpion	EDENCOM Entities	Entity
54053	Executive State Navy Raven	EDENCOM Entities	Entity
54054	Scout Federal Navy Keres	EDENCOM Entities	Entity
54055	Scout Federal Navy Thalia	EDENCOM Entities	Entity
54056	Scout Federal Navy Taranis	EDENCOM Entities	Entity
54057	Scout Federal Navy Oneiros	EDENCOM Entities	Entity
54058	Scout Federal Navy Deimos	EDENCOM Entities	Entity
54059	Scout Federal Navy Lachesis	EDENCOM Entities	Entity
54060	Scout Federal Navy Brutix	EDENCOM Entities	Entity
54061	Scout Federal Navy Dominix	EDENCOM Entities	Entity
54062	Scout Federal Navy Megathron	EDENCOM Entities	Entity
54063	Elite Federal Navy Keres	EDENCOM Entities	Entity
54064	Elite Federal Navy Thalia	EDENCOM Entities	Entity
54065	Elite Federal Navy Taranis	EDENCOM Entities	Entity
54066	Elite Federal Navy Oneiros	EDENCOM Entities	Entity
54067	Elite Federal Navy Deimos	EDENCOM Entities	Entity
54068	Elite Federal Navy Lachesis	EDENCOM Entities	Entity
54069	Elite Federal Navy Brutix	EDENCOM Entities	Entity
54070	Elite Federal Navy Dominix	EDENCOM Entities	Entity
54071	Elite Federal Navy Megathron	EDENCOM Entities	Entity
54072	Presiding Federal Navy Keres	EDENCOM Entities	Entity
54073	Presiding Federal Navy Thalia	EDENCOM Entities	Entity
54074	Presiding Federal Navy Taranis	EDENCOM Entities	Entity
54075	Presiding Federal Navy Oneiros	EDENCOM Entities	Entity
54076	Presiding Federal Navy Deimos	EDENCOM Entities	Entity
54077	Presiding Federal Navy Lachesis	EDENCOM Entities	Entity
54078	Presiding Federal Navy Brutix	EDENCOM Entities	Entity
54079	Presiding Federal Navy Dominix	EDENCOM Entities	Entity
54080	Presiding Federal Navy Megathron	EDENCOM Entities	Entity
54081	Scout Republic Fleet Hyena	EDENCOM Entities	Entity
54082	Scout Republic Fleet Scalpel	EDENCOM Entities	Entity
54083	Scout Republic Fleet Claw	EDENCOM Entities	Entity
54084	Scout Republic Fleet Scimitar	EDENCOM Entities	Entity
54085	Scout Republic Fleet Muninn	EDENCOM Entities	Entity
54086	Scout Republic Fleet Huginn	EDENCOM Entities	Entity
54087	Scout Republic Fleet Hurricane	EDENCOM Entities	Entity
54088	Scout Republic Fleet Typhoon	EDENCOM Entities	Entity
54089	Scout Republic Fleet Tempest	EDENCOM Entities	Entity
54090	Elite Republic Fleet Hyena	EDENCOM Entities	Entity
54091	Elite Republic Fleet Scalpel	EDENCOM Entities	Entity
54092	Elite Republic Fleet Claw	EDENCOM Entities	Entity
54093	Elite Republic Fleet Scimitar	EDENCOM Entities	Entity
54094	Elite Republic Fleet Muninn	EDENCOM Entities	Entity
54095	Elite Republic Fleet Huginn	EDENCOM Entities	Entity
54096	Elite Republic Fleet Hurricane	EDENCOM Entities	Entity
54097	Elite Republic Fleet Typhoon	EDENCOM Entities	Entity
54098	Elite Republic Fleet Tempest	EDENCOM Entities	Entity
54099	Chief Republic Fleet Hyena	EDENCOM Entities	Entity
54100	Chief Republic Fleet Scalpel	EDENCOM Entities	Entity
54101	Chief Republic Fleet Claw	EDENCOM Entities	Entity
54102	Chief Republic Fleet Scimitar	EDENCOM Entities	Entity
54103	Chief Republic Fleet Muninn	EDENCOM Entities	Entity
54104	Chief Republic Fleet Huginn	EDENCOM Entities	Entity
54105	Chief Republic Fleet Hurricane	EDENCOM Entities	Entity
54106	Chief Republic Fleet Typhoon	EDENCOM Entities	Entity
54107	Chief Republic Fleet Tempest	EDENCOM Entities	Entity
54108	Hospodar Liminal Damavik	Triglavian Entities	Entity
54109	Hospodar Liminal Vedmak	Triglavian Entities	Entity
54110	Hospodar Liminal Leshak	Triglavian Entities	Entity
54111	Hospodar Liminal Kikimora	Triglavian Entities	Entity
54112	Hospodar Liminal Rodiva	Triglavian Entities	Entity
54113	Hospodar Liminal Drekavac	Triglavian Entities	Entity
54114	Hospodar Starving Damavik	Triglavian Entities	Entity
54115	Hospodar Harrowing Damavik	Triglavian Entities	Entity
54116	Hospodar Anchoring Damavik	Triglavian Entities	Entity
54117	Hospodar Renewing Damavik	Triglavian Entities	Entity
54118	Hospodar Blinding Damavik	Triglavian Entities	Entity
54119	Hospodar Ghosting Damavik	Triglavian Entities	Entity
54120	Hospodar Harrowing Vedmak	Triglavian Entities	Entity
54121	Hospodar Harrowing Kikimora	Triglavian Entities	Entity
54122	Hospodar Anchoring Kikimora	Triglavian Entities	Entity
54123	Hospodar Renewing Rodiva	Triglavian Entities	Entity
54124	Hospodar Renewing Leshak	Triglavian Entities	Entity
54125	Hospodar Blinding Leshak	Triglavian Entities	Entity
54126	Hospodar Blinding Kikimora	Triglavian Entities	Entity
54127	Hospodar Ghosting Drekavac	Triglavian Entities	Entity
54128	Hospodar Tangling Damavik	Triglavian Entities	Entity
54129	Hospodar Tangling Kikimora	Triglavian Entities	Entity
54130	Hospodar Starving Drekavac	Triglavian Entities	Entity
54131	Raznaborg Vedmak	Triglavian Entities	Entity
54132	Raznaborg Rodiva	Triglavian Entities	Entity
54133	Raznaborg Drekavac	Triglavian Entities	Entity
54134	Raznaborg Leshak	Triglavian Entities	Entity
54135	Raznaborg Blinding Vedmak	Triglavian Entities	Entity
54136	Raznaborg Starving Vedmak	Triglavian Entities	Entity
54137	Raznaborg Harrowing Vedmak	Triglavian Entities	Entity
54138	Raznaborg Anchoring Vedmak	Triglavian Entities	Entity
54139	Raznaborg Blinding Rodiva	Triglavian Entities	Entity
54140	Raznaborg Renewing Rodiva	Triglavian Entities	Entity
54141	Raznaborg Starving Rodiva	Triglavian Entities	Entity
54142	Raznaborg Tangling Vedmak	Triglavian Entities	Entity
54143	Raznaborg Harrowing Rodiva	Triglavian Entities	Entity
54144	Raznaborg Anchoring Drekavac	Triglavian Entities	Entity
54145	Raznaborg Blinding Drekavac	Triglavian Entities	Entity
54146	Raznaborg Renewing Drekavac	Triglavian Entities	Entity
54147	Raznaborg Starving Drekavac	Triglavian Entities	Entity
54148	Raznaborg Tangling Drekavac	Triglavian Entities	Entity
54149	Raznaborg Harrowing Drekavac	Triglavian Entities	Entity
54150	Raznaborg Anchoring Leshak	Triglavian Entities	Entity
54151	Raznaborg Blinding Leshak	Triglavian Entities	Entity
54152	Raznaborg Renewing Leshak	Triglavian Entities	Entity
54153	Raznaborg Starving Leshak	Triglavian Entities	Entity
54154	Raznaborg Tangling Leshak	Triglavian Entities	Entity
54155	Zorya's Rodiva	Triglavian Entities	Entity
54197	Moroz Enthalpic Inhibitor	Temporary Collidable Structure	Entity
54198	Jariloz Semiotic Suppressor	Temporary Collidable Structure	Entity
54199	Nemiznik Kikimora	Triglavian Entities	Entity
54200	Pohviznik Kikimora	Triglavian Entities	Entity
54201	Moroznik Kikimora	Triglavian Entities	Entity
54202	Jariloznik Kikimora	Triglavian Entities	Entity
54203	Raznaborg Nemiznik Kikimora	Triglavian Entities	Entity
54204	Raznaborg Pohviznik Kikimora	Triglavian Entities	Entity
54205	Raznaborg Moroznik Kikimora	Triglavian Entities	Entity
54206	Raznaborg Jariloznik Kikimora	Triglavian Entities	Entity
54207	Hospodar Nemiznik Kikimora	Triglavian Entities	Entity
54208	Hospodar Pohviznik Kikimora	Triglavian Entities	Entity
54209	Hospodar Moroznik Kikimora	Triglavian Entities	Entity
54210	Hospodar Jariloznik Kikimora	Triglavian Entities	Entity
54211	Zorya's Nemiznik Kikimora	Triglavian Entities	Entity
54212	Zorya's Pohviznik Kikimora	Triglavian Entities	Entity
54213	Zorya's Moroznik Kikimora	Triglavian Entities	Entity
54214	Zorya's Jariloznik Kikimora	Triglavian Entities	Entity
54233	Mysterious Orange Capsule	Irregular Capsule	Entity
54240	Mysterious Red Capsule	Irregular Capsule	Entity
54241	Mysterious Teal Capsule	Irregular Capsule	Entity
54242	Mysterious White Capsule	Irregular Capsule	Entity
54243	Mysterious Pink Capsule	Irregular Capsule	Entity
54244	Mysterious Green Capsule	Irregular Capsule	Entity
54274	World Ark (Xordazh-class)	Large Collidable Structure	Entity
54276	Guristas Automated VHF-08	Irregular Frigate	Entity
54277	Guristas Automated VHMF-27	Irregular Frigate	Entity
54278	Guristas Automated VHF-21	Irregular Frigate	Entity
54279	Guristas Automated VHMF-32	Irregular Frigate	Entity
54280	Hunt Bantam	Irregular Frigate	Entity
54281	Hunt Condor	Irregular Frigate	Entity
54282	Hunt Griffin	Irregular Frigate	Entity
54283	Dazh Porevitium Transmuter	Large Collidable Structure	Entity
54284	Hunt Kestrel	Irregular Frigate	Entity
54285	Hunt Worm	Irregular Frigate	Entity
54286	Hunt Cormorant	Irregular Destroyer	Entity
54287	Hunt Corax	Irregular Destroyer	Entity
54288	Hunt Caracal	Irregular Cruiser	Entity
54289	Hunt Blackbird	Irregular Cruiser	Entity
54290	Hunt Gila	Irregular Cruiser	Entity
54313	Test Spawner (Xordazh-class)	Large Collidable Structure	Entity
54314	Dazh Porevitium Transmuter	Large Collidable Structure	Entity
54315	Dazh Porevitium Transmuter	Large Collidable Structure	Entity
54316	Dazh Porevitium Transmuter	Large Collidable Structure	Entity
54325	World Ark (Xordazh-class)	Large Collidable Structure	Entity
54326	World Ark (Xordazh-class)	Large Collidable Structure	Entity
54335	EDENCOM Fortification Orca	EDENCOM Entities	Entity
54336	EDENCOM Fortification Orca	EDENCOM Entities	Entity
54337	EDENCOM Fortification Orca	EDENCOM Entities	Entity
54338	EDENCOM Fortification Orca	EDENCOM Entities	Entity
54568	Dazh Koliada	Triglavian Entities	Entity
54569	Dazh Potremba	Triglavian Entities	Entity
54570	Dazh Stribozha	Triglavian Entities	Entity
54571	EDENCOM Stockpile Tenshu	Large Collidable Structure	Entity
54572	EDENCOM Stockpile Tenshu	Large Collidable Structure	Entity
54573	EDENCOM Stockpile Tenshu	Large Collidable Structure	Entity
54574	EDENCOM Stockpile Tenshu	Large Collidable Structure	Entity
54575	Veles Vyraj Anchorage	Large Collidable Structure	Entity
54576	Extractive Super-Nexus	Large Collidable Structure	Entity
54577	Entropic Disintegrator Werpost	Destructible Sentry Gun	Entity
54578	PLACEDHOLDER Triglavian Defense Platform XL	Destructible Sentry Gun	Entity
54579	EDENCOM GunStar	Destructible Sentry Gun	Entity
54580	EDENCOM Heavy GunStar	Destructible Sentry Gun	Entity
54661	Liminal Jarognik Damavik	Irregular Frigate	Entity
54662	Liminal Jarognik Vedmak	Irregular Cruiser	Entity
54663	Liminal Jarognik Kikimora	Irregular Destroyer	Entity
54664	Voivode Jarognik Drekavac	Irregular Battlecruiser	Entity
54665	Anchoring Jarognik Damavik	Irregular Frigate	Entity
54666	Anchoring Jarognik Kikimora	Irregular Destroyer	Entity
54668	Blinding Jarognik Kikimora	Irregular Destroyer	Entity
54669	Ghosting Jarognik Kikimora	Irregular Destroyer	Entity
54670	Anchoring Jarognik Vedmak	Irregular Cruiser	Entity
54672	Voivode Jarognik Vedmak	Irregular Cruiser	Entity
54673	Voivode Jarognik Kikimora	Irregular Destroyer	Entity
54674	Voivode Jarognik Damavik	Irregular Frigate	Entity
54675	Renewing Jarognik Rodiva	Irregular Cruiser	Entity
54676	Voivode Jarognik Rodiva	Irregular Cruiser	Entity
54677	Starving Jarognik Damavik	Irregular Frigate	Entity
54678	Starving Jarognik Kikimora	Irregular Destroyer	Entity
54679	Starving Jarognik Vedmak	Irregular Cruiser	Entity
54680	Tangling Jarognik Damavik	Irregular Frigate	Entity
54681	Tangling Jarognik Vedmak	Irregular Cruiser	Entity
54689	Tangling Jarognik Kikimora	Irregular Destroyer	Entity
54731	Skybreaker	Frigate	Ship
54732	Stormbringer	Cruiser	Ship
54733	Thunderchild	Battleship	Ship
54998	Decloaked Backup Storage Vault	Deadspace Overseer's Structure	Entity
54999	Decloaked Infested Fluid Router Relay	Deadspace Overseer's Structure	Entity
55016	Type-B Anomalous Alvi	Irregular Frigate	Entity
55017	Type-C Anomalous Alvi	Irregular Frigate	Entity
55018	Type-A Anomalous Alvior	Irregular Destroyer	Entity
55019	Type-D Anomalous Alvior	Irregular Destroyer	Entity
55020	Type-B Anomalous Alvum	Irregular Cruiser	Entity
55021	Type-D Anomalous Alvum	Irregular Cruiser	Entity
55022	Type-A Anomalous Alvatis	Irregular Battlecruiser	Entity
55023	Type-C Anomalous Alvatis	Irregular Battlecruiser	Entity
55024	Swarm Overmind 2102	Irregular Battleship	Entity
55026	Voivode Jarognik Leshak	Irregular Battleship	Entity
55027	Voivode Hospodar Leshak	Irregular Battleship	Entity
55760	Salvage Drone II	Salvage Drone	Drone
55761	'Dunk' Salvage Drone	Salvage Drone	Drone
55799	Xordazh Invasion Cache	Precursor Cache	Entity
56138	Devoted Hunter	Abyssal Spaceship Entities	Entity
56148	Devoted Knight	Abyssal Spaceship Entities	Entity
56150	Striking Kikimora	Abyssal Spaceship Entities	Entity
56151	Ghosting Kikimora	Abyssal Spaceship Entities	Entity
56152	Tangling Kikimora	Abyssal Spaceship Entities	Entity
56159	Renewing Rodiva	Abyssal Spaceship Entities	Entity
56160	Striking Drekavac	Abyssal Spaceship Entities	Entity
56161	Shining Drekavac	Abyssal Spaceship Entities	Entity
56162	Devoted Fisher	Abyssal Spaceship Entities	Entity
56163	Devoted Priest	Abyssal Spaceship Entities	Entity
56164	Devoted Trapper	Abyssal Spaceship Entities	Entity
56165	Devoted Smith	Abyssal Spaceship Entities	Entity
56166	Devoted Lookout	Abyssal Spaceship Entities	Entity
56167	Devoted Herald	Abyssal Spaceship Entities	Entity
56168	Devoted Torchbearer	Abyssal Spaceship Entities	Entity
56170	Attacker Pacifier Disparu Troop	Abyssal Spaceship Entities	Entity
56171	Arrester Pacifier Disparu Troop	Abyssal Spaceship Entities	Entity
56172	Marker Pacifier Disparu Troop	Abyssal Spaceship Entities	Entity
56173	Drainer Pacifier Disparu Troop	Abyssal Spaceship Entities	Entity
56174	Assault Enforcer Disparu Troop	Abyssal Spaceship Entities	Entity
56175	Drainer Enforcer Disparu Troop	Abyssal Spaceship Entities	Entity
56176	Attacker Marshal Disparu Troop	Abyssal Spaceship Entities	Entity
56177	Arrester Marshal Disparu Troop	Abyssal Spaceship Entities	Entity
56178	Drainer Marshal Disparu Troop	Abyssal Spaceship Entities	Entity
56188	Skybreaker Disparu Troop	Abyssal Spaceship Entities	Entity
56189	Stormbringer Disparu Troop	Abyssal Spaceship Entities	Entity
56200	Thunderchild Disparu Troop	Abyssal Spaceship Entities	Entity
56213	Endobenthic Abyssal Overmind	Abyssal Spaceship Entities	Entity
56214	Drifter Command Battleship	Abyssal Spaceship Entities	Entity
56216	Marker Enforcer Disparu Troop	Abyssal Spaceship Entities	Entity
56217	Drifter Polemarkos Battleship	Drifter Entities	Entity
56218	Drifter Strike Battleship	Drifter Entities	Entity
56219	Drifter Raider Battleship	Drifter Entities	Entity
56220	Drifter Navarkos Cruiser	Drifter Entities	Entity
56221	Drifter Assault Cruiser	Drifter Entities	Entity
56222	Drifter Scout Cruiser	Drifter Entities	Entity
56295	Lucifer Cynabal	Abyssal Spaceship Entities	Entity
56314	Edencom Battleship placeholder	Abyssal Spaceship Entities	Entity
56315	Elite Lucifer Cynabal	Abyssal Spaceship Entities	Entity
56316	Lucifer Ixion	Abyssal Spaceship Entities	Entity
56319	Aroused Hypnosian Sentinel	Sleeper Entities	Entity
56320	Aroused Hypnosian Eristikon	Sleeper Entities	Entity
56321	Aroused Hypnosian Psychopomp	Sleeper Entities	Entity
56322	Aroused Hypnosian Warden	Sleeper Entities	Entity
56323	Aroused Hypnosian Avenger	Sleeper Entities	Entity
56324	Aroused Hypnosian Upholder	Sleeper Entities	Entity
56325	Aroused Hypnosian Watcher	Sleeper Entities	Entity
56326	Aroused Hypnosian Agonizer	Sleeper Entities	Entity
56327	Aroused Hypnosian Preserver	Sleeper Entities	Entity
56328	Hypnosian Sentinel	Sleeper Entities	Entity
56329	Hypnosian Eristikon	Sleeper Entities	Entity
56330	Hypnosian Psychopomp	Sleeper Entities	Entity
56331	Hypnosian Warden	Sleeper Entities	Entity
56332	Hypnosian Avenger	Sleeper Entities	Entity
56333	Hypnosian Upholder	Sleeper Entities	Entity
56334	Hypnosian Watcher	Sleeper Entities	Entity
56335	Hypnosian Agonizer	Sleeper Entities	Entity
56336	Hypnosian Preserver	Sleeper Entities	Entity
56337	Faded Hypnosian Sentinel	Sleeper Entities	Entity
56338	Faded Hypnosian Eristikon	Sleeper Entities	Entity
56339	Faded Hypnosian Psychopomp	Sleeper Entities	Entity
56340	Faded Hypnosian Warden	Sleeper Entities	Entity
56341	Faded Hypnosian Avenger	Sleeper Entities	Entity
56342	Faded Hypnosian Upholder	Sleeper Entities	Entity
56343	Faded Hypnosian Watcher	Sleeper Entities	Entity
56344	Faded Hypnosian Agonizer	Sleeper Entities	Entity
56345	Faded Hypnosian Preserver	Sleeper Entities	Entity
56346	Lucifer Dramiel	Abyssal Spaceship Entities	Entity
56347	Elite Lucifer Dramiel	Abyssal Spaceship Entities	Entity
56348	Lucifer Fury	Abyssal Spaceship Entities	Entity
56349	Lucifer Echo	Abyssal Spaceship Entities	Entity
56350	Lucifer Medusa	Abyssal Spaceship Entities	Entity
56351	Lucifer Burst	Abyssal Spaceship Entities	Entity
56352	Lucifer Swordspine	Abyssal Spaceship Entities	Entity
56487	Vexing Phase-I Swarmer	Rogue Drone Entities	Entity
56488	Punishing Phase-I Swarmer	Rogue Drone Entities	Entity
56489	Interfering Phase-I Swarmer	Rogue Drone Entities	Entity
56490	Obstructing Phase-I Swarmer	Rogue Drone Entities	Entity
56491	Vexing Phase-II Legionary	Rogue Drone Entities	Entity
56492	Punishing Phase-II Legionary	Rogue Drone Entities	Entity
56493	Interfering Phase-II Legionary	Rogue Drone Entities	Entity
56494	Obstructing Phase-II Legionary	Rogue Drone Entities	Entity
56495	Vexing Phase-III Legionary	Rogue Drone Entities	Entity
56496	Punishing Phase-III Legionary	Rogue Drone Entities	Entity
56497	Interfering Phase-III Legionary	Rogue Drone Entities	Entity
56498	Obstructing Phase-III Legionary	Rogue Drone Entities	Entity
56499	Vexing Phase-IV Legionary	Rogue Drone Entities	Entity
56500	Punishing Phase-IV Legionary	Rogue Drone Entities	Entity
56501	Interfering Phase-IV Legionary	Rogue Drone Entities	Entity
56502	Obstructing Phase-IV Legionary	Rogue Drone Entities	Entity
56503	Overmind Broodlord Alpha	Rogue Drone Entities	Entity
56504	Grazing Phase-0 Forager	Rogue Drone Entities	Entity
56505	Overmind Broodlord Omega	Rogue Drone Entities	Entity
56506	Overmind Destructor Delta	Rogue Drone Entities	Entity
56507	Overmind Destructor Epsilon	Rogue Drone Entities	Entity
56508	Overmind Interruptor Lambda	Rogue Drone Entities	Entity
56509	Overmind Interruptor Iota	Rogue Drone Entities	Entity
56510	Overmind Progenitor Zero	Rogue Drone Entities	Entity
56644	Harvest Savior	Irregular Frigate	Entity
56645	Harvest Follower	Irregular Frigate	Entity
56646	Harvest Shepherd	Irregular Frigate	Entity
56647	Harvest Prophet	Irregular Cruiser	Entity
56648	Tetrimon Crusader	Irregular Frigate	Entity
56649	Tetrimon Deacon	Irregular Frigate	Entity
56650	Tetrimon Crucifier	Irregular Frigate	Entity
56651	Tetrimon Augoror	Irregular Cruiser	Entity
56652	Tetrimon Omen	Irregular Cruiser	Entity
56653	Tetrimon Curse	Irregular Cruiser	Entity
56654	Tetrimon Oracle	Irregular Battlecruiser	Entity
56669	Harvest Overseer	Irregular Battleship	Entity
56670	Harvest Sage	Irregular Cruiser	Entity
56671	Harvest Diviner	Irregular Battlecruiser	Entity
56672	Harvest Supervisor	Irregular Battleship	Entity
56673	Harvest Director	Irregular Battleship	Entity
56674	Tetrimon Commander	Irregular Battleship	Entity
56675	Tetrimon Commodore	Irregular Battleship	Entity
56676	Tetrimon Admiral	Irregular Battleship	Entity
56699	Svarog Vyraj Anchorage	Large Collidable Structure	Entity
56700	Perun Vyraj Anchorage	Large Collidable Structure	Entity
56701	Mobile Sanguine Harvester	Mobile Tractor Unit	Deployable
56746	Decloaked Dark Blood Transmission Relay	Deadspace Overseer's Structure	Entity
56747	Decloaked Tetrimon Transmission Relay	Deadspace Overseer's Structure	Entity
56799	Guristas Battlecruiser 4-4	Irregular Battlecruiser	Entity
56800	Guristas Cruiser 4-4	Irregular Cruiser	Entity
56801	Guristas Destroyer	Irregular Destroyer	Entity
56802	Guristas Frigate	Irregular Frigate	Entity
56803	Guristas Frigate	Irregular Frigate	Entity
56868	Sansha's Darkling Frostwight	Irregular Frigate	Entity
56869	Sansha's Daunting Frostwight	Irregular Frigate	Entity
56870	Sansha's Numbing Frostwight	Irregular Frigate	Entity
56871	Communications Relay (Wightstorm Fleet)	Scatter Container	Entity
56872	Sansha's Hailburst Icewight	Irregular Cruiser	Entity
56873	Sansha's Numbing Icewight	Irregular Cruiser	Entity
56874	Sansha's Hailburst Stormwight	Irregular Battlecruiser	Entity
56878	Sansha's Direwight Stormlord	Irregular Battleship	Entity
56943	Sansha's Slavewight	Irregular Industrial	Entity
56945	Sansha Overseer Frostwight	Irregular Frigate	Entity
56959	Sansha's Hailburst Frostwight	Irregular Frigate	Entity
57029	Strategic Node (Wightstorm Fleet)	Scatter Container	Entity
57030	Cryptographic Array (Wightstorm Fleet)	Scatter Container	Entity
57042	ORE Faded Volatile Ice Processor	Deadspace Overseer's Structure	Entity
57047	ORE Friable Volatile Ice Processor	Deadspace Overseer's Structure	Entity
57048	ORE Fresh Volatile Ice Processor	Deadspace Overseer's Structure	Entity
57101	Sansha's Dreadwight Stormlord	Irregular Battleship	Entity
57102	Sansha's Doomwight Stormlord	Irregular Battleship	Entity
57103	Sansha's Demonwight Stormlord	Irregular Battleship	Entity
57319	Mobile Cynosural Beacon	Mobile Cynosural Beacon	Deployable
57320	Guardian's Gala VIP Emcee Vindicator	Irregular Battleship	Entity
57321	Guardian's Gala Emcee Machariel	Irregular Battleship	Entity
57332	Serenity Only Chinese Spring Festival Event NPC Lv1	Pirate Drone	Entity
57335	Gala Coordination Databank	Spawn Container	Entity
57336	Gala Coordination Com Tower	Spawn Container	Entity
57397	Serenity Only Chinese Spring Festival Event NPC Lv2	Pirate Drone	Entity
57398	Serenity Only Chinese Spring Festival Event NPC Lv3	Pirate Drone	Entity
57399	Serenity Only Chinese Spring Festival Event NPC Lv4	Pirate Drone	Entity
57436	Secure Depot	Spawn Container	Entity
57437	Secure Depot	Spawn Container	Entity
57438	Secure Depot	Spawn Container	Entity
57439	Secure Depot	Spawn Container	Entity
57440	Secure Depot	Spawn Container	Entity
57441	Secure Databank	Spawn Container	Entity
57560	AEGIS Encrypted Key Storage	Spawn Container	Entity
57561	AEGIS Security Vault	Spawn Container	Entity
57562	Twin-Linked Gate Control	Spawn Container	Entity
57563	Super Special Vault	Spawn Container	Entity
57582	AEGIS Security Pacifier	♦ Frigate	Entity
57583	Signals Cormorant	Irregular Destroyer	Entity
57584	AEGIS Security Enforcer	♦ Cruiser	Entity
57585	Signals Lachesis	Irregular Cruiser	Entity
57586	AEGIS Security Marshal	♦ Battleship	Entity
57587	Signals Scorpion	Irregular Battleship	Entity
57684	Guristas Com Tower	Scatter Container	Entity
57749	Overmind Nursery Nest	Large Collidable Structure	Entity
57750	Salvaging Phase-0xZ Forager	Rogue Drone Entities	Entity
57751	Punishing Phase-IVxZ Broodguard	Rogue Drone Entities	Entity
57761	AEGIS Security Stasis GunStar	Destructible Sentry Gun	Entity
57788	Balin Ferrus	AIR Entities I	Entity
57797	AIR Frigate	AIR Entities II	Entity
57798	AIR Cruiser	AIR Entities II	Entity
57799	AIR Battleship	AIR Entities II	Entity
57800	[AIR] Bowhead	AIR Entities II	Entity
57801	Hostile Frigate	Unidentified Entities	Entity
57802	Hostile Cruiser	Unidentified Entities	Entity
57803	Hostile Battleship	Unidentified Entities	Entity
57829	EoM Holy Binder	Irregular Frigate	Entity
57830	EoM Black Dagger	Irregular Destroyer	Entity
57831	EoM Holy Purger	Irregular Destroyer	Entity
57832	EoM Hoplokrisma	Irregular Cruiser	Entity
57833	EoM Zealous Sword	Irregular Cruiser	Entity
57834	EoM Holy Sanctifier	Irregular Cruiser	Entity
57835	EoM Devout Fanatic	Irregular Battlecruiser	Entity
57836	EoM Atoning Warrior	Irregular Battleship	Entity
57837	CreoDron Autonomous Maintenance Bot	Faction Drone	Entity
57850	True Creations Fortified Torpedo Battery	Destructible Sentry Gun	Entity
57851	True Creations Laboratory Guardian	Asteroid Sansha's Nation Battleship	Entity
57852	CD Com Tower	Scatter Container	Entity
58161	[AIR] Bowhead I	AIR Entities II	Entity
58162	[AIR] Bowhead II	AIR Entities II	Entity
58163	[AIR] Bowhead III	AIR Entities II	Entity
58724	EoM Cyno Network Spoofing Facility	Scatter Container	Entity
58725	EoM Cyno Network Spoofing Facility	Scatter Container	Entity
58726	EoM Cyno Network Spoofing Facility	Scatter Container	Entity
58745	AIR Civilian Astero	Frigate	Ship
58753	Vulnerable EoM Rogue Capital Shipyard	Deadspace Overseer's Structure	Entity
58764	EoM Purifying Lord	Irregular Battleship	Entity
58765	EoM Sacred Assassin	Irregular Battleship	Entity
58803	Vulnerable EoM Rogue Capital Shipyard	Deadspace Overseer's Structure	Entity
58804	Vulnerable EoM Rogue Capital Shipyard	Deadspace Overseer's Structure	Entity
58806	EoM Stasis Webber Tower	Destructible Sentry Gun	Entity
58808	EoM Warp Disruptor Tower	Destructible Sentry Gun	Entity
58904	Mobile Observatory	Mobile Observatory	Deployable
58906	Highsec Authorized Mobile Cynosural Beacon	Mobile Cynosural Beacon	Deployable
59174	♦ Succubus	♦ Frigate	Entity
59175	♦ Phantasm	♦ Cruiser	Entity
59176	♦ Nightmare	♦ Battleship	Entity
59503	Novice Data Vault	Spawn Container	Entity
59504	Intermediate Data Vault	Spawn Container	Entity
59505	Expert Data Vault	Spawn Container	Entity
59511	[AIR] Incursus	AIR Entities II	Entity
59512	[AIR] Cormorant	AIR Entities II	Entity
59513	[AIR] Firetail	AIR Entities II	Entity
59514	[AIR] Stratios	AIR Entities II	Entity
59515	[AIR] Brutix	AIR Entities II	Entity
59516	[AIR] Osprey	AIR Entities II	Entity
59517	[AIR] Orca	AIR Entities II	Entity
59518	[AIR] Nestor	AIR Entities II	Entity
59520	Liberation Games Firework Sentry	Destructible Sentry Gun	Entity
59584	SCC Security Commander	♦ Battleship	Entity
59585	SCC Security Striker	♦ Cruiser	Entity
59586	SCC Security Responder	♦ Frigate	Entity
59604	Unidentified Hostile Scorpion	Unidentified Entities II	Entity
59605	Unidentified Hostile Megathron	Unidentified Entities II	Entity
59606	Unidentified Hostile Ferox	Unidentified Entities II	Entity
59607	Unidentified Hostile Gnosis	Unidentified Entities II	Entity
59608	Unidentified Hostile Moa	Unidentified Entities II	Entity
59609	Unidentified Hostile Catalyst	Unidentified Entities II	Entity
59610	Unidentified Hostile Crucifier	Unidentified Entities II	Entity
59611	Unidentified Hostile Hookbill	Unidentified Entities II	Entity
59630	Covert Mobile Cynosural Beacon	Mobile Cynosural Beacon	Deployable
59636	Impairor Reenactment Drone	Irregular Frigate	Entity
59637	Inquisitor Reenactment Drone	Irregular Frigate	Entity
59638	Inquisitor Reenactment Drone	Irregular Frigate	Entity
59639	Augoror Reenactment Drone	Irregular Cruiser	Entity
59641	Punisher Reenactment Drone	Irregular Frigate	Entity
59642	Prophecy Reenactment Drone	Irregular Battlecruiser	Entity
59643	Elite Prophecy Reenactment Drone	Irregular Battlecruiser	Entity
59731	SCC Security Stasis GunStar	Destructible Sentry Gun	Entity
59732	SCC Security Heavy GunStar	Destructible Sentry Gun	Entity
59748	Novice Data Vault	Spawn Container	Entity
59749	Intermediate Data Vault	Spawn Container	Entity
59750	Expert Data Vault	Spawn Container	Entity
59792	Evacuation Transport Reenactment Drone	Irregular Industrial	Entity
59793	Hijacked Transport Reenactment Drone	Irregular Industrial	Entity
59967	NW ESS Key Generator	Spawn Container	Entity
59968	NE ESS Key Generator	Spawn Container	Entity
59969	SW ESS Key Generator	Spawn Container	Entity
59970	SE ESS Key Generator	Spawn Container	Entity
59985	[AIR] Stratios II	AIR Entities II	Entity
59986	[AIR] Brutix II	AIR Entities II	Entity
59987	[AIR] Nestor II	AIR Entities II	Entity
59990	Tetrimon Paladin	Irregular Battleship	Entity
59991	Tetrimon Zealot	Irregular Cruiser	Entity
60115	AIR Rogue Drone Analysis Node	Spawn Container	Entity
60116	AIR Rogue Drone Analysis Node	Spawn Container	Entity
60143	SCC Security Neutralizer	♦ Cruiser	Entity
60144	Unidentified Signal	Large Collidable Structure	Entity
60145	SCC Security Interceptor	♦ Frigate	Entity
60153	SCC Security Jammer	♦ Cruiser	Entity
60201	Colony Nest Scavenger	Irregular Frigate	Entity
60202	Colony Nest Overseer	Irregular Cruiser	Entity
60203	Colony Nest Guardian	Irregular Destroyer	Entity
60204	Colony Nest Forager	Irregular Frigate	Entity
60205	Colony Nest Sentinel	Irregular Destroyer	Entity
60244	CONCORD Rogue Analysis Beacon	Mobile Analysis Beacon	Deployable
60255	Infesting Interruptor Omicron	Rogue Drone Entities	Entity
60316	Infesting Destructor Theta	Rogue Drone Entities	Entity
60317	Infesting Obstructor Nu	Rogue Drone Entities	Entity
60318	Infesting Obstructor Pi	Rogue Drone Entities	Entity
60321	AEGIS Security Cataphract	♦ Battleship	Entity
60322	AEGIS Security Carabinier	♦ Battleship	Entity
60323	AEGIS Security Demilancer	♦ Cruiser	Entity
60324	AEGIS Security Picador	♦ Cruiser	Entity
60325	AEGIS Security Gendarme	♦ Cruiser	Entity
60326	AEGIS Security Lancer	♦ Frigate	Entity
60327	AEGIS Security Hobelar	♦ Frigate	Entity
60331	Infesting Disruptor Tau	Rogue Drone Entities	Entity
60332	Infesting Vector Mu	Rogue Drone Entities	Entity
60333	Infesting Mutagenitor Zero	Rogue Drone Entities	Entity
60376	Infiltrator II	Irregular Drone	Entity
60382	Infesting Obstructor Xi	Rogue Drone Entities	Entity
60389	AEGIS No. 1 Capital Construction Forge	Spawn Container	Entity
60390	AEGIS No. 2 Capital Construction Forge	Spawn Container	Entity
60391	AEGIS No. 3 Capital Construction Forge	Spawn Container	Entity
60392	AEGIS No. 4 Capital Construction Forge	Spawn Container	Entity
60410	AEGIS Gate Control Hub	Spawn Container	Entity
60418	Drone Light Stasis Tower	Destructible Sentry Gun	Entity
60438	AEGIS Logistics Center Shield Projector	Spawn Container	Entity
60441	Colony Nest Overseer	Irregular Cruiser	Entity
60442	Colony Nest Overseer	Irregular Cruiser	Entity
60443	Colony Nest Overseer	Irregular Cruiser	Entity
60444	Advanced Nest Overseer	Irregular Cruiser	Entity
60445	Advanced Nest Overseer	Irregular Cruiser	Entity
60446	Advanced Nest Overseer	Irregular Cruiser	Entity
60447	Advanced Nest Overseer	Irregular Cruiser	Entity
60478	Light Mutated Drone	Combat Drone	Drone
60479	Medium Mutated Drone	Combat Drone	Drone
60480	Heavy Mutated Drone	Combat Drone	Drone
60481	Sentry Mutated Drone	Combat Drone	Drone
60505	Infesting Corrupted Drone	Rogue Drone Entities	Entity
60506	Infesting Corruptor Sigma	Rogue Drone Entities	Entity
60508	AEGIS Logistics Center Power Generator	Large Collidable Structure	Entity
60517	Infesting Subvertor Gamma	Rogue Drone Entities	Entity
60518	Infesting Subverted Fighter	Rogue Drone Entities	Entity
60580	Infesting Destructor Zeta	Rogue Drone Entities	Entity
60707	Tetrimon Heretic	Irregular Destroyer	Entity
60708	Harvest Cleric	Irregular Destroyer	Entity
60709	Harvest Exsanguinator	Irregular Frigate	Entity
60710	Crimson Harvest Network Node	Spawn Container	Entity
60711	Crimson Harvest Network Hub	Spawn Container	Entity
60712	Tetrimon Network Node	Spawn Container	Entity
60713	Tetrimon Network Hub	Spawn Container	Entity
60724	AEGIS Fireteam Ribauldequin	♦ Battleship	Entity
60725	AEGIS Fireteam Culverin	♦ Cruiser	Entity
60726	AEGIS Response Arquebus	♦ Frigate	Entity
60731	AEGIS Capital Forging Tools Storage	Large Collidable Structure	Entity
60732	AEGIS Secure Transfer Barge	♦ Industrial Command	Entity
60764	Laelaps	Heavy Interdiction Cruiser	Ship
60765	Raiju	Electronic Attack Ship	Ship
60766	Aralez	Combat Drone	Drone
60772	Wrecked Dramiel	Spawn Container	Entity
60783	Elias Peltonnen	AIR Entities I	Entity
60796	[AIR] Venture	AIR Entities II	Entity
60797	[AIR] Covetor	AIR Entities II	Entity
60798	[AIR] Procurer	AIR Entities II	Entity
60799	[AIR] Retriever	AIR Entities II	Entity
60800	[AIR] Hauler	AIR Entities II	Entity
60801	[AIR] Hauler II	AIR Entities II	Entity
60850	Small Peculiar Debris Fragment	Spawn Container	Entity
60851	Medium Peculiar Debris Fragment	Spawn Container	Entity
60852	Large Peculiar Debris Fragment	Spawn Container	Entity
60853	Small Peculiar Ruin	Spawn Container	Entity
60854	Medium Peculiar Ruin	Spawn Container	Entity
60855	Large Peculiar Ruin	Spawn Container	Entity
60942	Starwight Rakshasa	♦ Dreadnought	Entity
60943	Moonwight Rakshasa	♦ Dreadnought	Entity
61292	Darkwight Rakshasa	♦ Dreadnought	Entity
61657	Biomechanoid Combat Unit	Irregular Corvette	Entity
61658	Huge Peculiar Ruin	Spawn Container	Entity
61659	Massive Peculiar Ruin	Spawn Container	Entity
61660	Critically Damaged Biomechanoid Saucer	Irregular Battlecruiser	Entity
61841	Convergent Accelerant Nexus	Irregular - Unidentified	Entity
61842	Convergent Decelerant Nexus	Irregular - Unidentified	Entity
61930	Displaced Erratic Sentry Turret	Destructible Sentry Gun	Entity
61931	Heavily Damaged Biomechanoid Saucer	Irregular Battlecruiser	Entity
61932	Damaged Biomechanoid Saucer	Irregular Battlecruiser	Entity
61933	Impaired Biomechanoid Saucer	Irregular Battlecruiser	Entity
62250	♦ Infested Abaddon	♦ Battleship	Entity
62251	♦ Infested Dominix	♦ Battleship	Entity
62252	♦ Infested Raven	♦ Battleship	Entity
62253	♦ Infested Typhoon	♦ Battleship	Entity
62726	Mordu's Markguard	Irregular Cruiser	Entity
62728	Mordu's Warmark	Irregular Battleship	Entity
62732	[AIR] Hauler III	AIR Entities II	Entity
62738	[AIR] Hauler IV	AIR Entities II	Entity
63152	Mystery Nexus	Irregular - Unidentified	Entity
63153	Mystery Nexus	Irregular - Unidentified	Entity
63154	♦ Forgemaster Caiman	♦ Dreadnought	Entity
63156	Mysterious Golden Capsule	Irregular Capsule	Entity
63157	Hijacked Red Capsule	Irregular Capsule	Entity
63158	Hijacked Pink Capsule	Irregular Capsule	Entity
63159	Hijacked White Capsule	Irregular Capsule	Entity
63160	Hijacked Teal Capsule	Irregular Capsule	Entity
63161	Hijacked Orange Capsule	Irregular Capsule	Entity
63162	Hijacked Green Capsule	Irregular Capsule	Entity
63163	Hijacked Golden Capsule	Irregular Capsule	Entity
63166	Hunt Communications Tower	Spawn Container	Entity
63167	Hunt Mainframe	Spawn Container	Entity
63168	Huntmaster Communications Tower	Spawn Container	Entity
63169	Huntmaster Mainframe	Spawn Container	Entity
63627	Hunt Jackdaw	Irregular Destroyer	Entity
63628	Hunt Jackdaw	Irregular Destroyer	Entity
63629	Huntmaster Jackdaw	Irregular Destroyer	Entity
63630	Huntmaster Jackdaw	Irregular Destroyer	Entity
63631	Hunt Stasis Webifier Tower	Destructible Sentry Gun	Entity
63678	Hunt Energy Neutralizer Tower	Destructible Sentry Gun	Entity
63679	Hunt EM Missile Battery	Destructible Sentry Gun	Entity
63680	Hunt Thermal Missile Battery	Destructible Sentry Gun	Entity
63681	Hunt Kinetic Missile Battery	Destructible Sentry Gun	Entity
63682	Hunt Explosive Missile Battery	Destructible Sentry Gun	Entity
63788	Proving Bonus Nexus	Irregular - Unidentified	Entity
63871	Smuggler Dead Drop	Spawn Container	Entity
63872	Smuggler Stash	Spawn Container	Entity
63876	CONCORD Prohibited Item Storage	Scatter Container	Entity
63877	CONCORD Contraband Containment Container	Scatter Container	Entity
63910	CONCORD Prohibited Item Storage	Spawn Container	Entity
63911	CONCORD Contraband Storage	Spawn Container	Entity
63938	Capsuleer Day Buff Nexus	Irregular - Unidentified	Entity
63939	Capsuleer Day Debuff Nexus	Irregular - Unidentified	Entity
64002	SARO Pacifier	Irregular Frigate	Entity
64003	SARO Skybreaker	Irregular Frigate	Entity
64004	SARO Nemesis	Irregular Frigate	Entity
64005	SARO Confessor	Irregular Destroyer	Entity
64006	SoCT Enforcer	Irregular Cruiser	Entity
64007	Upwell Safeguard Stormbringer	Irregular Cruiser	Entity
64008	SARO Curse	Irregular Cruiser	Entity
64009	SARO Phobos	Irregular Cruiser	Entity
64010	SARO Talos	Irregular Battlecruiser	Entity
64011	Smuggler Raptor	Irregular Frigate	Entity
64012	Smuggler Hyena	Irregular Frigate	Entity
64013	Smuggler Manticore	Irregular Frigate	Entity
64014	Smuggler Draugur	Irregular Destroyer	Entity
64015	Smuggler Basilisk	Irregular Cruiser	Entity
64016	Smuggler Cerberus	Irregular Cruiser	Entity
64017	Smuggler Rapier	Irregular Cruiser	Entity
64018	Smuggler Ikitursa	Irregular Cruiser	Entity
64019	Smuggler Tornado	Irregular Battlecruiser	Entity
64020	SARO Captain	Irregular Battleship	Entity
64021	SARO Captain	Irregular Battleship	Entity
64022	SARO Commander	Irregular Battleship	Entity
64023	SARO Commander	Irregular Battleship	Entity
64024	Smuggler Underboss	Irregular Battleship	Entity
64025	SoCT Master	Irregular Battleship	Entity
64026	Smuggler Ringleader	Irregular Battleship	Entity
64027	Smuggler Ringleader	Irregular Battleship	Entity
64034	Boobook	Shuttle	Ship
64105	Bloodraider Hideout	Large Collidable Structure	Entity
64109	Serpentis Hideout	Large Collidable Structure	Entity
64113	Angel Hideout	Large Collidable Structure	Entity
64117	Guristas Hideout	Large Collidable Structure	Entity
64121	Bloodraider Warehouse	Large Collidable Structure	Entity
64125	Serpentis Warehouse	Large Collidable Structure	Entity
64129	Angel Warehouse	Large Collidable Structure	Entity
64133	Guristas Warehouse	Large Collidable Structure	Entity
64141	Bloodraider Tower	Large Collidable Structure	Entity
64145	Serpentis Tower	Large Collidable Structure	Entity
64149	Angel Tower	Large Collidable Structure	Entity
64153	Guristas Tower	Large Collidable Structure	Entity
64184	Hotel	Large Collidable Structure	Entity
64346	♦ Officer Chemosh	♦ Dreadnought	Entity
64404	CONCORD Fleet Commander	Mission CONCORD Battleship	Entity
64515	Bloodraider Repair Hub	Large Collidable Structure	Entity
64516	Serpentis Repair Hub	Large Collidable Structure	Entity
64517	Angel Repair Hub	Large Collidable Structure	Entity
64518	Guristas Repair Hub	Large Collidable Structure	Entity
64522	Concord Prison Facility	Large Collidable Structure	Entity
64876	Angel Data Storage Device	Spawn Container	Entity
64877	Blood Raider Data Storage Device	Spawn Container	Entity
64878	Guristas Data Storage Device	Spawn Container	Entity
64879	Serpentis Data Storage Device	Spawn Container	Entity
64880	Data Storage Device	Spawn Container	Entity
65079	Proving Bonus Nexus	Irregular - Unidentified	Entity
70811	Imperial Frigate	FW Amarr Empire Frigate	Entity
70877	Imperial Destroyer	FW Amarr Empire Destroyer	Entity
70878	Imperial Cruiser	FW Amarr Empire Cruiser	Entity
70879	Imperial Battlecruiser	FW Amarr Empire Battlecruiser	Entity
70880	Imperial Battleship	FW Amarr Empire Battleship	Entity
71013	Gallente Obelisk Hacking Challenge	Spawn Container	Entity
71014	Gallente Iteron V Hacking Challenge	Spawn Container	Entity
71015	Gallente Outpost Hacking Challenge	Spawn Container	Entity
71016	Elite Gallente Iteron V Hacking Challenge	Spawn Container	Entity
71017	Elite Gallente Obelisk Hacking Challenge	Spawn Container	Entity
71018	Elite Gallente Outpost Hacking Challenge	Spawn Container	Entity
71104	Republic Frigate	FW Minmatar Republic Frigate	Entity
71105	Republic Destroyer	FW Minmatar Republic Destroyer	Entity
71106	Republic Cruiser	FW Minmatar Republic Cruiser	Entity
71107	Republic Battlecruiser	FW Minmatar Republic Battlecruiser	Entity
71108	Republic Battleship	FW Minmatar Republic Battleship	Entity
71116	Amarr Empire Stronghold	♦ Stronghold	Structure
71117	Caldari State Stronghold	♦ Stronghold	Structure
71118	Gallente Federation Stronghold	♦ Stronghold	Structure
71119	Minmatar Republic Stronghold	♦ Stronghold	Structure
71456	Caldari Hacking Impediment Mine	Irregular - Unidentified	Entity
71457	Caldari Hacking Accelerant Tower	Irregular - Unidentified	Entity
71470	State Frigate	FW Caldari State Frigate	Entity
71471	State Destroyer	FW Caldari State Destroyer	Entity
71472	State Cruiser	FW Caldari State Cruiser	Entity
71473	State Battlecruiser	FW Caldari State Battlecruiser	Entity
71474	State Battleship	FW Caldari State Battleship	Entity
71475	Federation Frigate	FW Gallente Federation Frigate	Entity
71476	Federation Destroyer	FW Gallente Federation Destroyer	Entity
71477	Federation Cruiser	FW Gallente Federation Cruiser	Entity
71478	Federation Battlecruiser	FW Gallente Federation Battlecruiser	Entity
71479	Federation Battleship	FW Gallente Federation Battleship	Entity
72098	Caldari Stasis Webifier Tower	Destructible Sentry Gun	Entity
72347	Rogue Drone Scavenger Sim	Irregular Frigate	Entity
72348	Rogue Drone Forager Sim	Irregular Frigate	Entity
72349	Rogue Drone Ripper Sim	Irregular Destroyer	Entity
72350	Rogue Drone Dismantler Sim	Irregular Destroyer	Entity
72351	Rogue Drone Commander Sim	Irregular Cruiser	Entity
72352	Guristas Imputor Sim	Irregular Frigate	Entity
72353	Guristas Plunderer Sim	Irregular Frigate	Entity
72354	Guristas Wrecker Sim	Irregular Frigate	Entity
72355	Guristas Terrorist Sim	Irregular Destroyer	Entity
72356	Guristas Renegade Sim	Irregular Destroyer	Entity
72357	Guristas Commander Sim	Irregular Cruiser	Entity
72358	Federation Atron Sim	Irregular Frigate	Entity
72359	Federation Comet Sim	Irregular Frigate	Entity
72360	Federation Maulus Sim	Irregular Frigate	Entity
72361	Federation Catalyst Sim	Irregular Destroyer	Entity
72362	Federation Commander Sim	Irregular Cruiser	Entity
72363	Tangling Damavik Sim	Irregular Frigate	Entity
72364	Anchoring Damavik Sim	Irregular Frigate	Entity
72365	Starving Damavik Sim	Irregular Frigate	Entity
72366	Liminal Damavik Sim	Irregular Frigate	Entity
72367	Liminal Kikimora Sim	Irregular Destroyer	Entity
72368	Triglavian Commander Sim	Irregular Cruiser	Entity
72369	Stellar Observation Com Tower	Spawn Container	Entity
72683	Rogue Drone Commander Sim	Irregular Cruiser	Entity
72684	Guristas Commander Sim	Irregular Cruiser	Entity
72685	Federation Commander Sim	Irregular Cruiser	Entity
72686	Triglavian Commander Sim	Irregular Cruiser	Entity
72811	Cyclone Fleet Issue	Combat Battlecruiser	Ship
72812	Ferox Navy Issue	Combat Battlecruiser	Ship
72850	Amarr Supply Depot	Large Collidable Structure	Entity
72851	Minmatar Supply Depot	Large Collidable Structure	Entity
72852	Caldari Supply Depot	Large Collidable Structure	Entity
72853	Gallente Supply Depot	Large Collidable Structure	Entity
72869	Myrmidon Navy Issue	Combat Battlecruiser	Ship
72872	Prophecy Navy Issue	Combat Battlecruiser	Ship
72903	Probe Fleet Issue	Frigate	Ship
72904	Heron Navy Issue	Frigate	Ship
72907	Magnate Navy Issue	Frigate	Ship
72913	Imicus Navy Issue	Frigate	Ship
73012	Amarr Supply Cache	Large Collidable Structure	Entity
73013	Minmatar Supply Cache	Large Collidable Structure	Entity
73014	Caldari Supply Cache	Large Collidable Structure	Entity
73015	Gallente Supply Cache	Large Collidable Structure	Entity
73036	Captured Triglavian Relay Cache	Spawn Container	Entity
73037	Captured Triglavian Relay Cache	Spawn Container	Entity
73038	Captured Triglavian Relay Cache	Spawn Container	Entity
73148	Merlin Relay Guard	Irregular Frigate	Entity
73149	Condor Relay Guard	Irregular Frigate	Entity
73150	Kestrel Relay Guard	Irregular Frigate	Entity
73159	Tristan Relay Guard	Irregular Frigate	Entity
73160	Atron Relay Guard	Irregular Frigate	Entity
73161	Incursus Relay Guard	Irregular Frigate	Entity
73225	Amarr Propaganda Broadcast Structure	FW Propaganda Broadcast Structure	Deployable
73226	Minmatar Propaganda Broadcast Structure	FW Propaganda Broadcast Structure	Deployable
73227	Caldari Propaganda Broadcast Structure	FW Propaganda Broadcast Structure	Deployable
73228	Gallente Propaganda Broadcast Structure	FW Propaganda Broadcast Structure	Deployable
73252	Stellar Observation Mainframe	Spawn Container	Entity
73253	Stellar Observation Databank	Spawn Container	Entity
73256	Republic Fleet Firetail Guard	Irregular Frigate	Entity
73257	Vigil Fleet Issue Guard	Irregular Frigate	Entity
73258	Imperial Navy Slicer Guard	Irregular Frigate	Entity
73259	Crucifier Navy Issue Guard	Irregular Frigate	Entity
73270	Amarr Listening Outpost	FW Listening Outpost	Deployable
73271	Minmatar Listening Outpost	FW Listening Outpost	Deployable
73272	Caldari Listening Outpost	FW Listening Outpost	Deployable
73273	Gallente Listening Outpost	FW Listening Outpost	Deployable
73427	Amarr Cryptograph Storage	Spawn Container	Entity
73428	Minmatar Cryptograph Storage	Spawn Container	Entity
73429	Caldari Cryptograph Storage	Spawn Container	Entity
73430	Gallente Cryptograph Storage	Spawn Container	Entity
73443	Amarr Control Zone A	Control Point	Entity
73444	Minmatar Control Zone A	Control Point	Entity
73445	Caldari Control Zone A	Control Point	Entity
73446	Gallente Control Zone A	Control Point	Entity
73547	Imperial Frigate	FW Amarr Empire Frigate	Entity
73548	Imperial Destroyer	FW Amarr Empire Destroyer	Entity
73549	Imperial Cruiser	FW Amarr Empire Cruiser	Entity
73550	Imperial Battlecruiser	FW Amarr Empire Battlecruiser	Entity
73551	Imperial Battleship	FW Amarr Empire Battleship	Entity
73552	Republic Frigate	FW Minmatar Republic Frigate	Entity
73553	Republic Destroyer	FW Minmatar Republic Destroyer	Entity
73554	Republic Cruiser	FW Minmatar Republic Cruiser	Entity
73555	Republic Battlecruiser	FW Minmatar Republic Battlecruiser	Entity
73556	Republic Battleship	FW Minmatar Republic Battleship	Entity
73557	State Frigate	FW Caldari State Frigate	Entity
73558	State Destroyer	FW Caldari State Destroyer	Entity
73559	State Cruiser	FW Caldari State Cruiser	Entity
73560	State Battlecruiser	FW Caldari State Battlecruiser	Entity
73561	State Battleship	FW Caldari State Battleship	Entity
73562	Federation Frigate	FW Gallente Federation Frigate	Entity
73563	Federation Destroyer	FW Gallente Federation Destroyer	Entity
73564	Federation Cruiser	FW Gallente Federation Cruiser	Entity
73565	Federation Battlecruiser	FW Gallente Federation Battlecruiser	Entity
73566	Federation Battleship	FW Gallente Federation Battleship	Entity
73787	Naglfar Fleet Issue	Dreadnought	Ship
73789	Coercer Navy Issue	Destroyer	Ship
73790	Revelation Navy Issue	Dreadnought	Ship
73792	Moros Navy Issue	Dreadnought	Ship
73793	Phoenix Navy Issue	Dreadnought	Ship
73794	Thrasher Fleet Issue	Destroyer	Ship
73795	Cormorant Navy Issue	Destroyer	Ship
73796	Catalyst Navy Issue	Destroyer	Ship
73797	Imperial Officer Battleship	FW Amarr Empire Battleship	Entity
73798	Republic Officer Battleship	FW Minmatar Republic Battleship	Entity
73799	State Officer Battleship	FW Caldari State Battleship	Entity
73800	Federation Officer Battleship	FW Gallente Federation Battleship	Entity
73854	Amarr Control Zone B	Control Point	Entity
73855	Amarr Control Zone C	Control Point	Entity
73856	Minmatar Control Zone B	Control Point	Entity
73857	Minmatar Control Zone C	Control Point	Entity
73858	Caldari Control Zone B	Control Point	Entity
73859	Caldari Control Zone C	Control Point	Entity
73860	Gallente Control Zone B	Control Point	Entity
73861	Gallente Control Zone C	Control Point	Entity
74141	Geri	Assault Frigate	Ship
74316	Bestla	Heavy Assault Cruiser	Ship
75351	Imperial Frigate	FW Amarr Empire Frigate	Entity
75352	Imperial Destroyer	FW Amarr Empire Destroyer	Entity
75353	Imperial Cruiser	FW Amarr Empire Cruiser	Entity
75354	Imperial Battlecruiser	FW Amarr Empire Battlecruiser	Entity
75355	Imperial Battleship	FW Amarr Empire Battleship	Entity
75356	State Frigate	FW Caldari State Frigate	Entity
75357	State Destroyer	FW Caldari State Destroyer	Entity
75358	State Cruiser	FW Caldari State Cruiser	Entity
75359	State Battlecruiser	FW Caldari State Battlecruiser	Entity
75360	State Battleship	FW Caldari State Battleship	Entity
75361	Federation Frigate	FW Gallente Federation Frigate	Entity
75362	Federation Destroyer	FW Gallente Federation Destroyer	Entity
75363	Federation Cruiser	FW Gallente Federation Cruiser	Entity
75364	Federation Battlecruiser	FW Gallente Federation Battlecruiser	Entity
75365	Federation Battleship	FW Gallente Federation Battleship	Entity
75366	Republic Frigate	FW Minmatar Republic Frigate	Entity
75367	Republic Destroyer	FW Minmatar Republic Destroyer	Entity
75368	Republic Cruiser	FW Minmatar Republic Cruiser	Entity
75369	Republic Battlecruiser	FW Minmatar Republic Battlecruiser	Entity
75370	Republic Battleship	FW Minmatar Republic Battleship	Entity
75677	QA 'Shady' Mobile Observatory	Mobile Observatory	Deployable
75782	QA - Shady Vindicator	Irregular Battleship	Entity
76016	Mercenary Crow	Irregular Frigate	Entity
76017	Mercenary Cheetah	Irregular Frigate	Entity
76018	Mercenary Raptor	Irregular Frigate	Entity
76019	Mercenary Hyena	Irregular Frigate	Entity
76020	Mercenary Wolf	Irregular Frigate	Entity
76021	Mercenary Manticore	Irregular Frigate	Entity
76022	Mercenary Draugur	Irregular Destroyer	Entity
76023	Mercenary Rapier	Irregular Cruiser	Entity
76024	Mercenary Ikitursa	Irregular Cruiser	Entity
76025	Mercenary Tornado	Irregular Battlecruiser	Entity
76026	Mercenary Panther	Irregular Battleship	Entity
76027	Angel Echo	Irregular Frigate	Entity
76028	Angel Probe	Irregular Frigate	Entity
76029	Angel Rifter	Irregular Frigate	Entity
76030	Angel Vigil	Irregular Frigate	Entity
76031	Angel Thrasher	Irregular Frigate	Entity
76032	Angel Hound	Irregular Frigate	Entity
76033	Angel Dramiel	Irregular Frigate	Entity
76034	Angel Stabber	Irregular Frigate	Entity
76035	Angel Cynabal	Irregular Frigate	Entity
76036	Angel Cyclone	Irregular Frigate	Entity
76037	Angel Machariel	Irregular Frigate	Entity
76038	Guristas Taipan	Irregular Frigate	Entity
76039	Guristas Heron	Irregular Frigate	Entity
76040	Guristas Kestrel	Irregular Frigate	Entity
76041	Guristas Griffin	Irregular Frigate	Entity
76042	Guristas Cormorant	Irregular Frigate	Entity
76043	Guristas Manticore	Irregular Frigate	Entity
76044	Guristas Worm	Irregular Frigate	Entity
76045	Guristas Blackbird	Irregular Frigate	Entity
76046	Guristas Gila	Irregular Frigate	Entity
76047	Guristas Drake	Irregular Frigate	Entity
76048	Guristas Rattlesnake	Irregular Frigate	Entity
76179	Imperial Decipher Com Tower	Spawn Container	Entity
76180	Imperial Research Mainframe	Spawn Container	Entity
76181	Imperial Research Databank	Spawn Container	Entity
76182	State Research Com Tower	Spawn Container	Entity
76183	State Research Mainframe	Spawn Container	Entity
76184	State Research Databank	Spawn Container	Entity
76185	Federation Research Com Tower	Spawn Container	Entity
76186	Federation Research Mainframe	Spawn Container	Entity
76187	Federation Research Databank	Spawn Container	Entity
76188	Republic Research Com Tower	Spawn Container	Entity
76189	Republic Research Mainframe	Spawn Container	Entity
76190	Republic Research Databank	Spawn Container	Entity
76191	Amarr Classified Courier Wreck	Spawn Container	Entity
76192	Caldari Classified Courier Wreck	Spawn Container	Entity
76193	Gallente Classified Courier Wreck	Spawn Container	Entity
76194	Minmatar Classified Courier Wreck	Spawn Container	Entity
76195	Reinforced Amarr Research Lab	Deadspace Overseer's Structure	Entity
76196	Vulnerable Amarr Research Lab	Deadspace Overseer's Structure	Entity
76197	Reinforced Caldari Research Lab	Deadspace Overseer's Structure	Entity
76198	Vulnerable Caldari Research Lab	Deadspace Overseer's Structure	Entity
76199	Reinforced Gallente Research Lab	Deadspace Overseer's Structure	Entity
76200	Vulnerable Gallente Research Lab	Deadspace Overseer's Structure	Entity
76201	Reinforced Minmatar Research Lab	Deadspace Overseer's Structure	Entity
76202	Vulnerable Minmatar Research Lab	Deadspace Overseer's Structure	Entity
76256	Mercenary Crow	Irregular Frigate	Entity
76257	Mercenary Crow	Irregular Frigate	Entity
76258	Mercenary Crow	Irregular Frigate	Entity
76941	Vila Allopoiesis Node	Spawn Container	Entity
76942	Anchoring Vila Skarbnik	Irregular Frigate	Entity
76943	Starving Vila Skarbnik	Irregular Frigate	Entity
76944	Tangling Vila Skarbnik	Irregular Frigate	Entity
77019	Legatus Bane	Homefront Operations Allied Dreadnought	Entity
77065	Blood Raider Temple	Homefront Operations Structure	Entity
77066	Offertory Sigil	Homefront Operations Hauler	Entity
77097	Guri Malakim Survey Data Vault	Spawn Container	Entity
77098	Guri Malakim Recovered Data Vault	Spawn Container	Entity
77099	SoCT Survey Data Relay Tower	Spawn Container	Entity
77100	SoCT Research Data Relay Tower	Spawn Container	Entity
77114	Metamorphosis	Frigate	Ship
77120	Longshot Relay	Homefront Operations Structure	Entity
77121	Remote Armor Array	Spawn Container	Entity
77126	Holy Mission	Homefront Operations Structure	Entity
77127	Guri Malakim Griffin	Irregular Frigate	Entity
77128	Guri Malakim Dramiel	Irregular Frigate	Entity
77129	Guri Malakim Worm	Irregular Frigate	Entity
77130	Guri Malakim Cynabal	Irregular Cruiser	Entity
77131	Guri Malakim Gila	Irregular Cruiser	Entity
77132	Guri Malakim Tornado	Irregular Battlecruiser	Entity
77133	Guri Malakim Boss	Irregular Battleship	Entity
77134	Guri Malakim Boss	Irregular Battleship	Entity
77135	Guri Malakim Godfather	Irregular Battleship	Entity
77136	Guri Malakim Godfather	Irregular Battleship	Entity
77151	SoCT Pacifier	Irregular Frigate	Entity
77152	SoCT Skybreaker	Irregular Frigate	Entity
77153	SoCT Metamorphosis	Irregular Frigate	Entity
77154	SoCT Sunesis	Irregular Destroyer	Entity
77155	SoCT Enforcer	Irregular Cruiser	Entity
77156	SoCT Stormbringer	Irregular Cruiser	Entity
77157	SoCT Gnosis	Irregular Battlecruiser	Entity
77158	SoCT Master	Irregular Battleship	Entity
77159	SoCT Master	Irregular Battleship	Entity
77160	SoCT Grandmaster	Irregular Battleship	Entity
77161	SoCT Grandmaster	Irregular Battleship	Entity
77180	Holder Providence	Mission Container	Entity
77183	Verndari Valravn	Homefront Operations Allied Dreadnought	Entity
77184	Arbiter Karura	Homefront Operations Allied Dreadnought	Entity
77185	Peacekeeper Hubris	Homefront Operations Allied Dreadnought	Entity
77195	Quantum-Override Broadcaster	Homefront Operations Structure	Entity
77196	Remote Jamming Array	Spawn Container	Entity
77197	Remote Shield Array	Spawn Container	Entity
77198	Remote Cloaking Array	Spawn Container	Entity
77199	Sacred Exploiter	Homefront Operations Structure	Entity
77200	Megafinance Siphoner	Homefront Operations Structure	Entity
77251	Occupied Industrial Housing	Homefront Operations Structure	Entity
77252	Decommissioned Base	Homefront Operations Structure	Entity
77253	Cartel Racket HQ	Homefront Operations Structure	Entity
77254	Shrouding Retribution	Homefront Operations Enemy Frigate	Entity
77255	Preaching Inquisitor	Homefront Operations Enemy Frigate	Entity
77256	Shrouding Crucifier	Homefront Operations Enemy Frigate	Entity
77257	Shrouding Dragoon	Homefront Operations Enemy Destroyer	Entity
77258	Wrathful Punisher	Homefront Operations Enemy Frigate	Entity
77259	Wrathful Coercer	Homefront Operations Enemy Destroyer	Entity
77260	Righteous Omen	Homefront Operations Enemy Cruiser	Entity
77261	Grand Oracle	Homefront Operations Enemy Battlecruiser	Entity
77281	Hubris	Lancer Dreadnought	Ship
77283	Bane	Lancer Dreadnought	Ship
77284	Karura	Lancer Dreadnought	Ship
77287	Charon Repatriator	Homefront Operations Structure	Entity
77288	Valravn	Lancer Dreadnought	Ship
77290	Master Controller	Homefront Operations Structure	Entity
77292	Clan Commons	Homefront Operations Structure	Entity
77303	Fenrir Quartermaster	Mission Container	Entity
77304	Charon Requisition	Mission Container	Entity
77305	Obelisk Impound	Mission Container	Entity
77487	Annihilating Punisher	Homefront Operations Enemy Frigate	Entity
77488	Annihilating Coercer	Homefront Operations Enemy Destroyer	Entity
77489	Preaching Augoror	Homefront Operations Enemy Cruiser	Entity
77490	Shrouding Arbitrator	Homefront Operations Enemy Cruiser	Entity
77491	Shrouding Zealot	Homefront Operations Enemy Cruiser	Entity
77505	Badger Runner	Homefront Operations Hauler	Entity
77506	Nereus Mule	Homefront Operations Hauler	Entity
77507	Plunder Wreathe	Homefront Operations Hauler	Entity
77525	Focused Sanguinary Arbitrator	Homefront Operations Enemy Cruiser	Entity
77526	Focused Sanguinary Dragoon	Homefront Operations Enemy Destroyer	Entity
77527	Focused Sanguinary Crucifier	Homefront Operations Enemy Frigate	Entity
77528	Focused Negotiator Blackbird	Homefront Operations Enemy Cruiser	Entity
77529	Focused Liberator Celestis	Homefront Operations Enemy Cruiser	Entity
77530	Focused Negotiator Corax	Homefront Operations Enemy Destroyer	Entity
77531	Focused Liberator Algos	Homefront Operations Enemy Destroyer	Entity
77532	Focused Leeching Bellicose	Homefront Operations Enemy Cruiser	Entity
77533	Focused Leeching Talwar	Homefront Operations Enemy Destroyer	Entity
77534	Focused Liberator Maulus	Homefront Operations Enemy Frigate	Entity
77535	Focused Leeching Medusa	Homefront Operations Enemy Frigate	Entity
77536	Focused Negotiator Griffin	Homefront Operations Enemy Frigate	Entity
77537	Ransacker Merlin	Homefront Operations Enemy Frigate	Entity
77538	Extinction Cutter	Homefront Operations Enemy Frigate	Entity
77539	Devastation Lynx	Homefront Operations Enemy Frigate	Entity
77540	Ransacker Cormorant	Homefront Operations Enemy Destroyer	Entity
77541	Extinction Welder	Homefront Operations Enemy Destroyer	Entity
77542	Devastation Thrasher	Homefront Operations Enemy Destroyer	Entity
77543	Proselytizer Oracle	Homefront Operations Enemy Battlecruiser	Entity
77544	Eraser Naga	Homefront Operations Enemy Battlecruiser	Entity
77545	Grim Naga	Homefront Operations Enemy Battlecruiser	Entity
77546	Tycoon Talos	Homefront Operations Enemy Battlecruiser	Entity
77547	Sundering Tornado	Homefront Operations Enemy Battlecruiser	Entity
77548	Instigator Naga	Homefront Operations Enemy Battlecruiser	Entity
77549	Supreme Talos	Homefront Operations Enemy Battlecruiser	Entity
77550	Ulfhednar Tornado	Homefront Operations Enemy Battlecruiser	Entity
77551	Vitiator Stainer	Homefront Operations Enemy Battlecruiser	Entity
77552	Dominant Drekavac	Homefront Operations Enemy Battlecruiser	Entity
77553	Veritas Talos	Homefront Operations Enemy Battlecruiser	Entity
77554	Spymaster Tornado	Homefront Operations Enemy Battlecruiser	Entity
77555	Venerated Oracle	Homefront Operations Enemy Battlecruiser	Entity
77556	Guard Incursus	Homefront Operations Enemy Frigate	Entity
77557	Corruptor Lynx	Homefront Operations Enemy Frigate	Entity
77558	Activist Merlin	Homefront Operations Enemy Frigate	Entity
77559	Errant Incursus	Homefront Operations Enemy Frigate	Entity
77560	Atgeir Rifter	Homefront Operations Enemy Frigate	Entity
77561	Corrupted Cutter	Homefront Operations Enemy Frigate	Entity
77562	Stoic Damavik	Homefront Operations Enemy Frigate	Entity
77563	Stirring Wanderer	Homefront Operations Enemy Frigate	Entity
77564	Spinner Incursus	Homefront Operations Enemy Frigate	Entity
77565	Insurgent Rifter	Homefront Operations Enemy Frigate	Entity
77566	Blood Punisher	Homefront Operations Enemy Frigate	Entity
77567	Smuggler Merlin	Homefront Operations Enemy Frigate	Entity
77568	Infiltrating Punisher	Homefront Operations Enemy Frigate	Entity
77569	Evader Merlin	Homefront Operations Enemy Frigate	Entity
77570	Obscurer Crucifier	Homefront Operations Enemy Frigate	Entity
77571	Falsifier Griffin	Homefront Operations Enemy Frigate	Entity
77572	Stalker Maulus	Homefront Operations Enemy Frigate	Entity
77573	Persecutor Medusa	Homefront Operations Enemy Frigate	Entity
77574	Alienator Grabber	Homefront Operations Enemy Frigate	Entity
77575	Stalker Damavik	Homefront Operations Enemy Frigate	Entity
77576	Enervating Wanderer	Homefront Operations Enemy Frigate	Entity
77577	Liberator Maulus	Homefront Operations Enemy Frigate	Entity
77578	Negotiator Griffin	Homefront Operations Enemy Frigate	Entity
77579	Blight Vigil	Homefront Operations Enemy Frigate	Entity
77580	Diverter Maulus	Homefront Operations Enemy Frigate	Entity
77581	Spotter Vigil	Homefront Operations Enemy Frigate	Entity
77582	Damning Crucifier	Homefront Operations Enemy Frigate	Entity
77583	Blindsider Griffin	Homefront Operations Enemy Frigate	Entity
77584	Bastion Navitas	Homefront Operations Enemy Frigate	Entity
77585	Bolstering Bantam	Homefront Operations Enemy Frigate	Entity
77586	Refuge Burst	Homefront Operations Enemy Frigate	Entity
77587	Shepherd Inquisitor	Homefront Operations Enemy Frigate	Entity
77588	Sawbones Bantam	Homefront Operations Enemy Frigate	Entity
77589	Bulwark Navitas	Homefront Operations Enemy Frigate	Entity
77590	Malignant Swordspine	Homefront Operations Enemy Frigate	Entity
77591	Machinist Segmenter	Homefront Operations Enemy Frigate	Entity
77592	Fortifying Damavik	Homefront Operations Enemy Frigate	Entity
77593	Soothing Conservator	Homefront Operations Enemy Frigate	Entity
77594	Skald Burst	Homefront Operations Enemy Frigate	Entity
77595	Justifier Inquisitor	Homefront Operations Enemy Frigate	Entity
77596	Insurer Bantam	Homefront Operations Enemy Frigate	Entity
77597	Exonerater Navitas	Homefront Operations Enemy Frigate	Entity
77598	Falsifier Hawk	Homefront Operations Enemy Frigate	Entity
77599	Diverter Enyo	Homefront Operations Enemy Frigate	Entity
77600	Liberator Enyo	Homefront Operations Enemy Frigate	Entity
77601	Negotiator Hawk	Homefront Operations Enemy Frigate	Entity
77602	Spotter Wolf	Homefront Operations Enemy Frigate	Entity
77603	Sanguinary Cruor	Homefront Operations Enemy Frigate	Entity
77604	Blindsider Worm	Homefront Operations Enemy Frigate	Entity
77605	Stalker Daredevil	Homefront Operations Enemy Frigate	Entity
77606	Persecutor Dramiel	Homefront Operations Enemy Frigate	Entity
77607	Alienator Clamper	Homefront Operations Enemy Frigate	Entity
77608	Umbral Damavik	Homefront Operations Enemy Frigate	Entity
77609	Enervating Preserver	Homefront Operations Enemy Frigate	Entity
77610	Blight Wolf	Homefront Operations Enemy Frigate	Entity
77611	Quietus Retribution	Homefront Operations Enemy Frigate	Entity
77612	Liberator Algos	Homefront Operations Enemy Destroyer	Entity
77613	Negotiator Corax	Homefront Operations Enemy Destroyer	Entity
77614	Spotter Talwar	Homefront Operations Enemy Destroyer	Entity
77615	Sanguinary Dragoon	Homefront Operations Enemy Destroyer	Entity
77616	Blindsider Corax	Homefront Operations Enemy Destroyer	Entity
77617	Stalker Algos	Homefront Operations Enemy Destroyer	Entity
77618	Persecutor Talwar	Homefront Operations Enemy Destroyer	Entity
77619	Alienator Palletizer	Homefront Operations Enemy Destroyer	Entity
77620	Ravenous Kikimora	Homefront Operations Enemy Destroyer	Entity
77621	Enervating Custodian	Homefront Operations Enemy Destroyer	Entity
77622	Blight Talwar	Homefront Operations Enemy Destroyer	Entity
77623	Quietus Dragoon	Homefront Operations Enemy Destroyer	Entity
77624	Falsifier Corax	Homefront Operations Enemy Destroyer	Entity
77625	Diverter Algos	Homefront Operations Enemy Destroyer	Entity
77626	Stoic Kikimora	Homefront Operations Enemy Destroyer	Entity
77627	Stirring Custodian	Homefront Operations Enemy Destroyer	Entity
77628	Atgeir Thrasher	Homefront Operations Enemy Destroyer	Entity
77629	Infiltrating Coercer	Homefront Operations Enemy Destroyer	Entity
77630	Evader Cormorant	Homefront Operations Enemy Destroyer	Entity
77631	Spinner Catalyst	Homefront Operations Enemy Destroyer	Entity
77632	Errant Catalyst	Homefront Operations Enemy Destroyer	Entity
77633	Activist Cormorant	Homefront Operations Enemy Destroyer	Entity
77634	Insurgent Thrasher	Homefront Operations Enemy Destroyer	Entity
77635	Blood Coercer	Homefront Operations Enemy Destroyer	Entity
77636	Smuggler Cormorant	Homefront Operations Enemy Destroyer	Entity
77637	Guard Catalyst	Homefront Operations Enemy Destroyer	Entity
77638	Corruptor Thrasher	Homefront Operations Enemy Destroyer	Entity
77639	Corrupted Welder	Homefront Operations Enemy Destroyer	Entity
77640	Valiant Thorax	Homefront Operations Enemy Cruiser	Entity
77641	Defiant Moa	Homefront Operations Enemy Cruiser	Entity
77642	Infiltrator Stabber	Homefront Operations Enemy Cruiser	Entity
77643	Scarlet Omen	Homefront Operations Enemy Cruiser	Entity
77644	Brutal Moa	Homefront Operations Enemy Cruiser	Entity
77645	Sentinel Thorax	Homefront Operations Enemy Cruiser	Entity
77646	Slayer Stabber	Homefront Operations Enemy Cruiser	Entity
77647	Proliferator Handler	Homefront Operations Enemy Cruiser	Entity
77648	Fervent Vedmak	Homefront Operations Enemy Cruiser	Entity
77649	Risen Reclaimer	Homefront Operations Enemy Cruiser	Entity
77650	Vandal Stabber	Homefront Operations Enemy Cruiser	Entity
77651	Saboteur Omen	Homefront Operations Enemy Cruiser	Entity
77652	Scrubber Moa	Homefront Operations Enemy Cruiser	Entity
77653	Compeller Thorax	Homefront Operations Enemy Cruiser	Entity
77654	Sawbones Osprey	Homefront Operations Enemy Cruiser	Entity
77655	Bulwark Exequror	Homefront Operations Enemy Cruiser	Entity
77656	Malignant Ixion	Homefront Operations Enemy Cruiser	Entity
77657	Machinist Renderer	Homefront Operations Enemy Cruiser	Entity
77658	Fortifying Rodiva	Homefront Operations Enemy Cruiser	Entity
77659	Soothing Rectifier	Homefront Operations Enemy Cruiser	Entity
77660	Skald Scythe	Homefront Operations Enemy Cruiser	Entity
77661	Justifier Augoror	Homefront Operations Enemy Cruiser	Entity
77662	Insurer Osprey	Homefront Operations Enemy Cruiser	Entity
77663	Exonerater Exequror	Homefront Operations Enemy Cruiser	Entity
77664	Bastion Exequror	Homefront Operations Enemy Cruiser	Entity
77665	Bolstering Osprey	Homefront Operations Enemy Cruiser	Entity
77666	Refuge Scythe	Homefront Operations Enemy Cruiser	Entity
77667	Shepherd Augoror	Homefront Operations Enemy Cruiser	Entity
77668	Liberator Celestis	Homefront Operations Enemy Cruiser	Entity
77669	Negotiator Blackbird	Homefront Operations Enemy Cruiser	Entity
77670	Spotter Bellicose	Homefront Operations Enemy Cruiser	Entity
77671	Damning Arbitrator	Homefront Operations Enemy Cruiser	Entity
77672	Blindsider Blackbird	Homefront Operations Enemy Cruiser	Entity
77673	Stalker Celestis	Homefront Operations Enemy Cruiser	Entity
77674	Persecutor Bellicose	Homefront Operations Enemy Cruiser	Entity
77675	Alienator Manipulator	Homefront Operations Enemy Cruiser	Entity
77676	Ravenous Vedmak	Homefront Operations Enemy Cruiser	Entity
77677	Enervating Reclaimer	Homefront Operations Enemy Cruiser	Entity
77678	Blight Bellicose	Homefront Operations Enemy Cruiser	Entity
77679	Obscurer Arbitrator	Homefront Operations Enemy Cruiser	Entity
77680	Falsifier Blackbird	Homefront Operations Enemy Cruiser	Entity
77681	Diverter Celestis	Homefront Operations Enemy Cruiser	Entity
77682	Liberator Deimos	Homefront Operations Enemy Cruiser	Entity
77683	Negotiator Eagle	Homefront Operations Enemy Cruiser	Entity
77684	Spotter Vagabond	Homefront Operations Enemy Cruiser	Entity
77685	Sanguinary Ashimmu	Homefront Operations Enemy Cruiser	Entity
77686	Blindsider Gila	Homefront Operations Enemy Cruiser	Entity
77687	Stalker Vigilant	Homefront Operations Enemy Cruiser	Entity
77688	Persecutor Cynabal	Homefront Operations Enemy Cruiser	Entity
77689	Alienator Corrector	Homefront Operations Enemy Cruiser	Entity
77690	Stifler Vedmak	Homefront Operations Enemy Cruiser	Entity
77691	Tyrannos Kyrios	Homefront Operations Enemy Cruiser	Entity
77692	Blight Vagabond	Homefront Operations Enemy Cruiser	Entity
77693	Quietus Zealot	Homefront Operations Enemy Cruiser	Entity
77694	Falsifier Eagle	Homefront Operations Enemy Cruiser	Entity
77695	Diverter Deimos	Homefront Operations Enemy Cruiser	Entity
77696	Ravenous Leshak	Homefront Operations Enemy Battleship	Entity
77697	Dominant Leshak	Homefront Operations Enemy Battleship	Entity
77698	Watchful Steward	Homefront Operations Enemy Battleship	Entity
77699	Vitiator Inspector	Homefront Operations Enemy Battleship	Entity
77700	Alienator Controller	Homefront Operations Enemy Battleship	Entity
77701	Enervating Overseer	Homefront Operations Enemy Battleship	Entity
77702	Tyrannos Basileus	Homefront Operations Enemy Battleship	Entity
77726	Cybele	Heavy Assault Cruiser	Ship
77727	Faulty Triglavian Cache	Homefront Operations Structure	Entity
77877	Hyphema Crucifier	Homefront Operations Enemy Frigate	Entity
77878	Hyphema Dragoon	Homefront Operations Enemy Destroyer	Entity
77879	Boycotter Griffin	Homefront Operations Enemy Frigate	Entity
77880	Boycotter Corax	Homefront Operations Enemy Destroyer	Entity
77881	Abacinating Maulus	Homefront Operations Enemy Frigate	Entity
77882	Abacinating Algos	Homefront Operations Enemy Destroyer	Entity
77883	Deceiver Medusa	Homefront Operations Enemy Frigate	Entity
77884	Deceiver Talwar	Homefront Operations Enemy Destroyer	Entity
78260	Angel Cartel FOB	Pirate Forward Operating Base	Structure
78296	Focused Sanguinary Ashimmu	Homefront Operations Enemy Cruiser	Entity
78297	Focused Liberator Deimos	Homefront Operations Enemy Cruiser	Entity
78298	Focused Negotiator Eagle	Homefront Operations Enemy Cruiser	Entity
78299	Focused Leeching Cynabal	Homefront Operations Enemy Cruiser	Entity
78304	Focused Sanguinary Bhaalgorn	Homefront Operations Enemy Battleship	Entity
78308	Focused Leeching Machariel	Homefront Operations Enemy Battleship	Entity
78309	Focused Negotiator Widow	Homefront Operations Enemy Battleship	Entity
78310	Focused Liberator Sin	Homefront Operations Enemy Battleship	Entity
78333	Mekubal	Destroyer	Ship
78366	Alligator	Combat Battlecruiser	Ship
78367	Mamba	Destroyer	Ship
78369	Khizriel	Combat Battlecruiser	Ship
78414	Shapash	Assault Frigate	Ship
78483	[AIR] Bowhead Wreck	Spawn Container	Entity
78576	Azariel	Titan	Ship
78800	30km Small Corporate Capture Point	Capture Point	Entity
78890	Deathless Retribution Emplacement	Destructible Sentry Gun	Entity
78891	Angel Zarzakh Dramiel	Pirate Entities	Entity
78892	Angel Zarzakh Mekubal	Pirate Entities	Entity
78893	Angel Zarzakh Cynabal	Pirate Entities	Entity
78894	Angel Zarzakh Machariel	Pirate Entities	Entity
78895	Guristas Zarzakh Worm	Pirate Entities	Entity
78896	Guristas Zarzakh Mamba	Pirate Entities	Entity
78897	Guristas Zarzakh Gila	Pirate Entities	Entity
78898	Guristas Zarzakh Rattlesnake	Pirate Entities	Entity
79172	Guristas Pirates FOB	Pirate Forward Operating Base	Structure
79183	Deathless Retribution Emplacement	Destructible Sentry Gun	Entity
79184	Deathless Retribution Emplacement	Destructible Sentry Gun	Entity
79185	Deathless Retribution Emplacement	Destructible Sentry Gun	Entity
79320	Angel Lookout Dramiel	Insurgency Roaming Pirates	Entity
79322	Angel Lookout Mekubal	Insurgency Roaming Pirates	Entity
79327	Angel Lookout Cynabal	Insurgency Roaming Pirates	Entity
79329	Zohar's Chosen Mekubal	Insurgency Roaming Pirates	Entity
79330	Zohar's Chosen Cynabal	Insurgency Roaming Pirates	Entity
79331	Angel Lookout Khizriel	Insurgency Roaming Pirates	Entity
79332	Zohar's Chosen Khizriel	Insurgency Roaming Pirates	Entity
79333	Angel Lookout Machariel	Insurgency Roaming Pirates	Entity
79334	Zohar's Chosen Machariel	Insurgency Roaming Pirates	Entity
79348	Guristas Lookout Worm	Insurgency Roaming Pirates	Entity
79349	Guristas Lookout Worm	Insurgency Roaming Pirates	Entity
79350	Guristas Lookout Mamba	Insurgency Roaming Pirates	Entity
79351	Guristas Lookout Mamba	Insurgency Roaming Pirates	Entity
79352	Guristas Lookout Gila	Insurgency Roaming Pirates	Entity
79353	Guristas Lookout Gila	Insurgency Roaming Pirates	Entity
79354	Guristas Lookout Alligator	Insurgency Roaming Pirates	Entity
79355	Guristas Lookout Alligator	Insurgency Roaming Pirates	Entity
79356	Guristas Lookout Rattlesnake	Insurgency Roaming Pirates	Entity
79357	Guristas Lookout Rattlesnake	Insurgency Roaming Pirates	Entity
79358	Hakuzosu's Steelscale Mamba	Insurgency Roaming Pirates	Entity
79359	Hakuzosu's Steelscale Mamba	Insurgency Roaming Pirates	Entity
79360	Hakuzosu's Steelscale Gila	Insurgency Roaming Pirates	Entity
79361	Hakuzosu's Steelscale Gila	Insurgency Roaming Pirates	Entity
79362	Hakuzosu's Steelscale Alligator	Insurgency Roaming Pirates	Entity
79363	Hakuzosu's Steelscale Alligator	Insurgency Roaming Pirates	Entity
79364	Hakuzosu's Steelscale Rattlesnake	Insurgency Roaming Pirates	Entity
79365	Hakuzosu's Steelscale Rattlesnake	Insurgency Roaming Pirates	Entity
79387	Upwell Safeguard Garmur	Insurgency Roaming Enforcers	Entity
79388	Upwell Safeguard Garmur	Insurgency Roaming Enforcers	Entity
79389	Consortium Bulwark Orthrus	Insurgency Roaming Enforcers	Entity
79390	Upwell Safeguard Orthrus	Insurgency Roaming Enforcers	Entity
79391	Upwell Safeguard Skybreaker	Insurgency Roaming Enforcers	Entity
79392	Upwell Safeguard Stormbringer	Insurgency Roaming Enforcers	Entity
79393	Upwell Safeguard Thunderchild	Insurgency Roaming Enforcers	Entity
79394	Consortium Bulwark Skybreaker	Insurgency Roaming Enforcers	Entity
79395	Consortium Bulwark Stormbringer	Insurgency Roaming Enforcers	Entity
79396	Consortium Bulwark Thunderchild	Insurgency Roaming Enforcers	Entity
79397	Upwell Safeguard Orthrus	Insurgency Roaming Enforcers	Entity
79398	Consortium Bulwark Orthrus	Insurgency Roaming Enforcers	Entity
79414	Angel Assailant Dramiel	Insurgency Pirate Frigate	Entity
79415	Angel Assailant Mekubal	Insurgency Pirate Destroyer	Entity
79416	Angel Assailant Cynabal	Insurgency Pirate Cruiser	Entity
79417	Angel Assailant Khizriel	Insurgency Pirate Battlecruiser	Entity
79418	Guristas Aggressor Worm	Insurgency Pirate Frigate	Entity
79419	Mordu's Vambrace Garmur	Insurgency Mordu Frigate	Entity
79420	Guristas Aggressor Mamba	Insurgency Pirate Destroyer	Entity
79421	Mordu's Vambrace Fennec	Insurgency Mordu Destroyer	Entity
79422	Guristas Aggressor Gila	Insurgency Pirate Cruiser	Entity
79423	Mordu's Vambrace Orthrus	Insurgency Mordu Cruiser	Entity
79424	Guristas Aggressor Alligator	Insurgency Pirate Battlecruiser	Entity
79425	Mordu's Cuirass Mongoose	Insurgency Mordu Battlecruiser	Entity
79489	30km Medium Corporate Capture Point	Capture Point	Entity
79490	30km Large Corporate Capture Point	Capture Point	Entity
79491	30km Open Corporate Capture Point	Capture Point	Entity
79507	Counter-Insurgency Sentry Gun	Destructible Sentry Gun	Entity
79508	Upwell Fortification Variant 'Kingbird'	Insurgency Roaming Enforcers	Entity
79515	Angel Assailant Dramiel	Insurgency Pirate Frigate	Entity
79516	Angel Assailant Dramiel	Insurgency Pirate Frigate	Entity
79517	Angel Snarer Dramiel	Insurgency Pirate Frigate	Entity
79520	Angel Assailant Mekubal	Insurgency Pirate Destroyer	Entity
79521	Angel Assailant Mekubal	Insurgency Pirate Destroyer	Entity
79522	Angel Snarer Mekubal	Insurgency Pirate Destroyer	Entity
79523	Angel Assailant Cynabal	Insurgency Pirate Cruiser	Entity
79524	Angel Assailant Cynabal	Insurgency Pirate Cruiser	Entity
79525	Angel Snarer Cynabal	Insurgency Pirate Cruiser	Entity
79526	Angel Assailant Khizriel	Insurgency Pirate Battlecruiser	Entity
79527	Angel Assailant Khizriel	Insurgency Pirate Battlecruiser	Entity
79528	Angel Snarer Khizriel	Insurgency Pirate Battlecruiser	Entity
79529	Guristas Aggressor Worm	Insurgency Pirate Frigate	Entity
79530	Guristas Aggressor Worm	Insurgency Pirate Frigate	Entity
79531	Guristas Aggressor Worm	Insurgency Pirate Frigate	Entity
79532	Guristas Trapper Frigate	Insurgency Pirate Frigate	Entity
79533	Guristas Aggressor Mamba	Insurgency Pirate Destroyer	Entity
79534	Guristas Aggressor Mamba	Insurgency Pirate Destroyer	Entity
79535	Guristas Aggressor Mamba	Insurgency Pirate Destroyer	Entity
79536	Guristas Trapper Mamba	Insurgency Pirate Destroyer	Entity
79537	Guristas Aggressor Gila	Insurgency Pirate Cruiser	Entity
79538	Guristas Aggressor Gila	Insurgency Pirate Cruiser	Entity
79539	Guristas Aggressor Gila	Insurgency Pirate Cruiser	Entity
79540	Guristas Trapper Gila	Insurgency Pirate Cruiser	Entity
79541	Guristas Aggressor Alligator	Insurgency Pirate Battlecruiser	Entity
79542	Guristas Aggressor Alligator	Insurgency Pirate Battlecruiser	Entity
79543	Guristas Aggressor Alligator	Insurgency Pirate Battlecruiser	Entity
79544	Guristas Trapper Alligator	Insurgency Pirate Battlecruiser	Entity
79545	Mordu's Vambrace Garmur	Insurgency Mordu Frigate	Entity
79546	Mordu's Vambrace Garmur	Insurgency Mordu Frigate	Entity
79547	Mordu's Vambrace Garmur	Insurgency Mordu Frigate	Entity
79548	Mordu's Shackle Garmur	Insurgency Mordu Frigate	Entity
79549	Mordu's Vambrace Fennec	Insurgency Mordu Destroyer	Entity
79550	Mordu's Vambrace Fennec	Insurgency Mordu Destroyer	Entity
79551	Mordu's Vambrace Fennec	Insurgency Mordu Destroyer	Entity
79552	Mordu's Shackle Fennec	Insurgency Mordu Destroyer	Entity
79553	Mordu's Vambrace Orthrus	Insurgency Mordu Cruiser	Entity
79554	Mordu's Vambrace Orthrus	Insurgency Mordu Cruiser	Entity
79555	Mordu's Vambrace Orthrus	Insurgency Mordu Cruiser	Entity
79556	Mordu's Shackle Orthrus	Insurgency Mordu Cruiser	Entity
79557	Mordu's Cuirass Mongoose	Insurgency Mordu Battlecruiser	Entity
79558	Mordu's Cuirass Mongoose	Insurgency Mordu Battlecruiser	Entity
79559	Mordu's Cuirass Mongoose	Insurgency Mordu Battlecruiser	Entity
79560	Mordu's Shackle Mongoose	Insurgency Mordu Battlecruiser	Entity
79589	ORE Rorqual	Insurgency Mining Ship	Entity
79590	ORE Retriever	Insurgency Mining Ship	Entity
79591	ORE Venture	Insurgency Mining Ship	Entity
79592	ORE Safeguard Talos	Insurgency Mordu Battlecruiser	Entity
79593	ORE Safeguard Atron	Insurgency Mordu Frigate	Entity
79594	Mordu's Phalanx Orthrus	Insurgency Mordu Cruiser	Entity
79595	Mordu's Phalanx Barghest	Insurgency Mordu Battleship	Entity
79596	Angel Hijacker Echo	Insurgency Pirate Frigate	Entity
79597	Guristas Hijacker Taipan	Insurgency Pirate Frigate	Entity
79598	Angel Ransomer Cynabal	Insurgency Pirate Cruiser	Entity
79599	Angel Ransomer Machariel	Insurgency Pirate Battleship	Entity
79600	Guristas Ransomer Gila	Insurgency Pirate Cruiser	Entity
79601	Guristas Ransomer Rattlesnake	Insurgency Pirate Battleship	Entity
79691	Angel Hijacker Echo	Insurgency Pirate Frigate	Entity
79692	Guristas Hijacker Taipan	Insurgency Pirate Frigate	Entity
79694	Mordu's Phalanx Orthrus	Insurgency Mordu Cruiser	Entity
79695	Mordu's Phalanx Orthrus	Insurgency Mordu Cruiser	Entity
79696	Mordu's Phalanx Orthrus	Insurgency Mordu Cruiser	Entity
79697	Mordu's Phalanx Barghest	Insurgency Mordu Battleship	Entity
79698	Mordu's Phalanx Barghest	Insurgency Mordu Battleship	Entity
79699	Mordu's Phalanx Barghest	Insurgency Mordu Battleship	Entity
79701	Angel Ransomer Cynabal	Insurgency Pirate Cruiser	Entity
79702	Angel Ransomer Cynabal	Insurgency Pirate Cruiser	Entity
79703	Angel Ransomer Machariel	Insurgency Pirate Battleship	Entity
79704	Angel Ransomer Machariel	Insurgency Pirate Battleship	Entity
79705	Angel Ransomer Machariel	Insurgency Pirate Battleship	Entity
79706	Guristas Ransomer Gila	Insurgency Pirate Cruiser	Entity
79707	Guristas Ransomer Gila	Insurgency Pirate Cruiser	Entity
79708	Guristas Ransomer Gila	Insurgency Pirate Cruiser	Entity
79709	Guristas Ransomer Rattlesnake	Insurgency Pirate Battleship	Entity
79710	Guristas Ransomer Rattlesnake	Insurgency Pirate Battleship	Entity
79711	Guristas Ransomer Rattlesnake	Insurgency Pirate Battleship	Entity
79852	Angel Icejacker Dramiel	Insurgency Pirate Frigate	Entity
79853	Angel Icejacker Cynabal	Insurgency Pirate Cruiser	Entity
79854	Angel Icejacker Machariel	Insurgency Pirate Battleship	Entity
79855	Guristas Icejacker Worm	Insurgency Pirate Frigate	Entity
79856	ORE Frostguard Barghest	Insurgency Mordu Battleship	Entity
79857	ORE Frostguard Orthrus	Insurgency Mordu Cruiser	Entity
79858	ORE Frostguard Garmur	Insurgency Mordu Frigate	Entity
79862	Guristas Icejacker Gila	Insurgency Pirate Cruiser	Entity
79863	Guristas Icejacker Rattlesnake	Insurgency Pirate Battleship	Entity
79864	Test Towed Object (Do Not Translate)	Guided Entities	Entity
79909	Automated HISC-99 Tanker	Guided Entities	Entity
79981	Angel Icejacker Mekubal	Insurgency Pirate Destroyer	Entity
79982	Guristas Icejacker Mamba	Insurgency Pirate Destroyer	Entity
79983	ORE Frostguard Fennec	Insurgency Mordu Destroyer	Entity
79984	Angel Enforcer Khizriel	Insurgency Pirate Battlecruiser	Entity
79985	Guristas Enforcer Alligator	Insurgency Pirate Battlecruiser	Entity
79986	Upwell Security Thunderchild	Insurgency Mordu Battleship	Entity
79994	CD Combat 1 Loot	Spawn Container	Entity
80029	Damavik Battle-Scarred Wreck	Spawn Container	Entity
80030	Small Cache Wreck	Spawn Container	Entity
80031	Medium Cache Wreck	Spawn Container	Entity
80033	Tower Vault Wreck	Spawn Container	Entity
80034	Vedmak Battle-Scarred Wreck	Spawn Container	Entity
80035	Drekavac Battle-Scarred Wreck	Spawn Container	Entity
80036	Leshak Battle-Scarred Wreck	Spawn Container	Entity
80038	Zirnitra Battle-Scarred Wreck	Spawn Container	Entity
80039	Ruptured Shackling Leshak	Abyssal Spaceship Entities	Entity
80041	Battered Shackling Leshak	Abyssal Spaceship Entities	Entity
80043	Impaired Shackling Leshak	Abyssal Spaceship Entities	Entity
80044	Dievas Shackling Leshak	Abyssal Spaceship Entities	Entity
80248	Igniting Swarmer	Abyssal Drone Entities	Entity
80272	Angel Icejacker Dramiel	Insurgency Pirate Frigate	Entity
80273	Angel Icejacker Dramiel	Insurgency Pirate Frigate	Entity
80275	Guristas Icejacker Worm	Insurgency Pirate Frigate	Entity
80276	Guristas Icejacker Worm	Insurgency Pirate Frigate	Entity
80277	Guristas Icejacker Worm	Insurgency Pirate Frigate	Entity
80278	ORE Frostguard Garmur	Insurgency Mordu Frigate	Entity
80279	ORE Frostguard Garmur	Insurgency Mordu Frigate	Entity
80280	ORE Frostguard Garmur	Insurgency Mordu Frigate	Entity
80281	Angel Icejacker Mekubal	Insurgency Pirate Destroyer	Entity
80282	Angel Icejacker Mekubal	Insurgency Pirate Destroyer	Entity
80283	Guristas Icejacker Mamba	Insurgency Pirate Destroyer	Entity
80284	Guristas Icejacker Mamba	Insurgency Pirate Destroyer	Entity
80285	Guristas Icejacker Mamba	Insurgency Pirate Destroyer	Entity
80286	ORE Frostguard Fennec	Insurgency Mordu Destroyer	Entity
80287	ORE Frostguard Fennec	Insurgency Mordu Destroyer	Entity
80288	ORE Frostguard Fennec	Insurgency Mordu Destroyer	Entity
80289	Angel Icejacker Cynabal	Insurgency Pirate Cruiser	Entity
80290	Angel Icejacker Cynabal	Insurgency Pirate Cruiser	Entity
80291	Guristas Icejacker Gila	Insurgency Pirate Cruiser	Entity
80292	Guristas Icejacker Gila	Insurgency Pirate Cruiser	Entity
80293	Guristas Icejacker Gila	Insurgency Pirate Cruiser	Entity
80294	ORE Frostguard Orthrus	Insurgency Mordu Cruiser	Entity
80295	ORE Frostguard Orthrus	Insurgency Mordu Cruiser	Entity
80296	ORE Frostguard Orthrus	Insurgency Mordu Cruiser	Entity
80297	Angel Enforcer Khizriel	Insurgency Pirate Battlecruiser	Entity
80298	Angel Enforcer Khizriel	Insurgency Pirate Battlecruiser	Entity
80299	Guristas Enforcer Alligator	Insurgency Pirate Battlecruiser	Entity
80300	Guristas Enforcer Alligator	Insurgency Pirate Battlecruiser	Entity
80301	Guristas Enforcer Alligator	Insurgency Pirate Battlecruiser	Entity
80302	Upwell Security Thunderchild	Insurgency Mordu Battleship	Entity
80303	Angel Icejacker Machariel	Insurgency Pirate Battleship	Entity
80304	Angel Icejacker Machariel	Insurgency Pirate Battleship	Entity
80306	Guristas Icejacker Rattlesnake	Insurgency Pirate Battleship	Entity
80307	Guristas Icejacker Rattlesnake	Insurgency Pirate Battleship	Entity
80308	Guristas Icejacker Rattlesnake	Insurgency Pirate Battleship	Entity
80310	ORE Frostguard Barghest	Insurgency Mordu Battleship	Entity
80311	ORE Frostguard Barghest	Insurgency Mordu Battleship	Entity
80312	ORE Frostguard Barghest	Insurgency Mordu Battleship	Entity
80425	EDENCOM Surveyor Debris	Spawn Container	Entity
80438	CD Minion Loot Goblin	Irregular Corvette	Entity
80448	Angel Outer Zarzakh Machariel	Pirate Entities	Entity
80449	Angel Outer Zarzakh Dramiel	Pirate Entities	Entity
80450	Angel Outer Zarzakh Cynabal	Pirate Entities	Entity
80451	Guristas Outer Zarzakh Gila	Pirate Entities	Entity
80452	Guristas Outer Zarzakh Rattlesnake	Pirate Entities	Entity
80806	Angel Zarzakh Lachesis	Pirate Entities	Entity
80807	Angel Zarzakh Machariel	Pirate Entities	Entity
80808	Guristas Zarzakh Lachesis	Pirate Entities	Entity
80809	Guristas Zarzakh Rattlesnake	Pirate Entities	Entity
80887	CD Accelerant Dungeon Effect	Irregular - Unidentified	Entity
80888	CD Decelerant Dungeon Effect	Irregular - Unidentified	Entity
80934	Damaged Werpost	Destructible Sentry Gun	Entity
80990	CD Large Dungeon Slow Cloud	Irregular - Unidentified	Entity
81008	Squall	Hauler	Ship
81040	Avalanche	Freighter	Ship
81046	Deluge	Blockade Runner	Ship
81047	Torrent	Deep Space Transport	Ship
81090	EDENCOM Scout Debris	Spawn Container	Entity
81091	EDENCOM Expedition Debris	Spawn Container	Entity
81150	Forcefield	Large Collidable Structure	Entity
81151	Pirate Angel Tower	Deadspace Overseer's Structure	Entity
81161	Awoken Preserver	Abyssal Spaceship Entities	Entity
81162	Ruptured Drifter Battleship	Abyssal Spaceship Entities	Entity
81169	Damaged Restless Tower	Destructible Sentry Gun	Entity
81170	Battered Drifter Battleship	Abyssal Spaceship Entities	Entity
81299	Impaired Drifter Battleship	Abyssal Spaceship Entities	Entity
81302	Tyrannos Typhon	Abyssal Spaceship Entities	Entity
81306	Impaired Blitzing Kikimora	Abyssal Spaceship Entities	Entity
81347	Fan Bus Sigil	Homefront Operations Hauler	Entity
81402	Destabilizing Array	Homefront Operations Structure	Entity
81597	Waking Conservator	Homefront Operations Enemy Frigate	Entity
81598	Phaseless Cutter	Homefront Operations Enemy Frigate	Entity
81600	Gist Erelim	Deadspace Angel Cartel Battleship	Entity
81601	Gistatis Quaestor	Deadspace Angel Cartel BattleCruiser	Entity
81604	Gistior Ruiner	Deadspace Angel Cartel Destroyer	Entity
81617	EDENCOM Surveyor Stash	Spawn Container	Entity
81624	EDENCOM Scout Stash	Spawn Container	Entity
81626	CD Can 3 ( copy )	Spawn Container	Entity
81627	EDENCOM Expedition Stash	Spawn Container	Entity
81628	Holder Shuttle	Homefront Operations Shuttle	Entity
81630	Fan Bus Bestower	Homefront Operations Hauler	Entity
81631	Repatriation Tayra	Homefront Operations Hauler	Entity
81635	Refugee Shuttle	Homefront Operations Shuttle	Entity
81636	Mail Shuttle	Homefront Operations Shuttle	Entity
81637	Curio Shuttle	Homefront Operations Shuttle	Entity
81638	Repatriation Badger	Homefront Operations Hauler	Entity
81639	Repatriation Tayra	Homefront Operations Hauler	Entity
81640	Postal Nereus	Homefront Operations Hauler	Entity
81641	Repatriation Badger	Homefront Operations Hauler	Entity
81642	Postal Iteron Mark V	Homefront Operations Hauler	Entity
81644	Trader Wreathe	Homefront Operations Hauler	Entity
81646	Trader Mammoth	Homefront Operations Hauler	Entity
81647	Benefaction Potremba	Homefront Operations Hauler	Entity
81648	Repatriation Badger	Homefront Operations Hauler	Entity
81649	Repatriation Tayra	Homefront Operations Hauler	Entity
81826	Metenox Moon Drill	Upwell Moon Drill	Structure
81951	Consortium Mobile Tractor Unit	Mobile Tractor Unit	Deployable
81969	Entropic Disintegrator Werpost test	Destructible Sentry Gun	Entity
83480	Pirate Guristas Tower	Deadspace Overseer's Structure	Entity
83481	Pirate Sansha Tower	Deadspace Overseer's Structure	Entity
83482	Pirate Serpentis Tower	Deadspace Overseer's Structure	Entity
83483	Pirate Rogue Drone Tower	Deadspace Overseer's Structure	Entity
83484	Pirate Blood Tower	Deadspace Overseer's Structure	Entity
83579	Imperial Navy Templar	Light Fighter	Fighter
83582	Caldari Navy Dragonfly	Light Fighter	Fighter
83583	Federation Navy Firbolg	Light Fighter	Fighter
83584	Republic Fleet Einherji	Light Fighter	Fighter
83585	Imperial Navy Equite	Light Fighter	Fighter
83586	Caldari Navy Locust	Light Fighter	Fighter
83587	Federation Navy Satyr	Light Fighter	Fighter
83589	Republic Fleet Gram	Light Fighter	Fighter
83590	Malfunctioning Werpost	Homefront Operations Structure	Entity
83591	Imperial Navy Cenobite	Support Fighter	Fighter
83592	Caldari Navy Scarab	Support Fighter	Fighter
83593	Federation Navy Siren	Support Fighter	Fighter
83594	Republic Fleet Dromi	Support Fighter	Fighter
83635	Tournament Firework Launcher	Homefront Operations Structure	Entity
83636	Corelior Gunner	Deadspace Serpentis Destroyer	Entity
83637	Corelatis Group Captain	Deadspace Serpentis BattleCruiser	Entity
83638	Core Fleet Admiral	Deadspace Serpentis Battleship	Entity
83648	Federal Boxcutter	Homefront Operations Noncombatant	Entity
83649	Federal Sorter	Homefront Operations Noncombatant	Entity
83650	Federal Depositor	Homefront Operations Noncombatant	Entity
83652	Thukker Hoarder	Homefront Operations Noncombatant	Entity
83653	Thukker Reaper	Homefront Operations Noncombatant	Entity
83666	Corpior Abbot	Deadspace Blood Raiders Destroyer	Entity
83667	Corpatis Oracle	Deadspace Blood Raiders BattleCruiser	Entity
83668	Corpus Exarch	Deadspace Blood Raiders Battleship	Entity
83669	Pithior Agitator	Deadspace Guristas Destroyer	Entity
83670	Pithatis Headsman	Deadspace Guristas BattleCruiser	Entity
83671	Pith Extirpator	Deadspace Guristas Battleship	Entity
83672	Centior Aberration	Deadspace Sansha's Nation Destroyer	Entity
83673	Centatis Banshee	Deadspace Sansha's Nation BattleCruiser	Entity
83674	Centus Doom Lord	Deadspace Sansha's Nation Battleship	Entity
83675	Contaminator Alvior	Deadspace Rogue Drone Destroyer	Entity
83676	Terminator Alvatis	Deadspace Rogue Drone BattleCruiser	Entity
83677	Alvus Sovereign	Deadspace Rogue Drone Battleship	Entity
84294	Vigilance Spire	Large Collidable Structure	Entity
84358	Phryctorian Generator	Mission Container	Entity
84468	Corrupted Candiru	Irregular Frigate	Entity
84469	Alienator Synanceia	Irregular Frigate	Entity
84470	Alienator Pterois	Irregular Frigate	Entity
84471	Machinist Cubozoa	Irregular Frigate	Entity
84472	Alienator Barracuda	Irregular Frigate	Entity
84473	Corrupted Muraenidae	Irregular Destroyer	Entity
84547	Allecto Tyrannos	Irregular Cruiser	Entity
84548	Megaera Tyrannos	Irregular Cruiser	Entity
84549	Tisiphone Tyrannos	Irregular Cruiser	Entity
84550	Drifter Siege Cruiser	Irregular Cruiser	Entity
84551	Tyrannos Strategos	Irregular Battleship	Entity
84619	Enervating Doru	Irregular Frigate	Entity
84620	Enervating Sarrisae	Irregular Frigate	Entity
84631	Soothing Aspis	Irregular Frigate	Entity
84632	Stirring Doru	Irregular Frigate	Entity
84633	Enervating Xiphos	Irregular Destroyer	Entity
84634	Stirring Xiphos	Irregular Destroyer	Entity
84635	Risen Akontia	Irregular Cruiser	Entity
84636	Soothing Linothorax	Irregular Cruiser	Entity
84637	Enervating Akontia	Irregular Cruiser	Entity
84638	Watchful Labrys	Irregular Battleship	Entity
84639	Enervating Kopis	Irregular Battleship	Entity
84926	Ramaku Basta	Asteroid Angel Cartel Officer Frigate	Entity
84945	Makra Ozman	Asteroid Blood Raiders Officer Frigate	Entity
84946	Panola Paatama	Asteroid Guristas Officer Frigate	Entity
84947	Usaras Koirola	Asteroid Sansha's Nation Officer Frigate	Entity
84948	Asine Hitama	Asteroid Serpentis Officer Frigate	Entity
84950	Sila Aajai	Asteroid Angel Cartel Officer Cruiser	Entity
84951	Gara Minsk	Asteroid Serpentis Officer Cruiser	Entity
84952	Ryhad Sethrim	Asteroid Blood Raiders Officer Cruiser	Entity
84953	Hanaruwa Oittenen	Asteroid Guristas Officer Cruiser	Entity
84954	Nija Zufa	Asteroid Sansha's Nation Officer Cruiser	Entity
85038	Rogue Drone Rubble	Spawn Container	Entity
85039	Rogue Drone Ship Remains	Spawn Container	Entity
85040	Rogue Drone Ruins	Spawn Container	Entity
85062	Sidewinder	Covert Ops	Ship
85086	Cenotaph	Combat Battlecruiser	Ship
85087	Tholos	Destroyer	Ship
85229	Cobra	Force Recon Ship	Ship
85230	Mercenary Den	Mercenary Den	Deployable
85231	Drifter Collection	Spawn Container	Entity
85236	Python	Black Ops	Ship
85362	Watchful Authority	Spawn Container	Entity
85410	Patient Eradicator	Large Collidable Structure	Entity
85436	Steadfast Witness	Large Collidable Structure	Entity
85503	Patient Jailer	Large Collidable Structure	Entity
85505	Steadfast Martyr	Large Collidable Structure	Entity
85980	'Seneschal' Mercenary Den	Mercenary Den	Deployable
86100	Threshold Werpost	Large Collidable Structure	Entity
86410	Planetary Trustbreaker Array	Large Collidable Structure	Entity
86417	Stirring Pilum	Irregular Frigate	Entity
86418	Obliviating Pilum	Irregular Frigate	Entity
86419	Enervating Pilum	Irregular Frigate	Entity
86421	Stirring Falx	Irregular Destroyer	Entity
86422	Obliviating Falx	Irregular Destroyer	Entity
86423	Soothing Peltast	Irregular Frigate	Entity
86424	Enervating Xyston	Irregular Frigate	Entity
86425	Enervating Falx	Irregular Destroyer	Entity
86426	Risen Toxotai	Irregular Cruiser	Entity
86427	Soothing Chiton	Irregular Cruiser	Entity
86428	Enervating Toxotai	Irregular Cruiser	Entity
86429	Watchful Sagaris	Irregular Battleship	Entity
86430	Enervating Spatha	Irregular Battleship	Entity
86448	Obstructing Scavenger	Irregular Frigate	Entity
86450	Collapsing Forager	Irregular Frigate	Entity
86451	Siphoning Guardian	Irregular Destroyer	Entity
86453	Scrutinizer Sentinel	Irregular Destroyer	Entity
86454	Secure Emergence	Irregular Cruiser	Entity
86455	Secure Emergence	Irregular Cruiser	Entity
86456	Secure Emergence	Irregular Cruiser	Entity
86457	Secure Emergence	Irregular Cruiser	Entity
86458	Inescapable Succubus	Irregular Frigate	Entity
86459	Chained Servant	Irregular Frigate	Entity
86460	Inevitable Phantasm	Irregular Cruiser	Entity
86461	Exacting Phantasm	Irregular Cruiser	Entity
86462	Citizen Commander	Irregular Battlecruiser	Entity
86477	Paralyzing Pilum	Irregular Frigate	Entity
86478	Phosphene Pilum	Irregular Frigate	Entity
86479	Parasomnia Pilum	Irregular Frigate	Entity
86480	Stirring Pilum	Irregular Frigate	Entity
86481	Enervating Pilum	Irregular Frigate	Entity
86482	Parasomnia Toxotai	Irregular Cruiser	Entity
86483	Hypnic Toxotai	Irregular Cruiser	Entity
86490	Drifter Assault Cruiser	Irregular Cruiser	Entity
86498	Drifter Recon Battleship	Drifter Response Battleship	Entity
86512	Siphoning Guardian	Irregular Destroyer	Entity
86513	Scrutinizer Sentinel	Irregular Destroyer	Entity
86514	Pinning Incursus	Irregular Frigate	Entity
86515	Bruiser Kestrel	Irregular Frigate	Entity
86516	Mugging Tormentor	Irregular Frigate	Entity
86518	Snitch Vigil	Irregular Frigate	Entity
86604	Bruiser Corax	Irregular Destroyer	Entity
86605	Cornering Thorax	Irregular Cruiser	Entity
86606	Bruiser Drake	Irregular Battlecruiser	Entity
86607	Gaffer Raven	Irregular Battleship	Entity
86703	Drifter Strike Cruiser	Irregular Cruiser	Entity
87135	Tyrannos Tekton	Irregular Battleship	Entity
87219	Wormhole Research Outpost	Large Collidable Structure	Entity
87227	Vigilant Dreamer	Large Collidable Structure	Entity
87228	Ultra-Shield Array	Spawn Container	Entity
87229	Focused Enervating Pilum	Irregular Frigate	Entity
87230	Focused Enervating Falx	Irregular Destroyer	Entity
87231	Focused Enervating Toxotai	Irregular Cruiser	Entity
87232	Response Valravn	Irregular Dreadnought	Entity
87233	Destructive Scrutinizer	Irregular Structure	Entity
87243	Response Bane	Irregular Dreadnought	Entity
87244	Response Hubris	Irregular Dreadnought	Entity
87245	Response Karura	Irregular Dreadnought	Entity
87284	Secluded Monastery	Large Collidable Structure	Entity
87285	Megacorp Exchange	Large Collidable Structure	Entity
87286	District Office	Large Collidable Structure	Entity
87287	Clan Commons	Large Collidable Structure	Entity
87353	Patient Beacon	Spawn Container	Entity
87381	Sarathiel	Dreadnought	Ship
87397	Utopian Sagaris	Irregular Battleship	Entity
87418	Infested Array	Spawn Container	Entity
87419	Topographer Array	Spawn Container	Entity
87420	Watcher Array	Spawn Container	Entity
87421	Surveilance Array	Spawn Container	Entity
87501	Ruined Sleeper Depot	Spawn Container	Entity
87502	Preserved Sleeper Depot	Spawn Container	Entity
87503	Drifter Collection	Spawn Container	Entity
87531	Obstruction Node	Large Collidable Structure	Entity
87532	Thread Capacitor	Spawn Container	Entity
87555	Obstruction Node	Large Collidable Structure	Entity
87556	Obstruction Node	Large Collidable Structure	Entity
87557	Thread Capacitor	Spawn Container	Entity
87558	Thread Capacitor	Spawn Container	Entity
87569	FinalBattleLowTierSentryTower(DO NOT TRANSLATE)	Destructible Sentry Gun	Entity
87612	Ladon Tyrannos	Irregular Battleship	Entity
87613	Mynos Tyrannos	Irregular Battleship	Entity
87614	Glorification Exchange	Irregular Industrial	Entity
87617	Warden Relay-Chainer	Large Collidable Structure	Entity
87683	Reckoning Hoard	Large Collidable Structure	Entity
87684	Solution Capacitor	Spawn Container	Entity
87834	Utopian Sagaris	Irregular Battleship	Entity
87938	Insensate Pilum	Irregular Frigate	Entity
87939	Insensate Falx	Irregular Destroyer	Entity
87947	Prime Drifter Collection	Spawn Container	Entity
88001	Babaroga	Marauder	Ship
88009	Unfit Remnant	Spawn Container	Entity
88010	Proven Remnant	Spawn Container	Entity
88060	Expedition Secure Supplies	Spawn Container	Entity
88062	Expedition Research Cache	Spawn Container	Entity
88153	Drifter Hopilite	Irregular Frigate	Entity
88154	Strategos Dreadnought	Irregular Dreadnought	Entity
88155	Vigilant Eradicator	Large Collidable Structure	Entity
88170	Vortex Transmitter	Mission Container	Entity
88224	Eradication Authority	Spawn Container	Entity
88258	Kobalos Frigate	Irregular Frigate	Entity
88259	Hikanta Cruiser	Irregular Cruiser	Entity
88307	Polemos Battleship	Irregular Battleship	Entity
88559	Ladon Tyrannos	Irregular Battleship	Entity
88560	Mynos Tyrannos	Irregular Battleship	Entity
88562	Glorification Exchange	Irregular Industrial	Entity
88567	Reckoning Hoard	Large Collidable Structure	Entity
88613	Strategos Dreadnought	Irregular Dreadnought	Entity
88740	Rogue Drone Logic Hub	Scatter Container	Entity
88741	Angel Archive Vault	Scatter Container	Entity
88742	Blood Archive Vault	Scatter Container	Entity
88743	Guristas Archive Vault	Scatter Container	Entity
88744	Serpentis Archive Vault	Scatter Container	Entity
88745	Sansha Archive Vault	Scatter Container	Entity
88746	Rogue Drone Telemetry Array	Scatter Container	Entity
88747	Rogue Drone Neuro Cache	Scatter Container	Entity
88748	Rogue Drone Remnants	Spawn Container	Entity
88749	Angel Remnants	Scatter Container	Entity
88750	Blood Remnants	Scatter Container	Entity
88751	Guristas Remnants	Scatter Container	Entity
88752	Serpentis Remnants	Scatter Container	Entity
88753	Sansha Remnants	Scatter Container	Entity
89132	Relentless Venture	Irregular Mining Frigate	Entity
89133	Stalking Garmur	Irregular Frigate	Entity
89135	Enraged Garmur	Irregular Frigate	Entity
89140	Nullprime Squall	Irregular Industrial	Entity
89220	Formidable Orthrus	Irregular Cruiser	Entity
89221	Ravenous Garmur	Irregular Frigate	Entity
89240	Pioneer	Destroyer	Ship
89360	Cognitive Calibration Spire	Large Collidable Structure	Entity
89452	Automated Extraction Shuttle	Irregular Shuttle	Entity
89489	Tetrimon Captain	Irregular Battleship	Entity
89490	Harvest Controller	Irregular Battleship	Entity
89515	Decloaked Tetrimon Transmission Relay	Deadspace Overseer's Structure	Entity
89516	Decloaked Dark Blood Transmission Relay	Deadspace Overseer's Structure	Entity
89519	Unstable Generator	Large Collidable Structure	Entity
89527	Relentless Venture	Irregular Mining Frigate	Entity
89528	Ravenous Garmur	Irregular Frigate	Entity
89529	Stalking Garmur	Irregular Frigate	Entity
89530	Enraged Garmur	Irregular Frigate	Entity
89531	Formidable Orthrus	Irregular Cruiser	Entity
89532	Nullprime Squall	Irregular Industrial	Entity
89533	Automated Extraction Shuttle	Irregular Shuttle	Entity
89539	Nullprime Squall	Irregular Industrial	Entity
89540	Automated Extraction Shuttle	Irregular Shuttle	Entity
89546	Enraged Garmur	Irregular Frigate	Entity
89547	Relentless Venture	Irregular Mining Frigate	Entity
89548	Stalking Garmur	Irregular Frigate	Entity
89607	Odysseus	Expedition Command Ship	Ship
89647	Pioneer Consortium Issue	Destroyer	Ship
89648	Venture Consortium Issue	Frigate	Ship
89649	Outrider	Command Destroyer	Ship
89782	Unlisted Squall	Vanguard Entities	Entity
89807	Anhinga	Attack Battlecruiser	Ship
89808	Skua	Tactical Destroyer	Ship
89863	Bhaalgorn Wreck	Large Collidable Structure	Entity
89864	Tetrimon Armageddon Wreck	Large Collidable Structure	Entity
89966	Unbound Barghest	Irregular Battleship	Entity
89991	Wrecked Avalanche	Large Collidable Structure	Entity
90004	Imperial Venture	♦ Frigate	Entity
90005	♦ Porpoise	♦ Industrial Command Ship	Entity
90006	♦ Retriever	♦ Mining Barge	Entity
90007	♦ Venture	♦ Frigate	Entity
90023	Wrecked Avalanche	Large Collidable Structure	Entity
90024	Unbound Barghest	Irregular Battleship	Entity
90028	Damaged Extraction Shuttle	Irregular Shuttle	Entity
90037	Mobile Phase Anchor	Mobile Phase Anchor	Deployable
90043	Extraction Shuttle Wreck	Spawn Container	Entity
90044	Extraction Shuttle Wreck	Spawn Container	Entity
90139	Elias' Orca	Deadspace Overseer's Structure	Entity
90161	QA Mobile Phase Anchor	Mobile Phase Anchor	Deployable
90304	♦ Prospect	♦ Frigate	Entity
90327	ORE Communication Array	Spawn Container	Entity
90333	ORE Communication Array	Spawn Container	Entity
90423	SOE Odysseus	Irregular Expedition Command Ship	Entity
90424	Upwell Research Structure	Large Collidable Structure	Entity
90427	Director Becker's Outrider	Irregular Destroyer	Entity
90428	Upwell Proximity Mine	Large Collidable Structure	Entity
90453	ORE Retriever	Irregular Mining Barge	Entity
90454	ORE Pioneer	Irregular Destroyer	Entity
90455	ORE Venture	Irregular Frigate	Entity
90456	Director Becker's Rorqual	Irregular Capital Industrial Ship	Entity
90560	Emergency Purge Initiator	Spawn Container	Entity
90561	Interstellar Gravimetric Transmitter	Spawn Container	Entity
90614	Mutated Mining Drone	Mining Drone	Drone
90618	Mutated Ice Harvesting Drone	Mining Drone	Drone
90621	Mutated 'Excavator' Mining Drone	Mining Drone	Drone
90622	Mutated 'Excavator' Ice Harvesting Drone	Mining Drone	Drone
90811	Water-Sucker	InterBus Yoiul LADs	Entity
90815	Recycler-Raider	InterBus Yoiul LADs	Entity
90816	Express Tool-Swiper	InterBus Yoiul LADs	Entity
90817	Freezer-Thief	InterBus Yoiul LADs	Entity
90818	Fuel-Stealer	InterBus Yoiul LADs	Entity
90819	Ectoplasm-Skimmer	InterBus Yoiul LADs	Entity
90820	Airlock-Slammer	InterBus Yoiul LADs	Entity
90821	Express Power-Drainer	InterBus Yoiul LADs	Entity
90822	Ration-Grabber	InterBus Yoiul LADs	Entity
90823	Scanner-Jacker	InterBus Yoiul LADs	Entity
90824	Data-Sniffer	InterBus Yoiul LADs	Entity
90825	Livestock-Liberator	InterBus Yoiul LADs	Entity
90826	Express Radiation-Rogue	InterBus Yoiul LADs	Entity
90839	Imperial Punisher	FW Amarr Empire Frigate	Entity
90841	Renouncer Punisher	FW Amarr Empire Frigate	Entity
90842	State Merlin	FW Caldari State Frigate	Entity
90843	Federation Incursus	FW Gallente Federation Frigate	Entity
90844	Republic Rifter	FW Minmatar Republic Frigate	Entity
90845	Detainer Merlin	FW Caldari State Frigate	Entity
90846	Inspector Incursus	FW Gallente Federation Frigate	Entity
90847	Keeper Rifter	FW Minmatar Republic Frigate	Entity
90848	Imperial Coercer	FW Amarr Empire Destroyer	Entity
90849	Renouncer Coercer	FW Amarr Empire Destroyer	Entity
90850	Inspector Catalyst	FW Gallente Federation Destroyer	Entity
90851	Detainer Cormorant	FW Caldari State Destroyer	Entity
90852	Keeper Thrasher	FW Minmatar Republic Destroyer	Entity
90853	State Cormorant	FW Caldari State Destroyer	Entity
90854	Federation Catalyst	FW Gallente Federation Destroyer	Entity
90855	Republic Thrasher	FW Minmatar Republic Destroyer	Entity
90856	Imperial Maller	FW Amarr Empire Cruiser	Entity
90857	Imperial Harbinger	FW Amarr Empire Battlecruiser	Entity
90858	Renouncer Maller	FW Amarr Empire Cruiser	Entity
90859	Renouncer Harbinger	FW Amarr Empire Battlecruiser	Entity
90860	Detainer Moa	FW Caldari State Cruiser	Entity
90861	State Moa	FW Caldari State Cruiser	Entity
90862	Inspector Thorax	FW Gallente Federation Cruiser	Entity
90863	Federation Thorax	FW Gallente Federation Cruiser	Entity
90864	Keeper Rupture	FW Minmatar Republic Cruiser	Entity
90865	Republic Rupture	FW Minmatar Republic Cruiser	Entity
90866	Detainer Ferox	FW Caldari State Battlecruiser	Entity
90867	State Ferox	FW Caldari State Battlecruiser	Entity
90868	Inspector Brutix	FW Gallente Federation Battlecruiser	Entity
90869	Federation Brutix	FW Gallente Federation Battlecruiser	Entity
90870	Keeper Hurricane	FW Minmatar Republic Battlecruiser	Entity
90871	Republic Hurricane	FW Minmatar Republic Battlecruiser	Entity
90878	Sansha's Darkwight Stormlord	Irregular Battleship	Entity
90879	Sansha's Doomwight Stormlord	Irregular Battleship	Entity
90880	Sansha's Deathwight Stormlord	Irregular Battleship	Entity
90886	Sansha's Transit Modulator	Mission Container	Entity
91043	Sansha's Stormfield Projector	Mission Container	Entity
91044	Hackable Signaling Relay	Scatter Container	Entity
91045	Hackable Cryptoanalytic Relay	Scatter Container	Entity
91046	Hackable Tactical Relay	Scatter Container	Entity
91174	Perseverance	Destroyer	Ship
91774	Rampant Fabricator	Irregular Structure	Entity
91775	Dragoon Navy Issue	Destroyer	Ship
91849	Algos Navy Issue	Destroyer	Ship
91857	Corax Navy Issue	Destroyer	Ship
91858	Talwar Fleet Issue	Destroyer	Ship
91873	Corrupted Handler	Fabricator Rogue Drone Frigate	Entity
91874	Blackout Handler	Fabricator Rogue Drone Frigate	Entity
91875	Blackout Driller	Fabricator Rogue Drone Frigate	Entity
91876	Bewildering Sweeper	Fabricator Rogue Drone Destroyer	Entity
91877	Corrupted Sweeper	Fabricator Rogue Drone Destroyer	Entity
91878	Corrupted Divider	Fabricator Rogue Drone Cruiser	Entity
91879	Alienator Divider	Fabricator Rogue Drone Cruiser	Entity
91880	Alienator Crusher	Fabricator Rogue Drone Cruiser	Entity
91881	Corrupted Sorter	Fabricator Rogue Drone Battlecruiser	Entity
91882	Corrupted Manager	Fabricator Rogue Drone Battleship	Entity
91883	Cascade Manager	Fabricator Rogue Drone Battleship	Entity
91897	Bewildering Lathe	Fabricator Rogue Drone Destroyer	Entity
91898	Scrutinizer Manipulator	Fabricator Rogue Drone Battlecruiser	Entity
91899	Cascade Principal	Fabricator Rogue Drone Battleship	Entity
91902	Scrutinizer Sorter	Fabricator Rogue Drone Battlecruiser	Entity
92033	Orbweaver SW-300-I	Hybrid Drone	Drone
92034	Huntsman SW-600-I	Hybrid Drone	Drone
92035	Arabellata SW-900-I	Hybrid Drone	Drone
92036	Tick EV-300-I	Hybrid Drone	Drone
92037	Mosquito EV-600-I	Hybrid Drone	Drone
92038	Tabanida EV-900-I	Hybrid Drone	Drone
92039	Inshore EC-300-I	Hybrid Drone	Drone
92040	Nertic EC-600-I	Hybrid Drone	Drone
92041	Humboldt EC-900-I	Hybrid Drone	Drone
92116	Imperial Impairor	FW Amarr Empire Frigate	Entity
92117	Imperial Executioner	FW Amarr Empire Frigate	Entity
92118	Imperial Augoror	FW Amarr Empire Cruiser	Entity
92119	Imperial Field Commander	FW Amarr Empire Battlecruiser	Entity
92120	Imperial Sector Commander	FW Amarr Empire Battlecruiser	Entity
92121	Imperial Armageddon	FW Amarr Empire Battleship	Entity
92122	Imperial Apocalypse	FW Amarr Empire Battleship	Entity
92123	Imperial Abaddon	FW Amarr Empire Battleship	Entity
92124	Imperial Field Commander	FW Amarr Empire Battleship	Entity
92125	Imperial Sector Commander	FW Amarr Empire Battleship	Entity
92126	Imperial Magnate	FW Amarr Empire Frigate	Entity
92127	Imperial Crucifier	FW Amarr Empire Frigate	Entity
92128	Imperial Punisher	FW Amarr Empire Frigate	Entity
92129	Imperial Tormentor	FW Amarr Empire Frigate	Entity
92130	Imperial Sector Commander	FW Amarr Empire Frigate	Entity
92131	Imperial Field Commander	FW Amarr Empire Frigate	Entity
92132	Imperial Slicer	FW Amarr Empire Frigate	Entity
92133	Imperial Coercer	FW Amarr Empire Destroyer	Entity
92134	Imperial Dragoon	FW Amarr Empire Destroyer	Entity
92135	Imperial Bestower	FW Amarr Empire Hauler	Entity
92136	Imperial Arbitrator	FW Amarr Empire Cruiser	Entity
92137	Imperial Omen	FW Amarr Empire Cruiser	Entity
92138	Imperial Maller	FW Amarr Empire Cruiser	Entity
92139	Imperial Field Commander	FW Amarr Empire Cruiser	Entity
92140	Imperial Sector Commander	FW Amarr Empire Cruiser	Entity
92141	Imperial Prophecy	FW Amarr Empire Battlecruiser	Entity
92142	Imperial Harbinger	FW Amarr Empire Battlecruiser	Entity
92144	Iteration Databank	Spawn Container	Entity
92145	Iteration Vault	Spawn Container	Entity
92150	Imperial Sigil	FW Amarr Empire Hauler	Entity
92183	CONCORD-Carrier Rogue Analysis Beacon	Mobile Analysis Beacon	Deployable
92184	State Ibis	FW Caldari State Frigate	Entity
92185	State Condor	FW Caldari State Frigate	Entity
92186	State Heron	FW Caldari State Frigate	Entity
92187	State Griffin	FW Caldari State Frigate	Entity
92188	State Merlin	FW Caldari State Frigate	Entity
92189	State Kestrel	FW Caldari State Frigate	Entity
92190	State Sector Commander	FW Caldari State Frigate	Entity
92191	State Field Commander	FW Caldari State Frigate	Entity
92192	State Hookbill	FW Caldari State Frigate	Entity
92193	State Cormorant	FW Caldari State Destroyer	Entity
92194	State Corax	FW Caldari State Destroyer	Entity
92195	State Tayra	FW Caldari State Hauler	Entity
92196	State Badger	FW Caldari State Hauler	Entity
92197	State Osprey	FW Caldari State Cruiser	Entity
92198	State Blackbird	FW Caldari State Cruiser	Entity
92199	State Caracal	FW Caldari State Cruiser	Entity
92200	State Moa	FW Caldari State Cruiser	Entity
92201	State Field Commander	FW Caldari State Cruiser	Entity
92202	State Sector Commander	FW Caldari State Cruiser	Entity
92203	State Drake	FW Caldari State Battlecruiser	Entity
92204	State Ferox	FW Caldari State Battlecruiser	Entity
92205	State Field Commander	FW Caldari State Battlecruiser	Entity
92206	State Sector Commander	FW Caldari State Battlecruiser	Entity
92207	State Scorpion	FW Caldari State Battleship	Entity
92208	State Raven	FW Caldari State Battleship	Entity
92209	State Rokh	FW Caldari State Battleship	Entity
92210	State Field Commander	FW Caldari State Battleship	Entity
92211	State Sector Commander	FW Caldari State Battleship	Entity
92212	Federation Velator	FW Gallente Federation Frigate	Entity
92213	Federation Atron	FW Gallente Federation Frigate	Entity
92214	Federation Imicus	FW Gallente Federation Frigate	Entity
92215	Federation Maulus	FW Gallente Federation Frigate	Entity
92216	Federation Incursus	FW Gallente Federation Frigate	Entity
92217	Federation Tristan	FW Gallente Federation Frigate	Entity
92218	Federation Sector Commander	FW Gallente Federation Frigate	Entity
92219	Federation Field Commander	FW Gallente Federation Frigate	Entity
92220	Federation Comet	FW Gallente Federation Frigate	Entity
92221	Federation Catalyst	FW Gallente Federation Destroyer	Entity
92222	Federation Algos	FW Gallente Federation Destroyer	Entity
92223	Federation Iteron Mark V	FW Gallente Federation Hauler	Entity
92224	Federation Nereus	FW Gallente Federation Hauler	Entity
92225	Federation Exequror	FW Gallente Federation Cruiser	Entity
92226	Federation Celestis	FW Gallente Federation Cruiser	Entity
92227	Federation Thorax	FW Gallente Federation Cruiser	Entity
92228	Federation Vexor	FW Gallente Federation Cruiser	Entity
92229	Federation Field Commander	FW Gallente Federation Cruiser	Entity
92230	Federation Sector Commander	FW Gallente Federation Cruiser	Entity
92231	Federation Myrmidon	FW Gallente Federation Battlecruiser	Entity
92232	Federation Brutix	FW Gallente Federation Battlecruiser	Entity
92233	Federation Field Commander	FW Gallente Federation Battlecruiser	Entity
92234	Federation Sector Commander	FW Gallente Federation Battlecruiser	Entity
92235	Federation Dominix	FW Gallente Federation Battleship	Entity
92236	Federation Megathron	FW Gallente Federation Battleship	Entity
92237	Federation Hyperion	FW Gallente Federation Battleship	Entity
92238	Federation Field Commander	FW Gallente Federation Battleship	Entity
92239	Federation Sector Commander	FW Gallente Federation Battleship	Entity
92240	Republic Reaper	FW Minmatar Republic Frigate	Entity
92241	Republic Slasher	FW Minmatar Republic Frigate	Entity
92242	Republic Probe	FW Minmatar Republic Frigate	Entity
92243	Republic Vigil	FW Minmatar Republic Frigate	Entity
92244	Republic Breacher	FW Minmatar Republic Frigate	Entity
92245	Republic Rifter	FW Minmatar Republic Frigate	Entity
92246	Republic Sector Commander	FW Minmatar Republic Frigate	Entity
92247	Republic Field Commander	FW Minmatar Republic Frigate	Entity
92248	Republic Firetail	FW Minmatar Republic Frigate	Entity
92249	Republic Thrasher	FW Minmatar Republic Destroyer	Entity
92250	Republic Talwar	FW Minmatar Republic Destroyer	Entity
92251	Republic Mammoth	FW Minmatar Republic Hauler	Entity
92252	Republic Wreathe	FW Minmatar Republic Hauler	Entity
92253	Republic Scythe	FW Minmatar Republic Cruiser	Entity
92254	Republic Bellicose	FW Minmatar Republic Cruiser	Entity
92255	Republic Stabber	FW Minmatar Republic Cruiser	Entity
92256	Republic Rupture	FW Minmatar Republic Cruiser	Entity
92257	Republic Field Commander	FW Minmatar Republic Cruiser	Entity
92258	Republic Sector Commander	FW Minmatar Republic Cruiser	Entity
92259	Republic Cyclone	FW Minmatar Republic Battlecruiser	Entity
92260	Republic Hurricane	FW Minmatar Republic Battlecruiser	Entity
92261	Republic Field Commander	FW Minmatar Republic Battlecruiser	Entity
92262	Republic Sector Commander	FW Minmatar Republic Battlecruiser	Entity
92263	Republic Typhoon	FW Minmatar Republic Battleship	Entity
92264	Republic Tempest	FW Minmatar Republic Battleship	Entity
92265	Republic Maelstrom	FW Minmatar Republic Battleship	Entity
92266	Republic Field Commander	FW Minmatar Republic Battleship	Entity
92267	Republic Sector Commander	FW Minmatar Republic Battleship	Entity
92282	Tenzin YC128 Campaign Bus	Special Edition Yachts	Ship
92283	Moreau YC128 Campaign Bus	Special Edition Yachts	Ship
92284	Roden YC128 Campaign Bus	Special Edition Yachts	Ship
92396	Angel Info Siphon	Scatter Container	Entity
92408	Angel Remains	Scatter Container	Entity
92409	Blood Info Siphon	Scatter Container	Entity
92410	Guristas Info Siphon	Scatter Container	Entity
92411	Sansha Info Siphon	Scatter Container	Entity
92412	Serpentis Info Siphon	Scatter Container	Entity
92413	Blood Remains	Scatter Container	Entity
92416	Guristas Remains	Scatter Container	Entity
92417	Sansha Remains	Scatter Container	Entity
92418	Serpentis Remains	Scatter Container	Entity
92461	Skimmer TP-300-I	Hybrid Drone	Drone
92462	Darter TP-600-I	Hybrid Drone	Drone
92463	Meganeura TP-900-I	Hybrid Drone	Drone
92464	Stigmella SD-300-I	Hybrid Drone	Drone
92465	Luna SD-600-I	Hybrid Drone	Drone
92466	Atlas SD-900-I	Hybrid Drone	Drone
92467	Stellate TD-300-I	Hybrid Drone	Drone
92468	Immaculate TD-600-I	Hybrid Drone	Drone
92469	Torafugu TD-900-I	Hybrid Drone	Drone
92472	Federation Taranis	FW Gallente Federation Frigate	Entity
92473	Imperial Crusader	FW Amarr Empire Frigate	Entity
92474	State Crow	FW Caldari State Frigate	Entity
92475	Republic Claw	FW Minmatar Republic Frigate	Entity
92506	CreoDron Hammerhead	Moreau’s Capsuleer Outreach Center Entities	Entity
92507	CreoDron Hobgoblin	Moreau’s Capsuleer Outreach Center Entities	Entity
92508	CreoDron Ogre	Moreau’s Capsuleer Outreach Center Entities	Entity
92530	Veteran Volunteer Vexor	Tenzin’s Capsuleer Outreach Center Entities	Entity
92531	Veteran Volunteer Brutix	Tenzin’s Capsuleer Outreach Center Entities	Entity
92532	Veteran Volunteer Catalyst	Tenzin’s Capsuleer Outreach Center Entities	Entity
92533	Quafe-Roden Megathron	Roden’s Capsuleer Outreach Center Entities	Entity
92534	Quafe-Roden Kronos	Roden’s Capsuleer Outreach Center Entities	Entity
92535	Quafe-Roden Dominix	Roden’s Capsuleer Outreach Center Entities	Entity
92551	Imperial Omen	FW Amarr Empire Cruiser	Entity
92552	Renouncer Omen	FW Amarr Empire Cruiser	Entity
92553	Detainer Caracal	FW Caldari State Cruiser	Entity
92556	State Caracal	FW Caldari State Cruiser	Entity
92557	Federation Vexor	FW Gallente Federation Cruiser	Entity
92558	Inspector Vexor	FW Gallente Federation Cruiser	Entity
92559	Republic Stabber	FW Minmatar Republic Cruiser	Entity
92560	Keeper Stabber	FW Minmatar Republic Cruiser	Entity
92633	Nanoswarm Suspension	Irregular Structure	Entity
92822	Salvation	Command Carrier	Ship
92823	Simurgh	Command Carrier	Ship
92824	Gaia	Command Carrier	Ship
92825	Ymir	Command Carrier	Ship
92890	Amarr Relay Control Zone	Control Point	Entity
92891	Caldari Relay Control Zone	Control Point	Entity
92892	Gallente Relay Control Zone	Control Point	Entity
92893	Minmatar Relay Control Zone	Control Point	Entity
93090	Imperial Confessor	FW Amarr Empire Destroyer	Entity
93091	Renouncer Confessor	FW Amarr Empire Destroyer	Entity
93092	Detainer Jackdaw	FW Caldari State Destroyer	Entity
93094	State Jackdaw	FW Caldari State Destroyer	Entity
93097	Federation Hecate	FW Gallente Federation Destroyer	Entity
93099	Republic Svipul	FW Minmatar Republic Destroyer	Entity
93100	Keeper Svipul	FW Minmatar Republic Destroyer	Entity
93104	Inspector Hecate	FW Gallente Federation Destroyer	Entity
93143	Prototype 'Pluto' Mining Drone	Mining Drone	Drone
93145	Prototype 'Pluto' Ice Harvesting Drone	Mining Drone	Drone
93155	Equalizer Brutix	Warpath Defenders -  Battlecruisers	Entity
93156	Homeguard Brutix	Warpath Defenders -  Battlecruisers	Entity
93157	Strike Brutix	Warpath Invaders - Battlecruisers	Entity
93158	Intervener Brutix	Warpath Invaders - Battlecruisers	Entity
93159	Arresting Ferox	Warpath Defenders -  Battlecruisers	Entity
93160	Holding Ferox	Warpath Invaders - Battlecruisers	Entity
93161	Security Ferox	Warpath Defenders -  Battlecruisers	Entity
93162	Acquisition Ferox	Warpath Invaders - Battlecruisers	Entity
93163	Righteous Harbinger	Warpath Defenders -  Battlecruisers	Entity
93164	Crusader Harbinger	Warpath Invaders - Battlecruisers	Entity
93165	Contemplative Harbinger	Warpath Defenders -  Battlecruisers	Entity
93166	Proselytizer Harbinger	Warpath Invaders - Battlecruisers	Entity
93167	Shield Hurricane	Warpath Defenders -  Battlecruisers	Entity
93168	Liberator Hurricane	Warpath Invaders - Battlecruisers	Entity
93169	Spiral Hurricane	Warpath Defenders -  Battlecruisers	Entity
93170	Chainbreaker Hurricane	Warpath Invaders - Battlecruisers	Entity
93179	Warpath Complex	Large Collidable Structure	Entity
93180	Warpath Complex	Large Collidable Structure	Entity
93181	Warpath Complex	Large Collidable Structure	Entity
93182	Warpath Complex	Large Collidable Structure	Entity
93189	MIO Anathema	FW Amarr Empire Frigate	Entity
93190	HoR Buzzard	FW Caldari State Frigate	Entity
93191	FIO Helios	FW Gallente Federation Frigate	Entity
93192	RSS Cheetah	FW Minmatar Republic Frigate	Entity
93193	MIO Malediction	FW Amarr Empire Frigate	Entity
93194	MIO Malediction	FW Amarr Empire Frigate	Entity
93195	MIO Malediction	FW Amarr Empire Frigate	Entity
93196	MIO Malediction	FW Amarr Empire Frigate	Entity
93197	HoR Crow	FW Caldari State Frigate	Entity
93198	HoR Crow	FW Caldari State Frigate	Entity
93199	HoR Crow	FW Caldari State Frigate	Entity
93200	HoR Crow	FW Caldari State Frigate	Entity
93201	FIO Ares	FW Gallente Federation Frigate	Entity
93202	FIO Ares	FW Gallente Federation Frigate	Entity
93203	FIO Ares	FW Gallente Federation Frigate	Entity
93204	FIO Ares	FW Gallente Federation Frigate	Entity
93205	RSS Stiletto	FW Minmatar Republic Frigate	Entity
93206	RSS Stiletto	FW Minmatar Republic Frigate	Entity
93207	RSS Stiletto	FW Minmatar Republic Frigate	Entity
93208	RSS Stiletto	FW Minmatar Republic Frigate	Entity
93216	MIO Data Exfiltrater	Spawn Container	Entity
93217	HoR Data Exfiltrater	Spawn Container	Entity
93218	FIO Data Exfiltrater	Spawn Container	Entity
93219	RSS Data Exfiltrater	Spawn Container	Entity
93220	MIO Data Cracker	Spawn Container	Entity
93221	HoR Data Cracker	Spawn Container	Entity
93222	FIO Data Cracker	Spawn Container	Entity
93223	RSS Data Cracker	Spawn Container	Entity
93224	MIO Data Speculator	Spawn Container	Entity
93225	HoR Data Speculator	Spawn Container	Entity
93226	FIO Data Speculator	Spawn Container	Entity
93227	RSS Data Speculator	Spawn Container	Entity
93288	Imperial Providence	FW Amarr Empire Hauler	Entity
93289	State Charon	FW Caldari State Hauler	Entity
93290	Federation Obelisk	FW Gallente Federation Hauler	Entity
93297	Republic Fenrir	FW Minmatar Republic Hauler	Entity
93305	QA Control Zone	Control Point	Entity
93306	Rourke’s Tempest	Warpath Elite Mercenaries - Battleships	Entity
93307	Ortega’s Megathron Navy Issue	Warpath Elite Mercenaries - Battleships	Entity
93308	Imperial Defense Platform	Spawn Container	Entity
93309	Ruud’s Vindicator	Warpath Elite Mercenaries - Battleships	Entity
93312	Rebellion Maelstrom	Irregular Battleship	Entity
93313	Imperial Fighter	Irregular Fighter	Entity
93314	Governor Aeon	Irregular Super Carrier	Entity
93336	Rurik’s Raven	Warpath Elite Mercenaries - Battleships	Entity
93337	Kuma’s Scorpion Navy Issue	Warpath Elite Mercenaries - Battleships	Entity
93338	Thorrun’s Machariel	Warpath Elite Mercenaries - Battleships	Entity
93451	Babout’s Hyperion	Warpath Elite Mercenaries - Battleships	Entity
93452	Razili’s Armageddon Navy Issue	Warpath Elite Mercenaries - Battleships	Entity
93453	Talman’s Bhaalgorn	Warpath Elite Mercenaries - Battleships	Entity
93486	Babout’s Thorax	Warpath Elite Mercenaries - Cruisers	Entity
93487	Razili’s Omen Navy Issue	Warpath Elite Mercenaries - Cruisers	Entity
93488	Ruud’s Vigilant	Warpath Elite Mercenaries - Cruisers	Entity
93489	Rourke’s Rupture	Warpath Elite Mercenaries - Cruisers	Entity
93490	Kuma’s Exequror Navy Issue	Warpath Elite Mercenaries - Cruisers	Entity
93491	Thorrun’s Cynabal	Warpath Elite Mercenaries - Cruisers	Entity
93492	Ortega’s Vexor Navy Issue	Warpath Elite Mercenaries - Cruisers	Entity
93493	Oran’s Arbitrator	Warpath Elite Mercenaries - Cruisers	Entity
93494	Talman’s Ashimmu	Warpath Elite Mercenaries - Cruisers	Entity
93495	Babout’s Incursus	Warpath Elite Mercenaries - Frigates	Entity
93496	Oran’s Executioner	Warpath Elite Mercenaries - Frigates	Entity
93497	Rourke’s Vigil	Warpath Elite Mercenaries - Frigates	Entity
93498	Rurik’s Merlin	Warpath Elite Mercenaries - Frigates	Entity
93503	Equalizer Thorax	Warpath Defenders - Cruisers	Entity
93504	Intervener Thorax	Warpath Invaders - Cruisers	Entity
93505	Homeguard Thorax	Warpath Defenders - Cruisers	Entity
93506	Strike Thorax	Warpath Invaders - Cruisers	Entity
93507	Arresting Moa	Warpath Defenders - Cruisers	Entity
93508	Holding Moa	Warpath Invaders - Cruisers	Entity
93509	Security Moa	Warpath Defenders - Cruisers	Entity
93510	Acquisition Moa	Warpath Invaders - Cruisers	Entity
93511	Righteous Maller	Warpath Defenders - Cruisers	Entity
93512	Crusader Maller	Warpath Invaders - Cruisers	Entity
93513	Contemplative Maller	Warpath Defenders - Cruisers	Entity
93514	Proselytizer Maller	Warpath Invaders - Cruisers	Entity
93515	Spiral Rupture	Warpath Defenders - Cruisers	Entity
93516	Chainbreaker Rupture	Warpath Invaders - Cruisers	Entity
93517	Shield Rupture	Warpath Defenders - Cruisers	Entity
93518	Liberator Rupture	Warpath Invaders - Cruisers	Entity
93519	Equalizer Incursus	Warpath Defenders - Frigates	Entity
93520	Intervener Incursus	Warpath Invaders - Frigates	Entity
93521	Homeguard Incursus	Warpath Defenders - Frigates	Entity
93522	Strike Incursus	Warpath Invaders - Frigates	Entity
93523	Arresting Merlin	Warpath Defenders - Frigates	Entity
93524	Holding Merlin	Warpath Invaders - Frigates	Entity
93525	Security Merlin	Warpath Defenders - Frigates	Entity
93526	Acquisition Merlin	Warpath Invaders - Frigates	Entity
93527	Righteous Punisher	Warpath Defenders - Frigates	Entity
93528	Crusader Punisher	Warpath Invaders - Frigates	Entity
93529	Contemplative Punisher	Warpath Defenders - Frigates	Entity
93530	Proselytizer Punisher	Warpath Invaders - Frigates	Entity
93531	Spiral Rifter	Warpath Defenders - Frigates	Entity
93532	Chainbreaker Rifter	Warpath Invaders - Frigates	Entity
93536	Shield Rifter	Warpath Defenders - Frigates	Entity
93537	Liberator Rifter	Warpath Invaders - Frigates	Entity
93550	Imperial Strategic Databank	Spawn Container	Entity
93551	State Strategic Databank	Spawn Container	Entity
93552	Federal Strategic Databank	Spawn Container	Entity
93554	Republic Strategic Databank	Spawn Container	Entity
93567	Tripwire Node	Large Collidable Structure	Entity
93568	Sentry Node	Large Collidable Structure	Entity
93574	Sentinel Node	Large Collidable Structure	Entity
93575	Siren Node	Spawn Container	Entity
93591	Defending Avatar	Irregular Titan	Entity
93595	Invading Ragnarok	Irregular Titan	Entity
93597	Invading Erebus	Irregular Titan	Entity
93598	Invading Leviathan	Irregular Titan	Entity
93599	Invading Avatar	Irregular Titan	Entity
93613	Defending Leviathan	Irregular Titan	Entity
93614	Defending Erebus	Irregular Titan	Entity
93615	Defending Ragnarok	Irregular Titan	Entity
93618	Imperial Freighter	Irregular Industrial	Entity
93619	State Freighter	Irregular Industrial	Entity
93620	Federal Freighter	Irregular Industrial	Entity
93621	Republic Freighter	Irregular Industrial	Entity
93623	Supply Cache	Spawn Container	Entity
93624	Expansive Supply Cache	Spawn Container	Entity
93625	Fully Stocked Supply Cache	Spawn Container	Entity
93626	Oran’s Apocalypse	Warpath Elite Mercenaries - Battleships	Entity
93627	Lilja’s Typhoon Fleet Issue	Warpath Elite Mercenaries - Battleships	Entity
93630	Imperial Intelligence Databank	Spawn Container	Entity
93631	State Intelligence Databank	Spawn Container	Entity
93632	Federal Intelligence Databank	Spawn Container	Entity
93633	Republic Intelligence Databank	Spawn Container	Entity
93634	Yosuke’s Nightmare	Warpath Elite Mercenaries - Battleships	Entity
93850	Master Security Node	Spawn Container	Entity
93868	Confinement Node	Large Collidable Structure	Entity
93878	Complex Alpha	Spawn Container	Entity
93879	Complex Alpha	Spawn Container	Entity
93880	Complex Alpha	Spawn Container	Entity
93881	Complex Alpha	Spawn Container	Entity
93883	Nuras' Revelation	Irregular Dreadnought	Entity
93884	Rebellion Tempest	Irregular Battleship	Entity
93885	Rebellion Typhoon	Irregular Battleship	Entity
93886	Lilja’s Scythe Fleet Issue	Warpath Elite Mercenaries - Cruisers	Entity
93887	Rurik’s Moa	Warpath Elite Mercenaries - Cruisers	Entity
93888	Federation Erebus	Irregular Titan	Entity
93889	Yosuke’s Phantasm	Warpath Elite Mercenaries - Cruisers	Entity
93896	Supply Cache	Spawn Container	Entity
93897	Expansive Supply Cache	Spawn Container	Entity
93898	Fully Stocked Supply Cache	Spawn Container	Entity
93899	Flagship Naglfar	Irregular Dreadnought	Entity
93900	Executive Defense Cannon	Destructible Sentry Gun	Entity
93937	Megacorp Transport	Irregular Industrial	Entity
93938	Plundering Hauler	Irregular Industrial	Entity
93939	Federation Myrmidon	AIR Holo-Drone Actors	Entity
93940	Federation Megathron	AIR Holo-Drone Actors	Entity
93941	Rebellion Stabber	AIR Holo-Drone Actors	Entity
93942	Rebellion Tornado	AIR Holo-Drone Actors	Entity
93943	Rebellion Maelstrom	AIR Holo-Drone Actors	Entity
93944	Federation Imicus	Irregular Frigate	Entity
93945	Rebellion Thrasher	Irregular Destroyer	Entity
93946	State Cormorant	Irregular Destroyer	Entity
93947	Federation Catalyst	Irregular Destroyer	Entity
93948	Imperial Omen	AIR Holo-Drone Actors	Entity
93949	Imperial Harbinger	AIR Holo-Drone Actors	Entity
93950	Imperial Armageddon	AIR Holo-Drone Actors	Entity
93951	State Moa	AIR Holo-Drone Actors	Entity
93952	Rebellion Slasher	Irregular Frigate	Entity
93953	State Kestrel	Irregular Frigate	Entity
93954	State Drake	AIR Holo-Drone Actors	Entity
93955	State Raven	AIR Holo-Drone Actors	Entity
93956	Federation Vexor	AIR Holo-Drone Actors	Entity
93958	Disruptor Maulus	Irregular Frigate	Entity
93960	Minmatar Occupied Stargate	Large Collidable Structure	Entity
93963	'Aergia' Hobgoblin SW-300	Stasis Webifying Drone	Drone
94028	Gallente Occupied Stargate	Large Collidable Structure	Entity
94029	Caldari Occupied Stargate	Large Collidable Structure	Entity
94030	Amarr Occupied Stargate	Large Collidable Structure	Entity
94170	EverMore Fleet Sergeant	Faction Drone	Entity
94171	EverMore Fleet General	Faction Drone	Entity
94172	EverMore Fleet Major	Faction Drone	Entity
94173	EverMore Police Captain	Police Drone	Entity
94174	EverMore Police Major	Police Drone	Entity
94175	EverMore Police Sergeant	Police Drone	Entity
94176	EverMore Customs Major	Customs Official	Entity
94177	EverMore Customs Official	Customs Official	Entity
95328	AEGIS Squall	Vanguard Entities	Entity
95348	Research Vault	Spawn Container	Entity
95350	AEGIS Security Platform	Large Collidable Structure	Entity
95351	Kairiola	Irregular Carrier	Entity
95381	Nemesis Test Center	Large Collidable Structure	Entity
95383	Nemesis Research Outpost	Large Collidable Structure	Entity
95385	Surveillance Vault	Spawn Container	Entity
95390	Surveillance Vault	Spawn Container	Entity
95428	Sentry Rifter	Irregular Frigate	Entity
95429	Inspector Slasher	Irregular Frigate	Entity
95430	Inspector Firetail	Irregular Frigate	Entity
95431	Sentry Corax	Irregular Destroyer	Entity
95432	Clandestine Corax	Irregular Destroyer	Entity
95433	Clandestine Cormorant Navy Issue	Irregular Destroyer	Entity
95434	Sentry Thorax	Irregular Cruiser	Entity
95435	Sheriff Celestis	Irregular Cruiser	Entity
95436	Sheriff Vexor Navy Issue	Irregular Cruiser	Entity
95437	Sentry Oracle	Irregular Battlecruiser	Entity
95438	Regulator Prophecy	Irregular Battlecruiser	Entity
95439	Regulator Harbinger Navy Issue	Irregular Battlecruiser	Entity
95440	Deputy Director Maelstrom	Irregular Battleship	Entity
95441	Deputy Director Rokh	Irregular Battleship	Entity
95442	Deputy Director Hyperion	Irregular Battleship	Entity
95485	Deputy Director Apocalypse	Irregular Battleship	Entity
95502	Director Thunderchild	Irregular Battleship	Entity
95660	Aralez	Irregular Drone	Entity
95741	Akoman	Attack Battlecruiser	Ship
95900	♦ Hurricane	FW Minmatar Republic Battlecruiser	Entity
95901	♦ Stabber	FW Minmatar Republic Cruiser	Entity
95902	♦ Firetail	FW Minmatar Republic Frigate	Entity
95903	♦ Mammoth	FW Minmatar Republic Hauler	Entity
95904	♦ Fenrir	FW Minmatar Republic Hauler	Entity
95946	Thukker Firetail	FW Minmatar Republic Frigate	Entity
95947	Sebiestor Firetail	FW Minmatar Republic Frigate	Entity
95948	Nefantar Firetail	FW Minmatar Republic Frigate	Entity
95949	Krusual Firetail	FW Minmatar Republic Frigate	Entity
95950	Starkmanir Firetail	FW Minmatar Republic Frigate	Entity
95951	Vherokior Firetail	FW Minmatar Republic Frigate	Entity
95952	Brutor Firetail	FW Minmatar Republic Frigate	Entity
95953	Thukker Stabber	FW Minmatar Republic Cruiser	Entity
95954	Sebiestor Stabber	FW Minmatar Republic Cruiser	Entity
95955	Krusual Stabber	FW Minmatar Republic Cruiser	Entity
95956	Vherokior Stabber	FW Minmatar Republic Cruiser	Entity
95957	Starkmanir Stabber	FW Minmatar Republic Cruiser	Entity
95958	Brutor Stabber	FW Minmatar Republic Cruiser	Entity
95959	Nefantar Stabber	FW Minmatar Republic Cruiser	Entity
95960	Thukker Hurricane	FW Minmatar Republic Battlecruiser	Entity
95961	Sebiestor Hurricane	FW Minmatar Republic Battlecruiser	Entity
95962	Krusual Hurricane	FW Minmatar Republic Battlecruiser	Entity
95963	Vherokior Hurricane	FW Minmatar Republic Battlecruiser	Entity
95964	Starkmanir Hurricane	FW Minmatar Republic Battlecruiser	Entity
95965	Brutor Hurricane	FW Minmatar Republic Battlecruiser	Entity
95966	Nefantar Hurricane	FW Minmatar Republic Battlecruiser	Entity
96032	Infested Naglfar	Fabricator Rogue Drone Dreadnought	Entity
96278	Hypnosian Upholder	Sleeper Entities	Entity
96281	Proven Overmind	Rogue Drone Entities	Entity
96284	Repelling Drekavac	Triglavian Entities	Entity
96323	Unresolved Bioadaptive Cache	Spawn Container	Entity
96324	CH Old Content Special Can - Tetrimon	Spawn Container	Entity
97262	Criterion Cache	Irregular Structure	Entity
97288	Superior Drekavac	Triglavian Entities	Entity
97290	Superior Leshak	Triglavian Entities	Entity
97310	Zorya's Babaroga	Triglavian Entities	Entity
97468	Renouncer Retribution	FW Amarr Empire Frigate	Entity
97469	Detainer Harpy	FW Caldari State Frigate	Entity
97470	Inspector Enyo	FW Gallente Federation Frigate	Entity
97471	Keeper Wolf	FW Minmatar Republic Frigate	Entity
97487	Sleepless Defender	Deadspace Sleeper Sleepless Defender	Entity
97488	Emergent Preserver	Deadspace Sleeper Emergent Defender	Entity
97489	Emergent Upholder	Deadspace Sleeper Emergent Defender	Entity
97490	Sleepless Preserver	Deadspace Sleeper Sleepless Defender	Entity
97491	Emergent Escort	Deadspace Sleeper Emergent Patroller	Entity
97492	Awakened Escort	Deadspace Sleeper Awakened Patroller	Entity
97493	Emergent Patroller	Deadspace Sleeper Emergent Patroller	Entity
97494	Awakened Patroller	Deadspace Sleeper Awakened Patroller	Entity
97497	Awakened Watchman	Deadspace Sleeper Awakened Patroller	Entity
97498	Emergent Watchman	Deadspace Sleeper Emergent Patroller	Entity
97499	Sleepless Patroller	Deadspace Sleeper Sleepless Patroller	Entity
97500	Sleepless Watchman	Deadspace Sleeper Sleepless Patroller	Entity
97501	Sleepless Escort	Deadspace Sleeper Sleepless Patroller	Entity
97502	Sleepless Outguard	Deadspace Sleeper Sleepless Patroller	Entity
97503	Awakened Defender	Deadspace Sleeper Awakened Defender	Entity
97504	Awakened Upholder	Deadspace Sleeper Awakened Defender	Entity
97505	Awakened Preserver	Deadspace Sleeper Awakened Defender	Entity
97506	Sleepless Upholder	Deadspace Sleeper Sleepless Defender	Entity
97507	Emergent Defender	Deadspace Sleeper Emergent Defender	Entity
